[16mai.2026 10:47:12.714] [main/INFO] [cpw.mods.modlauncher.Launcher/MODLAUNCHER]: ModLauncher running: args [--launchTarget, forgeserver, --fml.forgeVersion, 47.4.10, --fml.mcVersion, 1.20.1, --fml.forgeGroup, net.minecraftforge, --fml.mcpVersion, 20230612.114412, --nogui]
[16mai.2026 10:47:12.716] [main/INFO] [cpw.mods.modlauncher.Launcher/MODLAUNCHER]: ModLauncher 10.0.9+10.0.9+main.dcd20f30 starting: java version 25.0.3 by Azul Systems, Inc.; OS Mac OS X arch aarch64 version 15.7.2
[16mai.2026 10:47:13.874] [main/INFO] [net.minecraftforge.fml.loading.ImmediateWindowHandler/]: ImmediateWindowProvider not loading because launch target is forgeserver
[16mai.2026 10:47:13.879] [main/INFO] [mixin-transmog/]: Mixin Transmogrifier is definitely up to no good...
[16mai.2026 10:47:13.898] [main/INFO] [mixin-transmog/]: crimes against java were committed
[16mai.2026 10:47:13.910] [main/INFO] [mixin-transmog/]: Original mixin transformation service successfully crobbed by mixin-transmogrifier!
[16mai.2026 10:47:13.937] [main/INFO] [mixin/]: SpongePowered MIXIN Subsystem Version=0.8.5 Source=union:/Users/mac407/Desktop/server-files-ModpackResenheiro/mods/Connector-1.0.0-beta.48+1.20.1.jar%23285%23288!/ Service=ModLauncher Env=SERVER
[16mai.2026 10:47:14.304] [main/WARN] [net.minecraftforge.fml.loading.moddiscovery.ModFileParser/LOADING]: Mod file /Users/mac407/Desktop/server-files-ModpackResenheiro/libraries/net/minecraftforge/fmlcore/1.20.1-47.4.10/fmlcore-1.20.1-47.4.10.jar is missing mods.toml file
[16mai.2026 10:47:14.304] [main/WARN] [net.minecraftforge.fml.loading.moddiscovery.ModFileParser/LOADING]: Mod file /Users/mac407/Desktop/server-files-ModpackResenheiro/libraries/net/minecraftforge/javafmllanguage/1.20.1-47.4.10/javafmllanguage-1.20.1-47.4.10.jar is missing mods.toml file
[16mai.2026 10:47:14.305] [main/WARN] [net.minecraftforge.fml.loading.moddiscovery.ModFileParser/LOADING]: Mod file /Users/mac407/Desktop/server-files-ModpackResenheiro/libraries/net/minecraftforge/lowcodelanguage/1.20.1-47.4.10/lowcodelanguage-1.20.1-47.4.10.jar is missing mods.toml file
[16mai.2026 10:47:14.305] [main/WARN] [net.minecraftforge.fml.loading.moddiscovery.ModFileParser/LOADING]: Mod file /Users/mac407/Desktop/server-files-ModpackResenheiro/libraries/net/minecraftforge/mclanguage/1.20.1-47.4.10/mclanguage-1.20.1-47.4.10.jar is missing mods.toml file
[16mai.2026 10:47:14.861] [main/WARN] [net.minecraftforge.jarjar.selection.JarSelector/]: Attempted to select a dependency jar for JarJar which was passed in as source: geckolib. Using Mod File: /Users/mac407/Desktop/server-files-ModpackResenheiro/mods/geckolib-forge-1.20.1-4.8.3.jar
[16mai.2026 10:47:14.862] [main/INFO] [net.minecraftforge.fml.loading.moddiscovery.JarInJarDependencyLocator/]: Found 102 dependencies adding them to mods collection
[16mai.2026 10:47:15.495] [main/INFO] [org.sinytra.connector.locator.DependencyResolver/]: Dependency resolution found 0 candidates to load
[16mai.2026 10:47:16.630] [main/INFO] [org.sinytra.connector.service.hacks.ModuleLayerMigrator/]: Successfully made module authlib transformable
[16mai.2026 10:47:17.577] [main/INFO] [mixin/]: Compatibility level set to JAVA_17
[16mai.2026 10:47:17.808] [main/INFO] [mixin/]: Successfully loaded Mixin Connector [com.aizistral.enigmaticlegacy.MixinConnector]
[16mai.2026 10:47:17.816] [main/INFO] [cpw.mods.modlauncher.LaunchServiceHandler/MODLAUNCHER]: Launching target 'forgeserver' with arguments [--nogui]
[16mai.2026 10:47:17.833] [main/INFO] [com.abdelaziz.saturn.common.Saturn/]: Loaded Saturn config file with 4 configurable options
[16mai.2026 10:47:17.898] [main/INFO] [ModernFix/]: Loaded configuration file for ModernFix 5.27.12+mc1.20.1: 108 options available, 0 override(s) found
[16mai.2026 10:47:17.899] [main/INFO] [ModernFix/]: Applying Nashorn fix
[16mai.2026 10:47:17.909] [main/INFO] [ModernFix/]: Applied Forge config corruption patch
[16mai.2026 10:47:17.961] [main/INFO] [Radium Config/]: Loaded configuration file for Radium: 125 options available, 1 override(s) found
[16mai.2026 10:47:17.975] [main/WARN] [mixin/]: Reference map 'puzzlesaccessapi.common.refmap.json' for puzzlesaccessapi.common.mixins.json could not be read. If this is a development environment you can ignore this message
[16mai.2026 10:47:18.017] [main/INFO] [Embeddium Extra/]: Loaded configuration file for Sodium Extra: 35 options available, 0 override(s) found
[16mai.2026 10:47:18.035] [main/INFO] [Puzzles Lib/]: Loading 257 mods:
	- accessories 1.0.0-beta48+1.20.1
	- ae2 15.4.10
	- ae2wtlib 15.3.3-forge
	- aiimprovements 0.5.2
	- aiotbotania 1.20.1-4.0.8
	- alexsmobs 1.22.9
	- alltheleaks 1.1.1+1.20.1-forge
		\-- mixinsquared 0.3.6-beta.1
	- allthemodium 2.5.7
	- alltheores 2.2.4
	- allthewizardgear 1.20.1-1.1.12
	- almanac 1.0.2
	- apotheosis 7.4.8
	- aquaculture 2.5.7
	- aquaculturedelight 1.1.0
	- architectury 9.2.14
	- ars_additions 1.20.1-1.6.7
	- ars_creo 4.3.0
	- ars_elemental 0.6.7.9
	- ars_nouveau 4.12.7
	- ars_ocultas 1.2.2
	- arsdelight 1.2.0
		\-- l2library 2.5.1
	- artifacts 9.5.19
		\-- expandability 9.0.4
	- artifactscrafting 1.0.1
	- athena 3.1.2
	- attributefix 21.0.5
	- attributeslib 1.3.7
	- balm 7.3.38
		\-- kuma_api 20.1.12
	- bellsandwhistles 0.4.3-1.20.x
	- bettercaves 1.20.1-Forge-2.0.5
	- betterdeserttemples 1.20-Forge-3.0.3
	- betterdungeons 1.20-Forge-4.0.4
	- betterendisland 1.20-Forge-2.0.6
	- betterfortresses 1.20-Forge-2.0.6
	- betterjungletemples 1.20-Forge-2.0.5
	- bettermineshafts 1.20-Forge-4.0.4
	- betterstrongholds 1.20-Forge-4.0.3
	- bigreactors 1.20.1-2.0.84
	- bookshelf 20.2.15
	- botania 1.20.1-452-FORGE
	- botanypots 13.0.43
	- botanypotstiers 6.0.1
	- botanytrees 9.0.20
	- bountifulbaubles 1.6.3
	- caelus 3.2.0+1.20.1
	- celestisynth 1.20.1-1.3.4
	- chipped 3.0.7
	- chloride 1.7.5
	- chunky 1.3.146
	- citadel 2.6.3
	- cloth_config 11.1.136
	- clumps 12.0.0.4
	- connectedglass 1.1.14
	- connectivity 1.20.1-7.6
	- connectorextras 1.11.2+1.20.1
		|-- amecsapi 1.5.3+mc1.20-pre1
		|-- connectorextras_architectury_bridge 1.11.2+1.20.1
		|-- connectorextras_emi_bridge 1.11.2+1.20.1
		|-- connectorextras_energy_bridge 1.11.2+1.20.1
		|-- connectorextras_geckolib_fabric_compat 1.11.2+1.20.1
		|-- connectorextras_jei_bridge 1.11.2+1.20.1
		|-- connectorextras_kubejs_bridge 1.11.2+1.20.1
		|-- connectorextras_modmenu_bridge 1.11.2+1.20.1
			\-- modmenu 7.2.2
		|-- connectorextras_pehkui_bridge 1.11.2+1.20.1
		|-- connectorextras_rei_bridge 1.11.2+1.20.1
		|-- connectorextras_terrablender_bridge 1.11.2+1.20.1
		|-- forgeconfigapiport 8.0.0
		\-- reach_entity_attributes 2.4.0
	- connectormod 1.0.0-beta.48+1.20.1
	- constructionwand 1.20.1-2.11
	- controlling 12.0.2
	- cookingforblockheads 16.0.15
	- copycats 3.0.7+mc.1.20.1-forge
	- corpse 1.20.1-1.0.23
	- cosmeticarmorreworked 1.20.1-v1a
	- create 6.0.8
		|-- flywheel 1.0.5
		\-- ponder 1.0.91
	- createaddition 1.20.1-1.3.3
	- createestrogen 1.0.1+1.20.1
	- ctov 3.4.14
	- cucumber 7.0.16
	- cupboard 1.20.1-3.7
	- curios 5.14.1+1.20.1
	- cynosure 0.1.16
		\-- kritter 0.1.12+1.20.1
	- dreadsteel 1.20.1-1.2.0
	- dummmmmmy 1.20-2.0.11
	- dungeons_enhanced 5.4.3
	- dynamiclights 1.9+mod
	- elevatorid 1.20.1-1.9.1-forge
	- embeddium_extra 0.5.4.4+mc1.20.1-build.131
	- enderio 6.2.18-beta
	- endersdelight 1.1.3
	- ends_delight 2.5.1+forge.1.20.1
	- enigmaticaddons 1.2.5
	- enigmaticlegacy 2.30.1
	- estrogen 5.0.8+1.20.1
		|-- baubly 1.0.1
		|-- botarium 2.3.4
		|-- kittyconfig 1.2.16
		\-- kittynetworking 0.1.29
	- explorerscompass 1.20.1-1.4.0-forge
	- fabric_api 0.92.6+1.11.14+1.20.1
		|-- fabric_api_base 0.4.32+ef105b4977
		|-- fabric_api_lookup_api_v1 1.6.37+67f9824077
		|-- fabric_biome_api_v1 13.0.14+dc36698e77
		|-- fabric_block_api_v1 1.0.12+0e6cb7f777
		|-- fabric_block_view_api_v2 1.0.3+53347ba977
		|-- fabric_blockrenderlayer_v1 1.1.42+1d0da21e77
		|-- fabric_client_tags_api_v1 1.1.3+5d6761b877
		|-- fabric_command_api_v1 1.2.35+f71b366f77
		|-- fabric_command_api_v2 2.2.14+561530ec77
		|-- fabric_content_registries_v0 4.0.13+a670df1e77
		|-- fabric_convention_tags_v1 1.5.6+fa3d1c0177
		|-- fabric_data_attachment_api_v1 1.0.2+30ef839e77
		|-- fabric_data_generation_api_v1 12.3.7+369cb3a477
		|-- fabric_dimensions_v1 2.1.55+8005d10d77
		|-- fabric_entity_events_v1 1.6.1+4ca7515277
		|-- fabric_events_interaction_v0 0.6.5+0f26153f77
		|-- fabric_game_rule_api_v1 1.0.41+683d4da877
		|-- fabric_item_api_v1 2.1.29+4d0bbcfa77
		|-- fabric_item_group_api_v1 4.0.14+c9161c2d77
		|-- fabric_key_binding_api_v1 1.0.38+561530ec77
		|-- fabric_lifecycle_events_v1 2.2.23+afab492177
		|-- fabric_loot_api_v2 1.2.3+eb28f93e77
		|-- fabric_message_api_v1 5.1.10+52cc178c77
		|-- fabric_mining_level_api_v1 2.1.52+561530ec77
		|-- fabric_model_loading_api_v1 1.0.4+6274ab9d77
		|-- fabric_models_v0 0.4.3+7c3892a477
		|-- fabric_networking_api_v1 1.3.14+fb7c822677
		|-- fabric_object_builder_api_v1 11.1.5+f8c414ce77
		|-- fabric_particles_v1 1.1.3+78e1ecb877
		|-- fabric_recipe_api_v1 1.0.24+514a076577
		|-- fabric_registry_sync_v0 2.3.6+1c0ea72177
		|-- fabric_renderer_api_v1 3.2.2+cf68abbe77
		|-- fabric_renderer_indigo 1.5.3+b5b2da4177
		|-- fabric_rendering_data_attachment_v1 0.3.39+a6081afc77
		|-- fabric_rendering_fluids_v1 3.0.29+4ac5e37a77
		|-- fabric_rendering_v1 3.0.9+66e9a48f77
		|-- fabric_resource_conditions_api_v1 2.3.9+996d00b277
		|-- fabric_resource_loader_v0 0.11.12+4b4151c077
		|-- fabric_screen_api_v1 2.0.9+45a670a577
		|-- fabric_screen_handler_api_v1 1.3.33+561530ec77
		|-- fabric_sound_api_v1 1.0.14+4f23bd8477
		|-- fabric_transfer_api_v1 3.3.6+631c9cd677
		\-- fabric_transitive_access_wideners_v1 4.3.2+1880499877
	- farmersdelight 1.20.1-1.3.0
	- fastbench 8.0.4
	- fastfurnace 8.0.2
	- fastitemframes 20.1.5
	- fastleafdecay 32
	- fastsuite 5.1.2
	- ferritecore 6.0.1
	- fluxnetworks 7.2.1.15
	- forge 47.4.10
	- framedblocks 9.4.3
	- ftblibrary 2001.2.12
	- ftbultimine 2001.1.8
	- functionalstorage 1.20.1-1.2.13
	- fusion 1.2.12
	- geckolib 4.8.3
	- guideme 20.1.14
	- iceandfire 2.1.13-1.20.1
	- immersive_paintings 0.6.11+1.20.1
	- industrialforegoing 3.5.22
	- ironchest 1.20.1-14.4.4
	- ironfurnaces 4.1.8
	- ironjetpacks 7.0.9
	- irons_lib 1.20.1-1.0.2
	- irons_spellbooks 1.20.1-3.15.6
	- kotlinforforge 4.12.0
	- krypton 0.2.3
	- kubejs 2001.6.5-build.26
	- letmedespawn 1.5.0
	- lithostitched 1.4.11
	- lootr 0.7.35.94
	- magistuarmory 10.11
	- mcwdoors 1.1.5
	- mcwfences 1.2.1
	- mcwfurnitures 3.4.1
	- mcwholidays 1.1.2
	- mcwlights 1.1.5
	- mcwpaintings 1.1.0
	- mcwtrpdoors 1.1.5
	- mekanism 10.4.16
	- mekanismadditions 10.4.16
	- mekanismgenerators 10.4.16
	- mekanismtools 10.4.16
	- memorysettings 1.20.1-6.0
	- minecraft 1.20.1
	- mob_grinding_utils 1.20.1-1.1.0
	- modernfix 5.27.12+mc1.20.1
	- modonomicon 1.79.3
	- moonlight 1.20-2.16.30
	- mr_blooming_biosphere 1.1.0
	- mr_dungeons_andtaverns 3.0.3.f
	- naturescompass 1.20.1-1.12.0-forge
	- observable 4.4.2
	- occultism 1.157.0
	- oceansdelight 1.0.2-1.20
	- octolib 0.5.0.1
	- paraglider 20.1.3
	- patchouli 1.20.1-85-FORGE
	- pipez 1.20.1-1.2.26
	- placebo 8.6.3
	- playeranimator 1.0.2-rc1+1.20
	- polymorph 0.49.10+1.20.1
		\-- spectrelib 0.13.17+1.20.1
	- powah 5.0.11
	- productivebees 1.20.1-12.6.0
		\-- productivelib 1.20.1-0.0.4
	- puzzleslib 8.1.33
		\-- puzzlesaccessapi 20.1.1
	- pylons 4.3.0
	- radium 0.12.4+git.26c9d8e
	- railways 1.7.2+forge-mc1.20.1
	- rarcompat 0.5
	- rats 1.20.1-8.1.3
	- rechiseled 1.2.4
	- rechiseled_chipped 1.2
	- relics 0.8.0.13
	- resourcefullib 2.1.29
	- rhino 2001.2.3-build.10
	- saturn 0.1.3
	- shadowizardlib 1.20.1-1.3.1
	- silentcompat 1.4.0
	- silentgear 3.6.7
	- silentlib 8.0.0
	- simplebackups 1.20.1-3.1.24
	- simplehats 0.4.0a
	- skilltree 0.7.4
	- skinrestorer 2.7.0+1.20-forge
	- smartbrainlib 1.15
	- sophisticatedbackpacks 3.24.35.1675
	- sophisticatedcore 1.3.26.1759
	- sophisticatedstorage 1.4.41.1679
	- stonycliffs 1.1.2
	- storagedrawers 12.14.3
	- structure_gel 2.16.2
	- structureessentials 1.20.1-5.0
	- supermartijn642configlib 1.1.8
	- supermartijn642corelib 1.1.21
	- tectonic 3.0.17
	- terrablender 3.0.1.10
	- terralith 2.5.4
	- tiab 4.0.4-mc1.20.1
	- titanium 3.8.34
	- toms_storage 1.7.1
	- torchmaster 20.1.9
	- trashcans 1.0.18b
	- waystones 14.1.20
	- yungsapi 1.20-Forge-4.0.6
	- zerocore 1.20.1-2.1.45
[16mai.2026 10:47:18.097] [main/WARN] [mixin/]: Reference map 'cookingforblockheads.refmap.json' for cookingforblockheads.mixins.json could not be read. If this is a development environment you can ignore this message
[16mai.2026 10:47:18.104] [main/WARN] [mixin/]: Reference map 'fastitemframes.forge.refmap.json' for fastitemframes.forge.mixins.json could not be read. If this is a development environment you can ignore this message
[16mai.2026 10:47:18.142] [main/WARN] [mixin/]: Reference map 'ars_creo.refmap.json' for ars_creo.mixins.json could not be read. If this is a development environment you can ignore this message
[16mai.2026 10:47:18.146] [main/WARN] [mixin/]: Reference map 'cynosure.refmap.json' for cynosure.mixins.json could not be read. If this is a development environment you can ignore this message
[16mai.2026 10:47:18.172] [main/WARN] [mixin/]: Reference map 'modonomicon.refmap.json' for modonomicon.mixins.json could not be read. If this is a development environment you can ignore this message
[16mai.2026 10:47:18.173] [main/WARN] [mixin/]: Reference map 'modonomicon.refmap.json' for modonomicon.forge.mixins.json could not be read. If this is a development environment you can ignore this message
[16mai.2026 10:47:18.193] [main/WARN] [mixin/]: Reference map '' for adapter.init.mixins.json could not be read. If this is a development environment you can ignore this message
[16mai.2026 10:47:18.728] [main/INFO] [net.minecraftforge.coremod.CoreMod.apotheosis/COREMODLOG]: Replaced 2 calls to Enchantment#getMaxLevel() in net/minecraft/world/inventory/AnvilMenu
[16mai.2026 10:47:18.736] [main/WARN] [mixin/]: Error loading class: org/violetmoon/quark/content/tweaks/module/GoldToolsHaveFortuneModule (java.lang.ClassNotFoundException: org.violetmoon.quark.content.tweaks.module.GoldToolsHaveFortuneModule)
[16mai.2026 10:47:18.742] [main/INFO] [net.minecraftforge.coremod.CoreMod.placebo/COREMODLOG]: Patching IForgeItemStack#getEnchantmentLevel
[16mai.2026 10:47:18.748] [main/INFO] [net.minecraftforge.coremod.CoreMod.placebo/COREMODLOG]: Patching IForgeItemStack#getEnchantmentLevel
[16mai.2026 10:47:18.756] [main/INFO] [net.minecraftforge.coremod.CoreMod.placebo/COREMODLOG]: Patching IForgeItemStack#getEnchantmentLevel
[16mai.2026 10:47:18.757] [main/INFO] [net.minecraftforge.coremod.CoreMod.placebo/COREMODLOG]: Patching IForgeItemStack#getEnchantmentLevel
[16mai.2026 10:47:18.771] [main/ERROR] [net.minecraftforge.fml.loading.RuntimeDistCleaner/DISTXFORM]: Attempted to load class net/minecraft/client/MouseHandler for invalid dist DEDICATED_SERVER
[16mai.2026 10:47:18.771] [main/WARN] [mixin/]: Error loading class: net/minecraft/client/MouseHandler (java.lang.RuntimeException: Attempted to load class net/minecraft/client/MouseHandler for invalid dist DEDICATED_SERVER)
[16mai.2026 10:47:18.772] [main/WARN] [mixin/]: @Mixin target net.minecraft.client.MouseHandler was not found fabric-screen-api-v1.mixins.json:MouseMixin from mod fabric_screen_api_v1
[16mai.2026 10:47:18.773] [main/ERROR] [net.minecraftforge.fml.loading.RuntimeDistCleaner/DISTXFORM]: Attempted to load class net/minecraft/client/gui/screens/Screen for invalid dist DEDICATED_SERVER
[16mai.2026 10:47:18.773] [main/WARN] [mixin/]: Error loading class: net/minecraft/client/gui/screens/Screen (java.lang.RuntimeException: Attempted to load class net/minecraft/client/gui/screens/Screen for invalid dist DEDICATED_SERVER)
[16mai.2026 10:47:18.773] [main/WARN] [mixin/]: @Mixin target net.minecraft.client.gui.screens.Screen was not found fabric-screen-api-v1.mixins.json:ScreenAccessor from mod fabric_screen_api_v1
[16mai.2026 10:47:18.887] [main/ERROR] [net.minecraftforge.fml.loading.RuntimeDistCleaner/DISTXFORM]: Attempted to load class net/minecraft/client/renderer/LevelRenderer for invalid dist DEDICATED_SERVER
[16mai.2026 10:47:18.888] [main/WARN] [mixin/]: Error loading class: net/minecraft/client/renderer/LevelRenderer (java.lang.RuntimeException: Attempted to load class net/minecraft/client/renderer/LevelRenderer for invalid dist DEDICATED_SERVER)
[16mai.2026 10:47:18.888] [main/WARN] [mixin/]: @Mixin target net.minecraft.client.renderer.LevelRenderer was not found accessories-common.mixins.json:LevelRendererAccessor from mod accessories
[16mai.2026 10:47:18.911] [main/WARN] [Radium Config/]: Force-disabling mixin 'alloc.blockstate.StateMixin' as option 'mixin.alloc.blockstate' (added by mods [ferritecore]) disables it and children
[16mai.2026 10:47:18.967] [main/ERROR] [net.minecraftforge.fml.loading.RuntimeDistCleaner/DISTXFORM]: Attempted to load class net/minecraft/client/renderer/entity/player/PlayerRenderer for invalid dist DEDICATED_SERVER
[16mai.2026 10:47:18.967] [main/WARN] [mixin/]: Error loading class: net/minecraft/client/renderer/entity/player/PlayerRenderer (java.lang.RuntimeException: Attempted to load class net/minecraft/client/renderer/entity/player/PlayerRenderer for invalid dist DEDICATED_SERVER)
[16mai.2026 10:47:18.967] [main/WARN] [mixin/]: @Mixin target net.minecraft.client.renderer.entity.player.PlayerRenderer was not found bountifulbaubles.mixins.json:PlayerRendererMixin from mod bountifulbaubles
[16mai.2026 10:47:18.989] [main/INFO] [AllTheLeaks/]: Class dev.uncandango.alltheleaks.leaks.common.mods.productivebees.UntrackedIssue001 will be loaded as it matches versions: 1.20.1-12.6.0 in [1.20.1-12.6.0,)
[16mai.2026 10:47:18.989] [main/INFO] [AllTheLeaks/]: Class dev.uncandango.alltheleaks.leaks.common.mods.occultism.UntrackedIssue001 will be loaded as it matches versions: 1.157.0 in [1.80.7,)
[16mai.2026 10:47:18.989] [main/INFO] [AllTheLeaks/]: Mixins added to allowed list: [main.OccultismCapabilitiesMixin]
[16mai.2026 10:47:18.989] [main/INFO] [AllTheLeaks/]: Class dev.uncandango.alltheleaks.leaks.common.mods.moonlight.UntrackedIssue001 will be loaded as it matches versions: 1.20-2.16.30 in [1.20-2.13.32,)
[16mai.2026 10:47:18.989] [main/INFO] [AllTheLeaks/]: Mixins added to allowed list: [main.FakeLevelManagerMixin]
[16mai.2026 10:47:18.989] [main/INFO] [AllTheLeaks/]: Class dev.uncandango.alltheleaks.leaks.common.mods.minecraft.UntrackedIssue002 will be loaded as it matches versions: 1.20.1 in 1.20.1
[16mai.2026 10:47:18.989] [main/INFO] [AllTheLeaks/]: Mixins added to allowed list: [main.EntityTickListMixin]
[16mai.2026 10:47:18.989] [main/INFO] [AllTheLeaks/]: Class dev.uncandango.alltheleaks.leaks.common.mods.minecraft.UntrackedIssue001 will be loaded as it matches versions: 1.20.1 in 1.20.1
[16mai.2026 10:47:18.990] [main/INFO] [AllTheLeaks/]: Class dev.uncandango.alltheleaks.leaks.common.mods.irons_spellbooks.UntrackedIssue001 will be loaded as it matches versions: 1.20.1-3.15.6 in [1.20.1-3.4.0,)
[16mai.2026 10:47:18.990] [main/INFO] [AllTheLeaks/]: Mixins added to allowed list: [main.ServerPlayerEventsMixin]
[16mai.2026 10:47:18.990] [main/INFO] [AllTheLeaks/]: Class dev.uncandango.alltheleaks.leaks.common.mods.forge.UntrackedIssue002 will be loaded as it matches versions: 47.4.10 in [47.2,)
[16mai.2026 10:47:18.990] [main/INFO] [AllTheLeaks/]: Mixins added to allowed list: [accessor.FakePlayerNetHandlerAccessor, accessor.ConnectionAccessor]
[16mai.2026 10:47:18.990] [main/INFO] [AllTheLeaks/]: Class dev.uncandango.alltheleaks.leaks.common.mods.forge.UntrackedIssue001 will be loaded as it matches versions: 47.4.10 in [47.2,)
[16mai.2026 10:47:18.990] [main/INFO] [AllTheLeaks/]: Mixins added to allowed list: [main.ServerPlayerMixin, main.PlayerListMixin, accessor.PlayerAdvancementsAccessor]
[16mai.2026 10:47:18.990] [main/INFO] [AllTheLeaks/]: Class dev.uncandango.alltheleaks.leaks.common.mods.forge.Issue39 will be loaded as it matches versions: 47.4.10 in [47.2,)
[16mai.2026 10:47:18.990] [main/INFO] [AllTheLeaks/]: Class dev.uncandango.alltheleaks.leaks.common.mods.forge.Issue10684 will be loaded as it matches versions: 47.4.10 in *
[16mai.2026 10:47:18.990] [main/INFO] [AllTheLeaks/]: Class dev.uncandango.alltheleaks.leaks.common.mods.curios.UntrackedIssue001 will be loaded as it matches versions: 5.14.1+1.20.1 in [5.9.1,)
[16mai.2026 10:47:18.990] [main/INFO] [AllTheLeaks/]: Mixins added to allowed list: [main.CuriosEventHandlerMixin]
[16mai.2026 10:47:18.990] [main/INFO] [AllTheLeaks/]: Class dev.uncandango.alltheleaks.leaks.common.mods.create.UntrackedIssue001 will be loaded as it matches versions: 6.0.8 in [0.5.1.c,)
[16mai.2026 10:47:18.990] [main/INFO] [AllTheLeaks/]: Mixins added to allowed list: [accessor.ExtendoGripItemAccessor]
[16mai.2026 10:47:18.991] [main/INFO] [AllTheLeaks/]: Class dev.uncandango.alltheleaks.leaks.common.mods.citadel.UntrackedIssue001 will be loaded as it matches versions: 2.6.3 in [2.5.4,)
[16mai.2026 10:47:18.991] [main/INFO] [AllTheLeaks/]: Class dev.uncandango.alltheleaks.leaks.common.mods.ars_nouveau.UntrackedIssue003 will be loaded as it matches versions: 4.12.7 in *
[16mai.2026 10:47:18.991] [main/INFO] [AllTheLeaks/]: Mixins added to allowed list: [accessor.ConnectionAccessor]
[16mai.2026 10:47:18.991] [main/INFO] [AllTheLeaks/]: Class dev.uncandango.alltheleaks.leaks.common.mods.architectury.UntrackedIssue001 will be loaded as it matches versions: 9.2.14 in [9.0.8,)
[16mai.2026 10:47:18.991] [main/INFO] [AllTheLeaks/]: Class dev.uncandango.alltheleaks.leaks.common.mods.alexsmobs.Issue2165 will be loaded as it matches versions: 1.22.9 in [1.22.5,)
[16mai.2026 10:47:18.991] [main/INFO] [AllTheLeaks/]: Class dev.uncandango.alltheleaks.leaks.common.mods.ae2wtlib.UntrackedIssue001 will be loaded as it matches versions: 15.3.3-forge in [15.2.3,)
[16mai.2026 10:47:18.993] [main/INFO] [AllTheLeaks/]: Class dev.uncandango.alltheleaks.fix.common.mods.productivebees.FixItemStackCopy will be loaded as it matches versions: 1.20.1-12.6.0 in *
[16mai.2026 10:47:18.993] [main/INFO] [AllTheLeaks/]: Mixins added to allowed list: [main.ProductiveBeeMixin]
[16mai.2026 10:47:18.993] [main/INFO] [AllTheLeaks/]: Class dev.uncandango.alltheleaks.fix.common.mods.occultism.FixCreateTags will be loaded as it matches versions: 1.157.0 in *
[16mai.2026 10:47:18.993] [main/INFO] [AllTheLeaks/]: Mixins added to allowed list: [main.SoulGemItemMixin]
[16mai.2026 10:47:18.993] [main/INFO] [AllTheLeaks/]: Class dev.uncandango.alltheleaks.fix.common.mods.modernfix.CancelRLMixin will be loaded as it matches versions: 5.27.12+mc1.20.1 in [5.0.0,)
[16mai.2026 10:47:18.993] [main/INFO] [AllTheLeaks/]: Mixins added to cancel list: [org.embeddedt.modernfix.common.mixin.perf.deduplicate_location.MixinResourceLocation]
[16mai.2026 10:47:18.993] [main/INFO] [AllTheLeaks/]: Class dev.uncandango.alltheleaks.fix.common.mods.kubejs.FixItemStackModification will be loaded as it matches versions: 2001.6.5-build.26 in *
[16mai.2026 10:47:18.993] [main/INFO] [AllTheLeaks/]: Mixins added to allowed list: [main.IngredientKJSMixin]
[16mai.2026 10:47:18.993] [main/INFO] [AllTheLeaks/]: Class dev.uncandango.alltheleaks.fix.common.mods.enderio.FixItemStackCopy will be loaded as it matches versions: 6.2.18-beta in *
[16mai.2026 10:47:18.993] [main/INFO] [AllTheLeaks/]: Mixins added to allowed list: [main.CountedIngredientMixin, main.WrappedEnchanterRecipeMixin]
[16mai.2026 10:47:18.994] [main/INFO] [AllTheLeaks/]: Class dev.uncandango.alltheleaks.fix.common.mods.ars_elemental.FixCopyStack will be loaded as it matches versions: 0.6.7.9 in *
[16mai.2026 10:47:18.994] [main/INFO] [AllTheLeaks/]: Mixins added to allowed list: [main.ElementalUpgradeRecipeCategoryMixin]
[16mai.2026 10:47:19.000] [main/INFO] [AllTheLeaks/]: Class dev.uncandango.alltheleaks.feature.common.mods.minecraft.MemoryMonitor will be loaded as it matches versions: 1.20.1 in 1.20.1
[16mai.2026 10:47:19.000] [main/INFO] [AllTheLeaks/]: Mixins added to allowed list: [main.PlayerMixin, main.ChunkAccessMixin, main.LevelMixin, main.MinecraftServerMixin]
[16mai.2026 10:47:19.000] [main/INFO] [AllTheLeaks/]: Class dev.uncandango.alltheleaks.feature.common.mods.minecraft.ClearLeakedLevelChunks will be loaded as it matches versions: 1.20.1 in 1.20.1
[16mai.2026 10:47:19.000] [main/INFO] [AllTheLeaks/]: Mixins added to allowed list: [accessor.LevelAccessor, main.RebindableTickingBlockEntityWrapperMixin, accessor.LevelChunkAccessor]
[16mai.2026 10:47:19.062] [main/INFO] [com.cupboard.Cupboard/]: Loaded config for: structureessentials.json
[16mai.2026 10:47:19.129] [main/ERROR] [net.minecraftforge.fml.loading.RuntimeDistCleaner/DISTXFORM]: Attempted to load class net/minecraft/client/gui/screens/Screen for invalid dist DEDICATED_SERVER
[16mai.2026 10:47:19.130] [main/WARN] [mixin/]: Error loading class: net/minecraft/client/gui/screens/Screen (java.lang.RuntimeException: Attempted to load class net/minecraft/client/gui/screens/Screen for invalid dist DEDICATED_SERVER)
[16mai.2026 10:47:19.130] [main/WARN] [mixin/]: @Mixin target net.minecraft.client.gui.screens.Screen was not found relics.mixins.json:ScreenMixin from mod relics
[16mai.2026 10:47:19.185] [main/INFO] [net.minecraftforge.coremod.CoreMod.apotheosis/COREMODLOG]: Replaced 2 calls to Enchantment#getMaxLevel() in net/minecraft/world/item/CreativeModeTabs
[16mai.2026 10:47:19.330] [main/WARN] [mixin/]: Error loading class: me/jellysquid/mods/lithium/common/ai/pathing/PathNodeDefaults (java.lang.ClassNotFoundException: me.jellysquid.mods.lithium.common.ai.pathing.PathNodeDefaults)
[16mai.2026 10:47:19.411] [main/WARN] [mixin/]: Error loading class: vazkii/quark/addons/oddities/inventory/BackpackMenu (java.lang.ClassNotFoundException: vazkii.quark.addons.oddities.inventory.BackpackMenu)
[16mai.2026 10:47:19.412] [main/WARN] [mixin/]: Error loading class: net/minecraft/client/gui/screens/inventory/CraftingScreen (java.lang.ClassNotFoundException: net.minecraft.client.gui.screens.inventory.CraftingScreen)
[16mai.2026 10:47:19.412] [main/WARN] [mixin/]: @Mixin target net.minecraft.client.gui.screens.inventory.CraftingScreen was not found fastbench.mixins.json:MixinCraftingScreen from mod fastbench
[16mai.2026 10:47:19.438] [main/WARN] [mixin/]: Error loading class: net/darkhax/darkutils/features/charms/CharmEffects (java.lang.ClassNotFoundException: net.darkhax.darkutils.features.charms.CharmEffects)
[16mai.2026 10:47:19.439] [main/WARN] [mixin/]: Error loading class: com/brandon3055/csg/ModEventHandler (java.lang.ClassNotFoundException: com.brandon3055.csg.ModEventHandler)
[16mai.2026 10:47:19.447] [main/WARN] [mixin/]: Error loading class: vazkii/quark/content/tweaks/module/AutomaticRecipeUnlockModule (java.lang.ClassNotFoundException: vazkii.quark.content.tweaks.module.AutomaticRecipeUnlockModule)
[16mai.2026 10:47:19.566] [main/WARN] [mixin/]: Error loading class: com/mojang/blaze3d/platform/InputConstants$Key (java.lang.ClassNotFoundException: com.mojang.blaze3d.platform.InputConstants$Key)
[16mai.2026 10:47:19.651] [main/INFO] [MixinExtras|Service/]: Initializing MixinExtras via com.llamalad7.mixinextras.service.MixinExtrasServiceImpl(version=0.5.3).
[16mai.2026 10:47:20.010] [main/WARN] [mixin/]: Static binding violation: PRIVATE @Overwrite method m_216202_ in modernfix-modernfix.mixins.json:perf.tag_id_caching.TagOrElementLocationMixin from mod modernfix cannot reduce visibiliy of PUBLIC target method, visibility will be upgraded.
[16mai.2026 10:47:20.828] [main/INFO] [net.minecraft.server.Bootstrap/]: ModernFix reached bootstrap stage (9.348 s after launch)
[16mai.2026 10:47:20.969] [main/WARN] [mixin/]: @Final field delegatesByName:Ljava/util/Map; in modernfix-modernfix.mixins.json:perf.forge_registry_alloc.ForgeRegistryMixin from mod modernfix should be final
[16mai.2026 10:47:20.969] [main/WARN] [mixin/]: @Final field delegatesByValue:Ljava/util/Map; in modernfix-modernfix.mixins.json:perf.forge_registry_alloc.ForgeRegistryMixin from mod modernfix should be final
[16mai.2026 10:47:21.048] [main/INFO] [ModernFix/]: Injecting BlockStateBase cache population hook into getNeighborPathNodeType from me.jellysquid.mods.lithium.mixin.ai.pathing.AbstractBlockStateMixin
[16mai.2026 10:47:21.048] [main/INFO] [ModernFix/]: Injecting BlockStateBase cache population hook into getPathNodeType from me.jellysquid.mods.lithium.mixin.ai.pathing.AbstractBlockStateMixin
[16mai.2026 10:47:21.049] [main/INFO] [ModernFix/]: Injecting BlockStateBase cache population hook into getAllFlags from me.jellysquid.mods.lithium.mixin.util.block_tracking.AbstractBlockStateMixin
[16mai.2026 10:47:21.366] [main/INFO] [mixin/]: Mixing MixinLivingEntity from enigmaticlegacy.mixins.json into net.minecraft.world.entity.LivingEntity
[16mai.2026 10:47:21.482] [main/INFO] [mixin/]: Mixing MixinPlayer from enigmaticlegacy.mixins.json into net.minecraft.world.entity.player.Player
[16mai.2026 10:47:21.573] [main/INFO] [mixin/]: Mixing MixinMobEffect from enigmaticlegacy.mixins.json into net.minecraft.world.effect.MobEffect
[16mai.2026 10:47:21.643] [main/INFO] [net.minecraftforge.coremod.CoreMod.apotheosis/COREMODLOG]: Replaced 2 calls to Enchantment#getMaxLevel() in net/minecraft/world/item/CreativeModeTabs
[16mai.2026 10:47:21.985] [main/INFO] [mixin/]: Mixing MixinItemStack from enigmaticlegacy.mixins.json into net.minecraft.world.item.ItemStack
[16mai.2026 10:47:21.994] [main/INFO] [net.minecraftforge.coremod.CoreMod.placebo/COREMODLOG]: Patching IForgeItemStack#getEnchantmentLevel
[16mai.2026 10:47:21.995] [main/INFO] [net.minecraftforge.coremod.CoreMod.placebo/COREMODLOG]: Patching IForgeItemStack#getEnchantmentLevel
[16mai.2026 10:47:22.070] [main/INFO] [net.minecraft.server.Bootstrap/]: Vanilla bootstrap took 1232 milliseconds
[16mai.2026 10:47:22.263] [main/INFO] [mixin/]: Mixing AccessorAbstractArrowEntity from enigmaticlegacy.mixins.json into net.minecraft.world.entity.projectile.AbstractArrow
[16mai.2026 10:47:22.293] [main/INFO] [mixin/]: Mixing MixinEnchantmentContainer from enigmaticlegacy.mixins.json into net.minecraft.world.inventory.EnchantmentMenu
[16mai.2026 10:47:22.294] [main/INFO] [mixin/]: Renaming synthetic method lambda$onEnchantedItem$0(Lnet/minecraft/world/item/ItemStack;Lnet/minecraft/world/inventory/EnchantmentMenu;ILnet/minecraft/world/entity/player/Player;ILnet/minecraft/world/level/Level;Lnet/minecraft/core/BlockPos;)V to md66d27f$lambda$onEnchantedItem$0$0 in enigmaticlegacy.mixins.json:MixinEnchantmentContainer from mod (unknown)
[16mai.2026 10:47:22.346] [main/INFO] [net.minecraftforge.coremod.CoreMod.apotheosis/COREMODLOG]: Replaced 2 calls to Enchantment#getMaxLevel() in net/minecraft/world/inventory/AnvilMenu
[16mai.2026 10:47:22.575] [main/INFO] [mixin/]: Mixing MixinEnderEyeItem from enigmaticlegacy.mixins.json into net.minecraft.world.item.EnderEyeItem
[16mai.2026 10:47:22.594] [main/INFO] [mixin/]: Mixing MixinCrossbowItem from enigmaticlegacy.mixins.json into net.minecraft.world.item.CrossbowItem
[16mai.2026 10:47:22.843] [main/INFO] [mixin/]: Mixing MixinEnderDragon from enigmaticlegacy.mixins.json into net.minecraft.world.entity.boss.enderdragon.EnderDragon
[16mai.2026 10:47:22.843] [main/INFO] [mixin/]: Renaming synthetic method lambda$onTickDeath$0(Lnet/minecraft/server/level/ServerPlayer;)V to md66d27f$lambda$onTickDeath$0$0 in enigmaticlegacy.mixins.json:MixinEnderDragon from mod (unknown)
[16mai.2026 10:47:22.980] [main/INFO] [mixin/]: Mixing MixinShulker from enigmaticlegacy.mixins.json into net.minecraft.world.entity.monster.Shulker
[16mai.2026 10:47:23.061] [main/INFO] [mixin/]: Mixing MixinVillagerEntity from enigmaticlegacy.mixins.json into net.minecraft.world.entity.npc.Villager
[16mai.2026 10:47:23.064] [main/INFO] [mixin/]: Mixing MixinVillager from enigmaticlegacy.mixins.json into net.minecraft.world.entity.npc.Villager
[16mai.2026 10:47:23.101] [main/INFO] [net.minecraftforge.coremod.CoreMod.apotheosis/COREMODLOG]: Patching FishingHook#catchingFish
[16mai.2026 10:47:23.154] [main/INFO] [mixin/]: ars_elemental.mixins.json:PotionBrewingMixin from mod ars_elemental->@Invoker[METHOD_PROXY]::callAddMix(Lnet/minecraft/world/item/alchemy/Potion;Lnet/minecraft/world/item/Item;Lnet/minecraft/world/item/alchemy/Potion;)V should be static as its target is
[16mai.2026 10:47:23.160] [main/WARN] [mixin/]: @Inject(@At("INVOKE")) Shift.BY=2 on accessories-common.mixins.json:NbtCompoundMixin from mod accessories::handler$znf000$accessories$adjustCheckForListVariants exceeds the maximum allowed value: 0. Increase the value of maxShiftBy to suppress this warning.
[16mai.2026 10:47:23.180] [main/INFO] [mixin/]: Mixing MixinBindingCurseEnchantment from enigmaticlegacy.mixins.json into net.minecraft.world.item.enchantment.BindingCurseEnchantment
[16mai.2026 10:47:23.297] [main/INFO] [net.minecraftforge.coremod.CoreMod.apotheosis/COREMODLOG]: Replaced 1 calls to Enchantment#getMaxLevel() in net/minecraft/world/level/storage/loot/functions/EnchantRandomlyFunction
[16mai.2026 10:47:23.297] [main/INFO] [net.minecraftforge.coremod.CoreMod.apotheosis/COREMODLOG]: Replaced 1 calls to Enchantment#isDiscoverable() in net/minecraft/world/level/storage/loot/functions/EnchantRandomlyFunction
[16mai.2026 10:47:23.540] [main/WARN] [mixin/]: Static binding violation: PRIVATE @Overwrite method m_47505_ in modernfix-modernfix.mixins.json:perf.remove_biome_temperature_cache.BiomeMixin from mod modernfix cannot reduce visibiliy of PUBLIC target method, visibility will be upgraded.
[16mai.2026 10:47:23.541] [main/WARN] [mixin/]: Method overwrite conflict for m_47505_ in lithium.mixins.json:world.temperature_cache.BiomeMixin from mod radium, previously written by org.embeddedt.modernfix.common.mixin.perf.remove_biome_temperature_cache.BiomeMixin. Skipping method.
[16mai.2026 10:47:23.732] [main/INFO] [mixin/]: Mixing MixinEnterBlockTrigger from enigmaticlegacy.mixins.json into net.minecraft.advancements.critereon.EnterBlockTrigger
[16mai.2026 10:47:23.734] [main/INFO] [mixin/]: Mixing MixinInventoryChangeTrigger from enigmaticlegacy.mixins.json into net.minecraft.advancements.critereon.InventoryChangeTrigger
[16mai.2026 10:47:23.739] [main/INFO] [mixin/]: Mixing MixinSummonedEntityTrigger from enigmaticlegacy.mixins.json into net.minecraft.advancements.critereon.SummonedEntityTrigger
[16mai.2026 10:47:24.125] [modloading-worker-0/INFO] [Botany Pots Tiers/]: Loading config: /Users/mac407/Desktop/server-files-ModpackResenheiro/config/botanypotstiers-common.toml
[16mai.2026 10:47:24.126] [modloading-worker-0/INFO] [Botany Pots Tiers/]: Built config: /Users/mac407/Desktop/server-files-ModpackResenheiro/config/botanypotstiers-common.toml
[16mai.2026 10:47:24.127] [modloading-worker-0/INFO] [Botany Pots Tiers/]: Loaded config: /Users/mac407/Desktop/server-files-ModpackResenheiro/config/botanypotstiers-common.toml
[16mai.2026 10:47:24.203] [modloading-worker-0/INFO] [dev.su5ed.sinytra.connectorextras.terrablenderbridge.TerraBlenderBridge/]: Injecting TerraBlender API classes
[16mai.2026 10:47:24.250] [modloading-worker-0/INFO] [mixin/]: Mixing MixinPlayerList from enigmaticlegacy.mixins.json into net.minecraft.server.players.PlayerList
[16mai.2026 10:47:24.301] [modloading-worker-0/INFO] [PluginManager/]: Scanning classes for industrialforegoing
[16mai.2026 10:47:24.304] [modloading-worker-0/INFO] [PluginManager/]: Found FeaturePluginInstance for class PatchouliPlugin for plugin patchouli
[16mai.2026 10:47:24.304] [modloading-worker-0/INFO] [PluginManager/]: Found FeaturePluginInstance for class CuriosPlugin for plugin curios
[16mai.2026 10:47:24.305] [modloading-worker-0/INFO] [PluginManager/]: Constructed class PatchouliPlugin for plugin patchouli for mod industrialforegoing
[16mai.2026 10:47:24.305] [modloading-worker-0/INFO] [PluginManager/]: Constructed class CuriosPlugin for plugin curios for mod industrialforegoing
[16mai.2026 10:47:24.305] [modloading-worker-0/INFO] [PluginManager/]: Executing phase CONSTRUCTION for plugin class PatchouliPlugin
[16mai.2026 10:47:24.310] [modloading-worker-0/INFO] [PluginManager/]: Executing phase CONSTRUCTION for plugin class CuriosPlugin
[16mai.2026 10:47:24.315] [modloading-worker-0/INFO] [PluginManager/]: Executing phase PRE_INIT for plugin class PatchouliPlugin
[16mai.2026 10:47:24.315] [modloading-worker-0/INFO] [PluginManager/]: Executing phase PRE_INIT for plugin class CuriosPlugin
[16mai.2026 10:47:24.352] [modloading-worker-0/INFO] [dev.architectury.networking.forge.NetworkManagerImpl/]: Registering C2S receiver with id architectury:sync_ids
[16mai.2026 10:47:24.352] [modloading-worker-0/INFO] [dev.architectury.networking.forge.NetworkManagerImpl/]: Registering C2S receiver with id powah:packet
[16mai.2026 10:47:24.376] [modloading-worker-0/WARN] [mixin/]: Static binding violation: PRIVATE @Overwrite method m_215924_ in modernfix-modernfix.mixins.json:perf.tag_id_caching.TagEntryMixin from mod modernfix cannot reduce visibiliy of PUBLIC target method, visibility will be upgraded.
[16mai.2026 10:47:24.413] [modloading-worker-0/INFO] [ironfurnaces.IronFurnaces/]: Initializing Update Checker...
[16mai.2026 10:47:24.414] [Iron Furnaces Update Checker/INFO] [ironfurnaces.IronFurnaces/]: Starting Update Check...
[16mai.2026 10:47:24.510] [modloading-worker-0/INFO] [PluginManager/]: Executing phase INIT for plugin class PatchouliPlugin
[16mai.2026 10:47:24.510] [modloading-worker-0/INFO] [PluginManager/]: Executing phase INIT for plugin class CuriosPlugin
[16mai.2026 10:47:24.612] [modloading-worker-0/INFO] [PluginManager/]: Executing phase POST_INIT for plugin class PatchouliPlugin
[16mai.2026 10:47:24.612] [modloading-worker-0/INFO] [PluginManager/]: Executing phase POST_INIT for plugin class CuriosPlugin
[16mai.2026 10:47:24.855] [modloading-worker-0/INFO] [thedarkcolour.kotlinforforge.test.KotlinForForge/]: Kotlin For Forge Enabled!
[16mai.2026 10:47:24.864] [modloading-worker-0/INFO] [mixin/]: Mixing MixinForgeHooks from enigmaticlegacy.mixins.json into net.minecraftforge.common.ForgeHooks
[16mai.2026 10:47:24.870] [Iron Furnaces Update Checker/INFO] [ironfurnaces.IronFurnaces/]: Update Check done!
[16mai.2026 10:47:24.870] [Iron Furnaces Update Checker/INFO] [ironfurnaces.IronFurnaces/]: Iron Furnaces is up to date!
[16mai.2026 10:47:24.918] [modloading-worker-0/INFO] [dynamiclights/]: [Dynamic Lights] Registering server started event ...
[16mai.2026 10:47:24.931] [modloading-worker-0/INFO] [de.melanx.aiotbotania.AIOTBotania/]: Items registered.
[16mai.2026 10:47:24.931] [modloading-worker-0/INFO] [de.melanx.aiotbotania.AIOTBotania/]: Blocks registered.
[16mai.2026 10:47:24.931] [modloading-worker-0/INFO] [de.melanx.aiotbotania.AIOTBotania/]: Global loot modifiers registered.
[16mai.2026 10:47:24.931] [modloading-worker-0/INFO] [de.melanx.aiotbotania.AIOTBotania/]: Recipe serializers registered.
[16mai.2026 10:47:24.942] [modloading-worker-0/WARN] [mixinsquared-annotation-adjuster/]: Modified mixin "dev.uncandango.alltheleaks.mixin.core.main.SoulGemItemMixin". Check debug logs for more information.
[16mai.2026 10:47:24.959] [modloading-worker-0/INFO] [Puzzles Lib/]: Constructing common components for puzzleslib:main
[16mai.2026 10:47:24.994] [modloading-worker-0/INFO] [net.blay09.mods.balm.forge.config.ForgeBalmConfig/]: Registering config for cookingforblockheads:common (COMMON) with 11 properties.
[16mai.2026 10:47:25.078] [modloading-worker-0/INFO] [net.minecraftforge.common.ForgeMod/FORGEMOD]: Forge mod loading, version 47.4.10, for MC 1.20.1 with MCP 20230612.114412
[16mai.2026 10:47:25.078] [modloading-worker-0/INFO] [net.minecraftforge.common.MinecraftForge/FORGE]: MinecraftForge v47.4.10 Initialized
[16mai.2026 10:47:25.266] [modloading-worker-0/INFO] [com.github.dragoni7.silentcompat.SilentCompat/]: registered SilentCompat materials
[16mai.2026 10:47:25.283] [modloading-worker-0/INFO] [Silent Gear/TraitManager]: Registered condition serializer 'silentgear:not'
[16mai.2026 10:47:25.285] [modloading-worker-0/INFO] [Silent Gear/TraitManager]: Registered condition serializer 'silentgear:and'
[16mai.2026 10:47:25.286] [modloading-worker-0/INFO] [Silent Gear/TraitManager]: Registered condition serializer 'silentgear:or'
[16mai.2026 10:47:25.286] [modloading-worker-0/INFO] [Silent Gear/TraitManager]: Registered condition serializer 'silentgear:gear_type'
[16mai.2026 10:47:25.289] [modloading-worker-0/INFO] [Silent Gear/TraitManager]: Registered condition serializer 'silentgear:material_count'
[16mai.2026 10:47:25.291] [modloading-worker-0/INFO] [Silent Gear/TraitManager]: Registered condition serializer 'silentgear:material_ratio'
[16mai.2026 10:47:25.292] [modloading-worker-0/INFO] [Silent Gear/TraitManager]: Registered serializer 'silentgear:simple_trait'
[16mai.2026 10:47:25.294] [modloading-worker-0/INFO] [Silent Gear/TraitManager]: Registered serializer 'silentgear:damage_type'
[16mai.2026 10:47:25.297] [modloading-worker-0/INFO] [Silent Gear/TraitManager]: Registered serializer 'silentgear:durability'
[16mai.2026 10:47:25.298] [modloading-worker-0/INFO] [Silent Gear/TraitManager]: Registered serializer 'silentgear:enchantment'
[16mai.2026 10:47:25.299] [modloading-worker-0/INFO] [Silent Gear/TraitManager]: Registered serializer 'silentgear:nbt'
[16mai.2026 10:47:25.300] [modloading-worker-0/INFO] [Silent Gear/TraitManager]: Registered serializer 'silentgear:wielder_effect'
[16mai.2026 10:47:25.305] [modloading-worker-0/INFO] [Silent Gear/TraitManager]: Registered serializer 'silentgear:stat_modifier'
[16mai.2026 10:47:25.307] [modloading-worker-0/INFO] [Silent Gear/TraitManager]: Registered serializer 'silentgear:attribute'
[16mai.2026 10:47:25.309] [modloading-worker-0/INFO] [Silent Gear/TraitManager]: Registered serializer 'silentgear:block_placer'
[16mai.2026 10:47:25.316] [modloading-worker-0/INFO] [Silent Gear/TraitManager]: Registered serializer 'silentgear:block_filler'
[16mai.2026 10:47:25.318] [modloading-worker-0/INFO] [Silent Gear/TraitManager]: Registered serializer 'silentgear:synergy'
[16mai.2026 10:47:25.320] [modloading-worker-0/INFO] [Silent Gear/TraitManager]: Registered serializer 'silentgear:target_effect'
[16mai.2026 10:47:25.322] [modloading-worker-0/INFO] [Silent Gear/TraitManager]: Registered serializer 'silentgear:bonus_drops'
[16mai.2026 10:47:25.324] [modloading-worker-0/INFO] [Silent Gear/TraitManager]: Registered serializer 'silentgear:cancel_effects'
[16mai.2026 10:47:25.326] [modloading-worker-0/INFO] [Silent Gear/TraitManager]: Registered serializer 'silentgear:self_repair'
[16mai.2026 10:47:25.327] [modloading-worker-0/INFO] [Silent Gear/TraitManager]: Registered serializer 'silentgear:stellar'
[16mai.2026 10:47:25.329] [modloading-worker-0/INFO] [Silent Gear/TraitManager]: Registered serializer 'silentgear:block_mining_speed'
[16mai.2026 10:47:25.330] [modloading-worker-0/INFO] [Silent Gear/TraitManager]: Registered serializer 'silentcompat:diurnal'
[16mai.2026 10:47:25.331] [modloading-worker-0/INFO] [Silent Gear/TraitManager]: Registered serializer 'silentcompat:nocturnal'
[16mai.2026 10:47:25.332] [modloading-worker-0/INFO] [Silent Gear/TraitManager]: Registered serializer 'silentcompat:dodging'
[16mai.2026 10:47:25.333] [modloading-worker-0/INFO] [Silent Gear/TraitManager]: Registered serializer 'silentcompat:fleetfooted'
[16mai.2026 10:47:25.334] [modloading-worker-0/INFO] [Silent Gear/TraitManager]: Registered serializer 'silentcompat:vorpal'
[16mai.2026 10:47:25.334] [modloading-worker-0/INFO] [Silent Gear/TraitManager]: Registered serializer 'silentcompat:hungering_strike'
[16mai.2026 10:47:25.336] [modloading-worker-0/INFO] [Silent Gear/TraitManager]: Registered serializer 'silentcompat:lucky_break'
[16mai.2026 10:47:25.336] [modloading-worker-0/INFO] [Silent Gear/TraitManager]: Registered serializer 'silentcompat:retaliating_blast'
[16mai.2026 10:47:25.338] [modloading-worker-0/INFO] [Silent Gear/TraitManager]: Registered serializer 'silentcompat:knockout'
[16mai.2026 10:47:25.338] [modloading-worker-0/INFO] [Silent Gear/TraitManager]: Registered serializer 'silentcompat:abyssal_synergy'
[16mai.2026 10:47:25.339] [modloading-worker-0/INFO] [Silent Gear/TraitManager]: Registered serializer 'silentcompat:vigorous'
[16mai.2026 10:47:25.339] [modloading-worker-0/INFO] [Silent Gear/TraitManager]: Registered serializer 'silentcompat:unstable_magic'
[16mai.2026 10:47:25.339] [modloading-worker-0/INFO] [Silent Gear/TraitManager]: Registered serializer 'silentcompat:knightly'
[16mai.2026 10:47:25.339] [modloading-worker-0/INFO] [Silent Gear/TraitManager]: Registered serializer 'silentcompat:fire_react'
[16mai.2026 10:47:25.340] [modloading-worker-0/INFO] [Silent Gear/TraitManager]: Registered serializer 'silentcompat:neptunes_might'
[16mai.2026 10:47:25.343] [modloading-worker-0/INFO] [Silent Gear/TraitManager]: Registered serializer 'silentcompat:cold'
[16mai.2026 10:47:25.344] [modloading-worker-0/INFO] [Silent Gear/TraitManager]: Registered serializer 'silentcompat:emu_dodge'
[16mai.2026 10:47:25.344] [modloading-worker-0/INFO] [Silent Gear/TraitManager]: Registered serializer 'silentcompat:jolt_hit'
[16mai.2026 10:47:25.345] [modloading-worker-0/INFO] [Silent Gear/TraitManager]: Registered serializer 'silentcompat:purifying'
[16mai.2026 10:47:25.350] [modloading-worker-0/INFO] [Silent Gear/TraitManager]: Registered serializer 'silentcompat:amplifying'
[16mai.2026 10:47:25.357] [modloading-worker-0/INFO] [Silent Gear/TraitManager]: Registered serializer 'silentcompat:blinding'
[16mai.2026 10:47:25.358] [modloading-worker-0/INFO] [Silent Gear/TraitManager]: Registered serializer 'silentcompat:devouring'
[16mai.2026 10:47:25.359] [modloading-worker-0/INFO] [Silent Gear/TraitManager]: Registered serializer 'silentcompat:umbral_blast'
[16mai.2026 10:47:25.360] [modloading-worker-0/INFO] [Silent Gear/TraitManager]: Registered serializer 'silentcompat:volatile'
[16mai.2026 10:47:25.361] [modloading-worker-0/INFO] [Silent Gear/TraitManager]: Registered serializer 'silentcompat:restoration'
[16mai.2026 10:47:25.361] [modloading-worker-0/INFO] [Silent Gear/TraitManager]: Registered serializer 'silentcompat:scorching'
[16mai.2026 10:47:25.363] [modloading-worker-0/INFO] [Silent Gear/TraitManager]: Registered serializer 'silentcompat:sunspot'
[16mai.2026 10:47:25.364] [modloading-worker-0/INFO] [Silent Gear/TraitManager]: Registered serializer 'silentcompat:lava_vision'
[16mai.2026 10:47:25.365] [modloading-worker-0/INFO] [ModernFix/]: Bypassed Mojang DFU
[16mai.2026 10:47:25.365] [modloading-worker-0/INFO] [ModernFix/]: Instantiating Mojang DFU
[16mai.2026 10:47:25.366] [modloading-worker-0/INFO] [Silent Gear/TraitManager]: Registered serializer 'silentcompat:dimensional_effect'
[16mai.2026 10:47:25.368] [modloading-worker-0/INFO] [Silent Gear/TraitManager]: Registered serializer 'silentcompat:inverse_dimensional_effect'
[16mai.2026 10:47:25.370] [modloading-worker-0/INFO] [Silent Gear/TraitManager]: Registered serializer 'silentcompat:adrenaline'
[16mai.2026 10:47:25.371] [modloading-worker-0/INFO] [Silent Gear/TraitManager]: Registered serializer 'silentcompat:mana_burst'
[16mai.2026 10:47:25.372] [modloading-worker-0/INFO] [Silent Gear/TraitManager]: Registered serializer 'silentcompat:gaia_burst'
[16mai.2026 10:47:25.373] [modloading-worker-0/INFO] [Silent Gear/TraitManager]: Registered serializer 'silentcompat:alf_burst'
[16mai.2026 10:47:25.374] [modloading-worker-0/INFO] [Silent Gear/TraitManager]: Registered serializer 'silentcompat:mana_repair'
[16mai.2026 10:47:25.375] [modloading-worker-0/INFO] [Silent Gear/TraitManager]: Registered serializer 'silentcompat:item_drop'
[16mai.2026 10:47:25.379] [modloading-worker-0/INFO] [Silent Gear/TraitManager]: Registered serializer 'silentcompat:on_hit_effect'
[16mai.2026 10:47:25.379] [modloading-worker-0/INFO] [Silent Gear/TraitManager]: Registered serializer 'silentcompat:wither_skull'
[16mai.2026 10:47:25.394] [modloading-worker-0/INFO] [Puzzles Lib/]: Constructing common components for fastitemframes:main
[16mai.2026 10:47:25.513] [modloading-worker-0/INFO] [Bookshelf/]: Fixing MC-151457. Crafting remainder for minecraft:pufferfish_bucket is now minecraft:bucket.
[16mai.2026 10:47:25.513] [modloading-worker-0/INFO] [Bookshelf/]: Fixing MC-151457. Crafting remainder for minecraft:salmon_bucket is now minecraft:bucket.
[16mai.2026 10:47:25.513] [modloading-worker-0/INFO] [Bookshelf/]: Fixing MC-151457. Crafting remainder for minecraft:cod_bucket is now minecraft:bucket.
[16mai.2026 10:47:25.513] [modloading-worker-0/INFO] [Bookshelf/]: Fixing MC-151457. Crafting remainder for minecraft:tropical_fish_bucket is now minecraft:bucket.
[16mai.2026 10:47:25.513] [modloading-worker-0/INFO] [Bookshelf/]: Fixing MC-151457. Crafting remainder for minecraft:axolotl_bucket is now minecraft:bucket.
[16mai.2026 10:47:25.513] [modloading-worker-0/INFO] [Bookshelf/]: Fixing MC-151457. Crafting remainder for minecraft:powder_snow_bucket is now minecraft:bucket.
[16mai.2026 10:47:25.513] [modloading-worker-0/INFO] [Bookshelf/]: Fixing MC-151457. Crafting remainder for minecraft:tadpole_bucket is now minecraft:bucket.
[16mai.2026 10:47:25.684] [modloading-worker-0/INFO] [Railways/]: Steam 'n' Rails v1.7.2 initializing! Commit hash: 7c1a21e3a4edbd6b5f1301f82a8bfbeb5fdb1444 on Create version: 6.0.8 on platform: Forge
[16mai.2026 10:47:25.987] [modloading-worker-0/WARN] [supermartijn642corelib/]: Mod 'Chipped' is requesting registration helper for different modid 'rechiseled_chipped'!
[16mai.2026 10:47:26.039] [modloading-worker-0/INFO] [com.cupboard.Cupboard/]: Loaded config for: memorysettings.json
[16mai.2026 10:47:26.074] [modloading-worker-0/INFO] [dev.architectury.networking.forge.NetworkManagerImpl/]: Registering C2S receiver with id ftbultimine:key_pressed
[16mai.2026 10:47:26.075] [modloading-worker-0/INFO] [dev.architectury.networking.forge.NetworkManagerImpl/]: Registering C2S receiver with id ftbultimine:mode_changed
[16mai.2026 10:47:26.076] [modloading-worker-0/INFO] [dev.architectury.networking.forge.NetworkManagerImpl/]: Registering C2S receiver with id ftbultimine:sync_config_to_server
[16mai.2026 10:47:26.117] [modloading-worker-0/INFO] [Enigmatic Legacy/INFO]: Constructing mod instance...
[16mai.2026 10:47:26.141] [modloading-worker-0/INFO] [dev.architectury.networking.forge.NetworkManagerImpl/]: Registering C2S receiver with id ftblibrary:edit_nbt_response
[16mai.2026 10:47:26.156] [modloading-worker-0/INFO] [com.cupboard.Cupboard/]: Loaded config for: cupboard.json
[16mai.2026 10:47:26.157] [modloading-worker-0/INFO] [SimpleHats/]: Loaded 293 hat entries from simplehats.json
[16mai.2026 10:47:26.172] [modloading-worker-0/WARN] [mixinsquared-annotation-adjuster/]: Modified mixin "dev.uncandango.alltheleaks.mixin.core.main.ProductiveBeeMixin". Check debug logs for more information.
[16mai.2026 10:47:26.216] [modloading-worker-0/INFO] [ObservableNet/]: Registering class observable.net.BetterChannel$PartialPacketBegin
[16mai.2026 10:47:26.228] [modloading-worker-0/INFO] [dev.architectury.networking.forge.NetworkManagerImpl/]: Registering C2S receiver with id minecraft:channel/observable/61a49a35c5283c0aaa7b0dfea5b7a53a
[16mai.2026 10:47:26.228] [modloading-worker-0/INFO] [ObservableNet/]: Registered class observable.net.BetterChannel$PartialPacketBegin
[16mai.2026 10:47:26.234] [modloading-worker-0/INFO] [ObservableNet/]: Registering class observable.net.BetterChannel$PartialPacketData
[16mai.2026 10:47:26.236] [modloading-worker-0/INFO] [dev.architectury.networking.forge.NetworkManagerImpl/]: Registering C2S receiver with id minecraft:channel/observable/3dd73fd88be832559bc3a3c4a2e63b4a
[16mai.2026 10:47:26.236] [modloading-worker-0/INFO] [ObservableNet/]: Registered class observable.net.BetterChannel$PartialPacketData
[16mai.2026 10:47:26.238] [modloading-worker-0/INFO] [ObservableNet/]: Registering class observable.net.C2SPacket$InitTPSProfile
[16mai.2026 10:47:26.242] [modloading-worker-0/INFO] [dev.architectury.networking.forge.NetworkManagerImpl/]: Registering C2S receiver with id minecraft:channel/observable/b453c08f23b83b82b690c31bf8b2a45a
[16mai.2026 10:47:26.242] [modloading-worker-0/INFO] [ObservableNet/]: Registered class observable.net.C2SPacket$InitTPSProfile
[16mai.2026 10:47:26.244] [modloading-worker-0/INFO] [ObservableNet/]: Registering class observable.net.C2SPacket$RequestAvailability
[16mai.2026 10:47:26.250] [modloading-worker-0/INFO] [dev.architectury.networking.forge.NetworkManagerImpl/]: Registering C2S receiver with id minecraft:channel/observable/0c662822629034678f5a8f0e70375315
[16mai.2026 10:47:26.250] [modloading-worker-0/INFO] [ObservableNet/]: Registered class observable.net.C2SPacket$RequestAvailability
[16mai.2026 10:47:26.251] [modloading-worker-0/INFO] [ObservableNet/]: Registering class observable.net.S2CPacket$ProfilingStarted
[16mai.2026 10:47:26.255] [modloading-worker-0/INFO] [dev.architectury.networking.forge.NetworkManagerImpl/]: Registering C2S receiver with id minecraft:channel/observable/2e815604a29b3a5cbfe0208e619d86c4
[16mai.2026 10:47:26.256] [modloading-worker-0/INFO] [ObservableNet/]: Registered class observable.net.S2CPacket$ProfilingStarted
[16mai.2026 10:47:26.257] [modloading-worker-0/INFO] [ObservableNet/]: Registering class observable.net.S2CPacket$ProfilingCompleted
[16mai.2026 10:47:26.262] [modloading-worker-0/INFO] [dev.architectury.networking.forge.NetworkManagerImpl/]: Registering C2S receiver with id minecraft:channel/observable/9ae83199b65a3768862799cc5e461a02
[16mai.2026 10:47:26.262] [modloading-worker-0/INFO] [ObservableNet/]: Registered class observable.net.S2CPacket$ProfilingCompleted
[16mai.2026 10:47:26.262] [modloading-worker-0/INFO] [ObservableNet/]: Registering class observable.net.S2CPacket$ProfilerInactive
[16mai.2026 10:47:26.269] [modloading-worker-0/INFO] [dev.architectury.networking.forge.NetworkManagerImpl/]: Registering C2S receiver with id minecraft:channel/observable/ae8dfae1238e312397aa53e9d14c45ca
[16mai.2026 10:47:26.269] [modloading-worker-0/INFO] [ObservableNet/]: Registered class observable.net.S2CPacket$ProfilerInactive
[16mai.2026 10:47:26.271] [modloading-worker-0/INFO] [ObservableNet/]: Registering class observable.net.S2CPacket$ProfilingResult
[16mai.2026 10:47:26.274] [modloading-worker-0/INFO] [dev.architectury.networking.forge.NetworkManagerImpl/]: Registering C2S receiver with id minecraft:channel/observable/3a94cae7336038df9152bcb7b4b94825
[16mai.2026 10:47:26.275] [modloading-worker-0/INFO] [ObservableNet/]: Registered class observable.net.S2CPacket$ProfilingResult
[16mai.2026 10:47:26.276] [modloading-worker-0/INFO] [ObservableNet/]: Registering class observable.net.S2CPacket$Availability
[16mai.2026 10:47:26.279] [modloading-worker-0/INFO] [KubeJS/]: Loaded common.properties
[16mai.2026 10:47:26.280] [modloading-worker-0/INFO] [dev.architectury.networking.forge.NetworkManagerImpl/]: Registering C2S receiver with id minecraft:channel/observable/c86a824e756d312396d1ba30e943e6aa
[16mai.2026 10:47:26.280] [modloading-worker-0/INFO] [ObservableNet/]: Registered class observable.net.S2CPacket$Availability
[16mai.2026 10:47:26.282] [modloading-worker-0/INFO] [KubeJS/]: Loaded dev.properties
[16mai.2026 10:47:26.290] [modloading-worker-0/INFO] [KubeJS/]: Looking for KubeJS plugins...
[16mai.2026 10:47:26.295] [modloading-worker-0/INFO] [KubeJS/]: Found plugin source kubejs
[16mai.2026 10:47:26.309] [modloading-worker-0/WARN] [KubeJS/]: Plugin dev.latvian.mods.kubejs.forge.BuiltinKubeJSForgeClientPlugin does not load on server side, skipping
[16mai.2026 10:47:26.309] [modloading-worker-0/WARN] [KubeJS/]: Plugin dev.latvian.mods.kubejs.integration.forge.gamestages.GameStagesIntegration does not have required mod gamestages loaded, skipping
[16mai.2026 10:47:26.311] [modloading-worker-0/INFO] [KubeJS/]: Found plugin source cucumber
[16mai.2026 10:47:26.312] [modloading-worker-0/INFO] [KubeJS/]: Found plugin source createestrogen
[16mai.2026 10:47:26.313] [modloading-worker-0/INFO] [KubeJS/]: Done in 22.63 ms
[16mai.2026 10:47:26.645] [modloading-worker-0/INFO] [Enigmatic Legacy/INFO]: Mod instance constructed successfully.
[16mai.2026 10:47:26.647] [modloading-worker-0/INFO] [com.simibubi.create.Create/]: Create 6.0.8 initializing! Commit hash: 1a1a9a2819b4f89f78caec41b55ed8cb222fa24b
[16mai.2026 10:47:26.661] [modloading-worker-0/INFO] [chloride/Main]: Chloride is not intended to be on servers, loaded in inner mode
[16mai.2026 10:47:26.669] [modloading-worker-0/INFO] [Rhino Script Remapper/]: Loading Rhino Minecraft remapper...
[16mai.2026 10:47:26.670] [modloading-worker-0/INFO] [dev.latvian.mods.rhino.mod.util.RhinoProperties/]: Rhino properties loaded.
[16mai.2026 10:47:26.673] [modloading-worker-0/INFO] [Rhino Script Remapper/]: Loading mappings for 1.20.1
[16mai.2026 10:47:26.694] [modloading-worker-0/INFO] [net.blay09.mods.balm.forge.config.ForgeBalmConfig/]: Registering config for waystones:common (COMMON) with 46 properties.
[16mai.2026 10:47:26.739] [modloading-worker-0/INFO] [dev.architectury.networking.forge.NetworkManagerImpl/]: Registering C2S receiver with id artifacts:networking_channel/42a7ad70b1cc371599a0eff744096b8a
[16mai.2026 10:47:26.740] [modloading-worker-0/INFO] [dev.architectury.networking.forge.NetworkManagerImpl/]: Registering C2S receiver with id artifacts:networking_channel/74a5e841822a3a87854ae896a33430d6
[16mai.2026 10:47:26.741] [modloading-worker-0/INFO] [dev.architectury.networking.forge.NetworkManagerImpl/]: Registering C2S receiver with id artifacts:networking_channel/eb3d1e2748533430848cadf0f37c7e9c
[16mai.2026 10:47:26.742] [modloading-worker-0/INFO] [dev.architectury.networking.forge.NetworkManagerImpl/]: Registering C2S receiver with id artifacts:networking_channel/91c8520f19f93b3e8b6a727568e194ab
[16mai.2026 10:47:26.743] [modloading-worker-0/INFO] [Rhino Script Remapper/]: Done in 0,074 s
[16mai.2026 10:47:26.746] [modloading-worker-0/INFO] [dev.architectury.networking.forge.NetworkManagerImpl/]: Registering C2S receiver with id artifacts:networking_channel/8c2784d778293fd482ed84b8aa5fedb9
[16mai.2026 10:47:26.746] [modloading-worker-0/INFO] [dev.architectury.networking.forge.NetworkManagerImpl/]: Registering C2S receiver with id artifacts:networking_channel/ea038224ea783d40b2863f52239e2604
[16mai.2026 10:47:26.747] [modloading-worker-0/INFO] [dev.architectury.networking.forge.NetworkManagerImpl/]: Registering C2S receiver with id artifacts:networking_channel/97ad64b7ecaf33209991c4f031501a58
[16mai.2026 10:47:26.788] [modloading-worker-0/INFO] [Cynosure/]: Initializing Cynosure
[16mai.2026 10:47:26.907] [modloading-worker-0/INFO] [dev.architectury.networking.forge.NetworkManagerImpl/]: Registering C2S receiver with id magistuarmory:packet_long_reach_attack
[16mai.2026 10:47:26.909] [modloading-worker-0/INFO] [dev.architectury.networking.forge.NetworkManagerImpl/]: Registering C2S receiver with id magistuarmory:packet_lance_collision
[16mai.2026 10:47:26.955] [modloading-worker-0/INFO] [Enigmatic Addons/INFO]: Constructing mod instance...
[16mai.2026 10:47:26.964] [modloading-worker-0/INFO] [STDOUT/]: [com.magistuarmory.item.armor.ArmorType:<init>:64]: magistuarmory:minicrown
[16mai.2026 10:47:26.964] [modloading-worker-0/INFO] [STDOUT/]: [com.magistuarmory.item.armor.ArmorType:<init>:64]: magistuarmory:crown
[16mai.2026 10:47:26.965] [modloading-worker-0/INFO] [STDOUT/]: [com.magistuarmory.item.armor.ArmorType:<init>:64]: magistuarmory:flowercrown
[16mai.2026 10:47:26.965] [modloading-worker-0/INFO] [STDOUT/]: [com.magistuarmory.item.armor.ArmorType:<init>:64]: minecraft:default
[16mai.2026 10:47:26.966] [modloading-worker-0/INFO] [STDOUT/]: [com.magistuarmory.item.armor.ArmorType:<init>:64]: magistuarmory:armet
[16mai.2026 10:47:26.966] [modloading-worker-0/INFO] [STDOUT/]: [com.magistuarmory.item.armor.ArmorType:<init>:64]: magistuarmory:stechhelm
[16mai.2026 10:47:26.966] [modloading-worker-0/INFO] [STDOUT/]: [com.magistuarmory.item.armor.ArmorType:<init>:64]: minecraft:default
[16mai.2026 10:47:26.966] [modloading-worker-0/INFO] [STDOUT/]: [com.magistuarmory.item.armor.ArmorType:<init>:64]: magistuarmory:sallet
[16mai.2026 10:47:26.966] [modloading-worker-0/INFO] [STDOUT/]: [com.magistuarmory.item.armor.ArmorType:<init>:64]: minecraft:default
[16mai.2026 10:47:26.966] [modloading-worker-0/INFO] [STDOUT/]: [com.magistuarmory.item.armor.ArmorType:<init>:64]: magistuarmory:maximilian_helmet
[16mai.2026 10:47:26.966] [modloading-worker-0/INFO] [STDOUT/]: [com.magistuarmory.item.armor.ArmorType:<init>:64]: minecraft:default
[16mai.2026 10:47:26.967] [modloading-worker-0/INFO] [STDOUT/]: [com.magistuarmory.item.armor.ArmorType:<init>:64]: minecraft:default
[16mai.2026 10:47:26.967] [modloading-worker-0/INFO] [STDOUT/]: [com.magistuarmory.item.armor.ArmorType:<init>:64]: magistuarmory:kettlehat
[16mai.2026 10:47:26.967] [modloading-worker-0/INFO] [STDOUT/]: [com.magistuarmory.item.armor.ArmorType:<init>:64]: minecraft:default
[16mai.2026 10:47:26.967] [modloading-worker-0/INFO] [STDOUT/]: [com.magistuarmory.item.armor.ArmorType:<init>:64]: magistuarmory:barbute
[16mai.2026 10:47:26.967] [modloading-worker-0/INFO] [STDOUT/]: [com.magistuarmory.item.armor.ArmorType:<init>:64]: minecraft:default
[16mai.2026 10:47:26.967] [modloading-worker-0/INFO] [STDOUT/]: [com.magistuarmory.item.armor.ArmorType:<init>:64]: magistuarmory:crusader
[16mai.2026 10:47:26.967] [modloading-worker-0/INFO] [STDOUT/]: [com.magistuarmory.item.armor.ArmorType:<init>:64]: minecraft:default
[16mai.2026 10:47:26.967] [modloading-worker-0/INFO] [STDOUT/]: [com.magistuarmory.item.armor.ArmorType:<init>:64]: minecraft:default
[16mai.2026 10:47:26.967] [modloading-worker-0/INFO] [STDOUT/]: [com.magistuarmory.item.armor.ArmorType:<init>:64]: minecraft:default
[16mai.2026 10:47:26.967] [modloading-worker-0/INFO] [STDOUT/]: [com.magistuarmory.item.armor.ArmorType:<init>:64]: magistuarmory:armet
[16mai.2026 10:47:26.967] [modloading-worker-0/INFO] [STDOUT/]: [com.magistuarmory.item.armor.ArmorType:<init>:64]: minecraft:default
[16mai.2026 10:47:26.967] [modloading-worker-0/INFO] [STDOUT/]: [com.magistuarmory.item.armor.ArmorType:<init>:64]: magistuarmory:conic_helmet
[16mai.2026 10:47:26.967] [modloading-worker-0/INFO] [STDOUT/]: [com.magistuarmory.item.armor.ArmorType:<init>:64]: magistuarmory:conic_helmet
[16mai.2026 10:47:26.967] [modloading-worker-0/INFO] [STDOUT/]: [com.magistuarmory.item.armor.ArmorType:<init>:64]: magistuarmory:barbute
[16mai.2026 10:47:26.967] [modloading-worker-0/INFO] [STDOUT/]: [com.magistuarmory.item.armor.ArmorType:<init>:64]: minecraft:default
[16mai.2026 10:47:26.967] [modloading-worker-0/INFO] [STDOUT/]: [com.magistuarmory.item.armor.ArmorType:<init>:64]: minecraft:default
[16mai.2026 10:47:26.967] [modloading-worker-0/INFO] [STDOUT/]: [com.magistuarmory.item.armor.ArmorType:<init>:64]: magistuarmory:kettlehat
[16mai.2026 10:47:26.967] [modloading-worker-0/INFO] [STDOUT/]: [com.magistuarmory.item.armor.ArmorType:<init>:64]: magistuarmory:conic_helmet
[16mai.2026 10:47:26.967] [modloading-worker-0/INFO] [STDOUT/]: [com.magistuarmory.item.armor.ArmorType:<init>:64]: magistuarmory:crusader
[16mai.2026 10:47:26.967] [modloading-worker-0/INFO] [STDOUT/]: [com.magistuarmory.item.armor.ArmorType:<init>:64]: minecraft:default
[16mai.2026 10:47:26.967] [modloading-worker-0/INFO] [STDOUT/]: [com.magistuarmory.item.armor.ArmorType:<init>:64]: magistuarmory:bascinet
[16mai.2026 10:47:26.967] [modloading-worker-0/INFO] [STDOUT/]: [com.magistuarmory.item.armor.ArmorType:<init>:64]: minecraft:default
[16mai.2026 10:47:26.967] [modloading-worker-0/INFO] [STDOUT/]: [com.magistuarmory.item.armor.ArmorType:<init>:64]: magistuarmory:wingedhussarchestplate
[16mai.2026 10:47:26.967] [modloading-worker-0/INFO] [STDOUT/]: [com.magistuarmory.item.armor.ArmorType:<init>:64]: minecraft:default
[16mai.2026 10:47:26.968] [modloading-worker-0/INFO] [STDOUT/]: [com.magistuarmory.item.armor.ArmorType:<init>:64]: minecraft:default
[16mai.2026 10:47:26.968] [modloading-worker-0/INFO] [STDOUT/]: [com.magistuarmory.item.armor.ArmorType:<init>:64]: magistuarmory:grand_bascinet
[16mai.2026 10:47:26.968] [modloading-worker-0/INFO] [STDOUT/]: [com.magistuarmory.item.armor.ArmorType:<init>:64]: minecraft:default
[16mai.2026 10:47:27.045] [modloading-worker-0/INFO] [PluginManager/]: Scanning classes for titanium
[16mai.2026 10:47:27.105] [modloading-worker-0/INFO] [Enigmatic Addons/INFO]: Mod instance constructed successfully.
[16mai.2026 10:47:27.113] [modloading-worker-0/INFO] [Estrogen/]: Injecting Estrogen into your veins!
[16mai.2026 10:47:27.124] [modloading-worker-0/INFO] [KubeJS Startup/]: example.js#5: Hello, World! (Loaded startup scripts)
[16mai.2026 10:47:27.128] [modloading-worker-0/INFO] [KubeJS Startup/]: Loaded script startup_scripts:example.js in 0.047 s
[16mai.2026 10:47:27.131] [modloading-worker-0/INFO] [KubeJS Startup/]: Loaded 1/1 KubeJS startup scripts in 0.385 s with 0 errors and 0 warnings
[16mai.2026 10:47:27.170] [modloading-worker-0/INFO] [dev.architectury.networking.forge.NetworkManagerImpl/]: Registering C2S receiver with id kubejs:send_data_from_client
[16mai.2026 10:47:27.175] [modloading-worker-0/INFO] [dev.architectury.networking.forge.NetworkManagerImpl/]: Registering C2S receiver with id kubejs:first_click
[16mai.2026 10:47:27.249] [modloading-worker-0/INFO] [net.permutated.pylons.Pylons/]: Registering mod: pylons
[16mai.2026 10:47:27.292] [modloading-worker-0/INFO] [net.permutated.pylons.Pylons/]: Registered 1 network packets
[16mai.2026 10:47:27.337] [modloading-worker-0/INFO] [PluginManager/]: Scanning classes for functionalstorage
[16mai.2026 10:47:27.399] [modloading-worker-0/INFO] [be.florens.expandability.ExpandAbility/]: ExpandAbility here, who dis?
[16mai.2026 10:47:27.535] [modloading-worker-0/INFO] [Railways/]: Registered bogey styles from railways
[16mai.2026 10:47:27.767] [modloading-worker-0/INFO] [Railways/]: Registering data fixers
[16mai.2026 10:47:27.776] [modloading-worker-0/INFO] [com.mojang.datafixers.DataFixerBuilder/]: 0 Datafixer optimizations took 0 milliseconds
[16mai.2026 10:47:27.778] [modloading-worker-0/INFO] [Railways/MultiRegistryCallback/]: Registering callback for create:track_signal in minecraft:block_entity_type
[16mai.2026 10:47:27.779] [modloading-worker-0/INFO] [Railways/MultiRegistryCallback/]: Registering callback for railways:track_signal_source in create:display_source
[16mai.2026 10:47:27.779] [modloading-worker-0/INFO] [Railways/MultiRegistryCallback/]: Registering callback for create:copycat in minecraft:block_entity_type
[16mai.2026 10:47:27.779] [modloading-worker-0/INFO] [Railways/MultiRegistryCallback/]: Registering callback for railways:conductor_vent in minecraft:block
[16mai.2026 10:47:27.779] [modloading-worker-0/INFO] [Railways/MultiRegistryCallback/]: Registering callback for create:flywheel in minecraft:block_entity_type
[16mai.2026 10:47:27.779] [modloading-worker-0/INFO] [Railways/MultiRegistryCallback/]: Registering callback for railways:locometal_flywheel in minecraft:block
[16mai.2026 10:47:27.779] [modloading-worker-0/INFO] [Railways/MultiRegistryCallback/]: Registering callback for create:sliding_door in minecraft:block_entity_type
[16mai.2026 10:47:27.779] [modloading-worker-0/INFO] [Railways/MultiRegistryCallback/]: Registering callback for railways:sliding_locometal_door in minecraft:block
[16mai.2026 10:47:27.779] [modloading-worker-0/INFO] [Railways/MultiRegistryCallback/]: Registering callback for create:sliding_door in minecraft:block_entity_type
[16mai.2026 10:47:27.779] [modloading-worker-0/INFO] [Railways/MultiRegistryCallback/]: Registering callback for railways:folding_locometal_door in minecraft:block
[16mai.2026 10:47:27.779] [modloading-worker-0/INFO] [Railways/MultiRegistryCallback/]: Registering callback for create:flywheel in minecraft:block_entity_type
[16mai.2026 10:47:27.779] [modloading-worker-0/INFO] [Railways/MultiRegistryCallback/]: Registering callback for railways:brown_locometal_flywheel in minecraft:block
[16mai.2026 10:47:27.779] [modloading-worker-0/INFO] [Railways/MultiRegistryCallback/]: Registering callback for create:sliding_door in minecraft:block_entity_type
[16mai.2026 10:47:27.779] [modloading-worker-0/INFO] [Railways/MultiRegistryCallback/]: Registering callback for railways:brown_sliding_locometal_door in minecraft:block
[16mai.2026 10:47:27.779] [modloading-worker-0/INFO] [Railways/MultiRegistryCallback/]: Registering callback for create:sliding_door in minecraft:block_entity_type
[16mai.2026 10:47:27.779] [modloading-worker-0/INFO] [Railways/MultiRegistryCallback/]: Registering callback for railways:brown_folding_locometal_door in minecraft:block
[16mai.2026 10:47:27.779] [modloading-worker-0/INFO] [Railways/MultiRegistryCallback/]: Registering callback for create:flywheel in minecraft:block_entity_type
[16mai.2026 10:47:27.779] [modloading-worker-0/INFO] [Railways/MultiRegistryCallback/]: Registering callback for railways:maroon_locometal_flywheel in minecraft:block
[16mai.2026 10:47:27.780] [modloading-worker-0/INFO] [Railways/MultiRegistryCallback/]: Registering callback for create:sliding_door in minecraft:block_entity_type
[16mai.2026 10:47:27.780] [modloading-worker-0/INFO] [Railways/MultiRegistryCallback/]: Registering callback for railways:maroon_sliding_locometal_door in minecraft:block
[16mai.2026 10:47:27.780] [modloading-worker-0/INFO] [Railways/MultiRegistryCallback/]: Registering callback for create:sliding_door in minecraft:block_entity_type
[16mai.2026 10:47:27.780] [modloading-worker-0/INFO] [Railways/MultiRegistryCallback/]: Registering callback for railways:maroon_folding_locometal_door in minecraft:block
[16mai.2026 10:47:27.780] [modloading-worker-0/INFO] [Railways/MultiRegistryCallback/]: Registering callback for create:flywheel in minecraft:block_entity_type
[16mai.2026 10:47:27.780] [modloading-worker-0/INFO] [Railways/MultiRegistryCallback/]: Registering callback for railways:red_locometal_flywheel in minecraft:block
[16mai.2026 10:47:27.780] [modloading-worker-0/INFO] [STDOUT/]: [com.enderio.core.EnderCore:onConstruct:25]: ================ Core construct ==================
[16mai.2026 10:47:27.780] [modloading-worker-0/INFO] [Railways/MultiRegistryCallback/]: Registering callback for create:sliding_door in minecraft:block_entity_type
[16mai.2026 10:47:27.781] [modloading-worker-0/INFO] [Railways/MultiRegistryCallback/]: Registering callback for railways:red_sliding_locometal_door in minecraft:block
[16mai.2026 10:47:27.781] [modloading-worker-0/INFO] [Railways/MultiRegistryCallback/]: Registering callback for create:sliding_door in minecraft:block_entity_type
[16mai.2026 10:47:27.781] [modloading-worker-0/INFO] [Railways/MultiRegistryCallback/]: Registering callback for railways:red_folding_locometal_door in minecraft:block
[16mai.2026 10:47:27.781] [modloading-worker-0/INFO] [Railways/MultiRegistryCallback/]: Registering callback for create:flywheel in minecraft:block_entity_type
[16mai.2026 10:47:27.781] [modloading-worker-0/INFO] [Railways/MultiRegistryCallback/]: Registering callback for railways:vermilion_locometal_flywheel in minecraft:block
[16mai.2026 10:47:27.781] [modloading-worker-0/INFO] [Railways/MultiRegistryCallback/]: Registering callback for create:sliding_door in minecraft:block_entity_type
[16mai.2026 10:47:27.781] [modloading-worker-0/INFO] [Railways/MultiRegistryCallback/]: Registering callback for railways:vermilion_sliding_locometal_door in minecraft:block
[16mai.2026 10:47:27.781] [modloading-worker-0/INFO] [Railways/MultiRegistryCallback/]: Registering callback for create:sliding_door in minecraft:block_entity_type
[16mai.2026 10:47:27.781] [modloading-worker-0/INFO] [Railways/MultiRegistryCallback/]: Registering callback for railways:vermilion_folding_locometal_door in minecraft:block
[16mai.2026 10:47:27.781] [modloading-worker-0/INFO] [Railways/MultiRegistryCallback/]: Registering callback for create:flywheel in minecraft:block_entity_type
[16mai.2026 10:47:27.781] [modloading-worker-0/INFO] [Railways/MultiRegistryCallback/]: Registering callback for railways:orange_locometal_flywheel in minecraft:block
[16mai.2026 10:47:27.781] [modloading-worker-0/INFO] [Railways/MultiRegistryCallback/]: Registering callback for create:sliding_door in minecraft:block_entity_type
[16mai.2026 10:47:27.781] [modloading-worker-0/INFO] [Railways/MultiRegistryCallback/]: Registering callback for railways:orange_sliding_locometal_door in minecraft:block
[16mai.2026 10:47:27.781] [modloading-worker-0/INFO] [Railways/MultiRegistryCallback/]: Registering callback for create:sliding_door in minecraft:block_entity_type
[16mai.2026 10:47:27.781] [modloading-worker-0/INFO] [Railways/MultiRegistryCallback/]: Registering callback for railways:orange_folding_locometal_door in minecraft:block
[16mai.2026 10:47:27.781] [modloading-worker-0/INFO] [Railways/MultiRegistryCallback/]: Registering callback for create:flywheel in minecraft:block_entity_type
[16mai.2026 10:47:27.781] [modloading-worker-0/INFO] [Railways/MultiRegistryCallback/]: Registering callback for railways:granite_locometal_flywheel in minecraft:block
[16mai.2026 10:47:27.781] [modloading-worker-0/INFO] [Railways/MultiRegistryCallback/]: Registering callback for create:sliding_door in minecraft:block_entity_type
[16mai.2026 10:47:27.781] [modloading-worker-0/INFO] [Railways/MultiRegistryCallback/]: Registering callback for railways:granite_sliding_locometal_door in minecraft:block
[16mai.2026 10:47:27.781] [modloading-worker-0/INFO] [Railways/MultiRegistryCallback/]: Registering callback for create:sliding_door in minecraft:block_entity_type
[16mai.2026 10:47:27.781] [modloading-worker-0/INFO] [Railways/MultiRegistryCallback/]: Registering callback for railways:granite_folding_locometal_door in minecraft:block
[16mai.2026 10:47:27.781] [modloading-worker-0/INFO] [Railways/MultiRegistryCallback/]: Registering callback for create:flywheel in minecraft:block_entity_type
[16mai.2026 10:47:27.781] [modloading-worker-0/INFO] [Railways/MultiRegistryCallback/]: Registering callback for railways:dripstone_locometal_flywheel in minecraft:block
[16mai.2026 10:47:27.781] [modloading-worker-0/INFO] [Railways/MultiRegistryCallback/]: Registering callback for create:sliding_door in minecraft:block_entity_type
[16mai.2026 10:47:27.781] [modloading-worker-0/INFO] [Railways/MultiRegistryCallback/]: Registering callback for railways:dripstone_sliding_locometal_door in minecraft:block
[16mai.2026 10:47:27.781] [modloading-worker-0/INFO] [Railways/MultiRegistryCallback/]: Registering callback for create:sliding_door in minecraft:block_entity_type
[16mai.2026 10:47:27.781] [modloading-worker-0/INFO] [Railways/MultiRegistryCallback/]: Registering callback for railways:dripstone_folding_locometal_door in minecraft:block
[16mai.2026 10:47:27.781] [modloading-worker-0/INFO] [Railways/MultiRegistryCallback/]: Registering callback for create:flywheel in minecraft:block_entity_type
[16mai.2026 10:47:27.781] [modloading-worker-0/INFO] [Railways/MultiRegistryCallback/]: Registering callback for railways:ochrum_locometal_flywheel in minecraft:block
[16mai.2026 10:47:27.781] [modloading-worker-0/INFO] [Railways/MultiRegistryCallback/]: Registering callback for create:sliding_door in minecraft:block_entity_type
[16mai.2026 10:47:27.781] [modloading-worker-0/INFO] [Railways/MultiRegistryCallback/]: Registering callback for railways:ochrum_sliding_locometal_door in minecraft:block
[16mai.2026 10:47:27.781] [modloading-worker-0/INFO] [Railways/MultiRegistryCallback/]: Registering callback for create:sliding_door in minecraft:block_entity_type
[16mai.2026 10:47:27.781] [modloading-worker-0/INFO] [Railways/MultiRegistryCallback/]: Registering callback for railways:ochrum_folding_locometal_door in minecraft:block
[16mai.2026 10:47:27.781] [modloading-worker-0/INFO] [Railways/MultiRegistryCallback/]: Registering callback for create:flywheel in minecraft:block_entity_type
[16mai.2026 10:47:27.781] [modloading-worker-0/INFO] [Railways/MultiRegistryCallback/]: Registering callback for railways:yellow_locometal_flywheel in minecraft:block
[16mai.2026 10:47:27.781] [modloading-worker-0/INFO] [Railways/MultiRegistryCallback/]: Registering callback for create:sliding_door in minecraft:block_entity_type
[16mai.2026 10:47:27.781] [modloading-worker-0/INFO] [Railways/MultiRegistryCallback/]: Registering callback for railways:yellow_sliding_locometal_door in minecraft:block
[16mai.2026 10:47:27.781] [modloading-worker-0/INFO] [Railways/MultiRegistryCallback/]: Registering callback for create:sliding_door in minecraft:block_entity_type
[16mai.2026 10:47:27.782] [modloading-worker-0/INFO] [Railways/MultiRegistryCallback/]: Registering callback for railways:yellow_folding_locometal_door in minecraft:block
[16mai.2026 10:47:27.782] [modloading-worker-0/INFO] [Railways/MultiRegistryCallback/]: Registering callback for create:flywheel in minecraft:block_entity_type
[16mai.2026 10:47:27.782] [modloading-worker-0/INFO] [Railways/MultiRegistryCallback/]: Registering callback for railways:chartreuse_locometal_flywheel in minecraft:block
[16mai.2026 10:47:27.782] [modloading-worker-0/INFO] [Railways/MultiRegistryCallback/]: Registering callback for create:sliding_door in minecraft:block_entity_type
[16mai.2026 10:47:27.782] [modloading-worker-0/INFO] [Railways/MultiRegistryCallback/]: Registering callback for railways:chartreuse_sliding_locometal_door in minecraft:block
[16mai.2026 10:47:27.782] [modloading-worker-0/INFO] [Railways/MultiRegistryCallback/]: Registering callback for create:sliding_door in minecraft:block_entity_type
[16mai.2026 10:47:27.782] [modloading-worker-0/INFO] [Railways/MultiRegistryCallback/]: Registering callback for railways:chartreuse_folding_locometal_door in minecraft:block
[16mai.2026 10:47:27.782] [modloading-worker-0/INFO] [Railways/MultiRegistryCallback/]: Registering callback for create:flywheel in minecraft:block_entity_type
[16mai.2026 10:47:27.782] [modloading-worker-0/INFO] [Railways/MultiRegistryCallback/]: Registering callback for railways:olive_green_locometal_flywheel in minecraft:block
[16mai.2026 10:47:27.782] [modloading-worker-0/INFO] [Railways/MultiRegistryCallback/]: Registering callback for create:sliding_door in minecraft:block_entity_type
[16mai.2026 10:47:27.782] [modloading-worker-0/INFO] [Railways/MultiRegistryCallback/]: Registering callback for railways:olive_green_sliding_locometal_door in minecraft:block
[16mai.2026 10:47:27.782] [modloading-worker-0/INFO] [Railways/MultiRegistryCallback/]: Registering callback for create:sliding_door in minecraft:block_entity_type
[16mai.2026 10:47:27.782] [modloading-worker-0/INFO] [Railways/MultiRegistryCallback/]: Registering callback for railways:olive_green_folding_locometal_door in minecraft:block
[16mai.2026 10:47:27.782] [modloading-worker-0/INFO] [STDOUT/]: [com.enderio.conduits.EIOConduits:onConstruct:30]: ================ Conduits construct ==================
[16mai.2026 10:47:27.782] [modloading-worker-0/INFO] [Railways/MultiRegistryCallback/]: Registering callback for create:flywheel in minecraft:block_entity_type
[16mai.2026 10:47:27.784] [modloading-worker-0/INFO] [Railways/MultiRegistryCallback/]: Registering callback for railways:lime_locometal_flywheel in minecraft:block
[16mai.2026 10:47:27.785] [modloading-worker-0/INFO] [Railways/MultiRegistryCallback/]: Registering callback for create:sliding_door in minecraft:block_entity_type
[16mai.2026 10:47:27.785] [modloading-worker-0/INFO] [Railways/MultiRegistryCallback/]: Registering callback for railways:lime_sliding_locometal_door in minecraft:block
[16mai.2026 10:47:27.785] [modloading-worker-0/INFO] [Railways/MultiRegistryCallback/]: Registering callback for create:sliding_door in minecraft:block_entity_type
[16mai.2026 10:47:27.785] [modloading-worker-0/INFO] [Railways/MultiRegistryCallback/]: Registering callback for railways:lime_folding_locometal_door in minecraft:block
[16mai.2026 10:47:27.785] [modloading-worker-0/INFO] [Railways/MultiRegistryCallback/]: Registering callback for create:flywheel in minecraft:block_entity_type
[16mai.2026 10:47:27.785] [modloading-worker-0/INFO] [Railways/MultiRegistryCallback/]: Registering callback for railways:green_locometal_flywheel in minecraft:block
[16mai.2026 10:47:27.785] [modloading-worker-0/INFO] [Railways/MultiRegistryCallback/]: Registering callback for create:sliding_door in minecraft:block_entity_type
[16mai.2026 10:47:27.785] [modloading-worker-0/INFO] [Railways/MultiRegistryCallback/]: Registering callback for railways:green_sliding_locometal_door in minecraft:block
[16mai.2026 10:47:27.785] [modloading-worker-0/INFO] [Railways/MultiRegistryCallback/]: Registering callback for create:sliding_door in minecraft:block_entity_type
[16mai.2026 10:47:27.785] [modloading-worker-0/INFO] [Railways/MultiRegistryCallback/]: Registering callback for railways:green_folding_locometal_door in minecraft:block
[16mai.2026 10:47:27.785] [modloading-worker-0/INFO] [Railways/MultiRegistryCallback/]: Registering callback for create:flywheel in minecraft:block_entity_type
[16mai.2026 10:47:27.785] [modloading-worker-0/INFO] [Railways/MultiRegistryCallback/]: Registering callback for railways:pine_green_locometal_flywheel in minecraft:block
[16mai.2026 10:47:27.785] [modloading-worker-0/INFO] [Railways/MultiRegistryCallback/]: Registering callback for create:sliding_door in minecraft:block_entity_type
[16mai.2026 10:47:27.785] [modloading-worker-0/INFO] [Railways/MultiRegistryCallback/]: Registering callback for railways:pine_green_sliding_locometal_door in minecraft:block
[16mai.2026 10:47:27.785] [modloading-worker-0/INFO] [Railways/MultiRegistryCallback/]: Registering callback for create:sliding_door in minecraft:block_entity_type
[16mai.2026 10:47:27.785] [modloading-worker-0/INFO] [Railways/MultiRegistryCallback/]: Registering callback for railways:pine_green_folding_locometal_door in minecraft:block
[16mai.2026 10:47:27.785] [modloading-worker-0/INFO] [Railways/MultiRegistryCallback/]: Registering callback for create:flywheel in minecraft:block_entity_type
[16mai.2026 10:47:27.785] [modloading-worker-0/INFO] [Railways/MultiRegistryCallback/]: Registering callback for railways:cyan_locometal_flywheel in minecraft:block
[16mai.2026 10:47:27.785] [modloading-worker-0/INFO] [Railways/MultiRegistryCallback/]: Registering callback for create:sliding_door in minecraft:block_entity_type
[16mai.2026 10:47:27.785] [modloading-worker-0/INFO] [Railways/MultiRegistryCallback/]: Registering callback for railways:cyan_sliding_locometal_door in minecraft:block
[16mai.2026 10:47:27.785] [modloading-worker-0/INFO] [Railways/MultiRegistryCallback/]: Registering callback for create:sliding_door in minecraft:block_entity_type
[16mai.2026 10:47:27.785] [modloading-worker-0/INFO] [Railways/MultiRegistryCallback/]: Registering callback for railways:cyan_folding_locometal_door in minecraft:block
[16mai.2026 10:47:27.785] [modloading-worker-0/INFO] [Railways/MultiRegistryCallback/]: Registering callback for create:flywheel in minecraft:block_entity_type
[16mai.2026 10:47:27.785] [modloading-worker-0/INFO] [Railways/MultiRegistryCallback/]: Registering callback for railways:sea_green_locometal_flywheel in minecraft:block
[16mai.2026 10:47:27.785] [modloading-worker-0/INFO] [Railways/MultiRegistryCallback/]: Registering callback for create:sliding_door in minecraft:block_entity_type
[16mai.2026 10:47:27.785] [modloading-worker-0/INFO] [Railways/MultiRegistryCallback/]: Registering callback for railways:sea_green_sliding_locometal_door in minecraft:block
[16mai.2026 10:47:27.785] [modloading-worker-0/INFO] [Railways/MultiRegistryCallback/]: Registering callback for create:sliding_door in minecraft:block_entity_type
[16mai.2026 10:47:27.785] [modloading-worker-0/INFO] [Railways/MultiRegistryCallback/]: Registering callback for railways:sea_green_folding_locometal_door in minecraft:block
[16mai.2026 10:47:27.785] [modloading-worker-0/INFO] [Railways/MultiRegistryCallback/]: Registering callback for create:flywheel in minecraft:block_entity_type
[16mai.2026 10:47:27.785] [modloading-worker-0/INFO] [Railways/MultiRegistryCallback/]: Registering callback for railways:turquoise_locometal_flywheel in minecraft:block
[16mai.2026 10:47:27.785] [modloading-worker-0/INFO] [Railways/MultiRegistryCallback/]: Registering callback for create:sliding_door in minecraft:block_entity_type
[16mai.2026 10:47:27.785] [modloading-worker-0/INFO] [Railways/MultiRegistryCallback/]: Registering callback for railways:turquoise_sliding_locometal_door in minecraft:block
[16mai.2026 10:47:27.785] [modloading-worker-0/INFO] [Railways/MultiRegistryCallback/]: Registering callback for create:sliding_door in minecraft:block_entity_type
[16mai.2026 10:47:27.785] [modloading-worker-0/INFO] [Railways/MultiRegistryCallback/]: Registering callback for railways:turquoise_folding_locometal_door in minecraft:block
[16mai.2026 10:47:27.785] [modloading-worker-0/INFO] [Railways/MultiRegistryCallback/]: Registering callback for create:flywheel in minecraft:block_entity_type
[16mai.2026 10:47:27.785] [modloading-worker-0/INFO] [Railways/MultiRegistryCallback/]: Registering callback for railways:light_blue_locometal_flywheel in minecraft:block
[16mai.2026 10:47:27.785] [modloading-worker-0/INFO] [Railways/MultiRegistryCallback/]: Registering callback for create:sliding_door in minecraft:block_entity_type
[16mai.2026 10:47:27.785] [modloading-worker-0/INFO] [Railways/MultiRegistryCallback/]: Registering callback for railways:light_blue_sliding_locometal_door in minecraft:block
[16mai.2026 10:47:27.785] [modloading-worker-0/INFO] [Railways/MultiRegistryCallback/]: Registering callback for create:sliding_door in minecraft:block_entity_type
[16mai.2026 10:47:27.785] [modloading-worker-0/INFO] [Railways/MultiRegistryCallback/]: Registering callback for railways:light_blue_folding_locometal_door in minecraft:block
[16mai.2026 10:47:27.785] [modloading-worker-0/INFO] [Railways/MultiRegistryCallback/]: Registering callback for create:flywheel in minecraft:block_entity_type
[16mai.2026 10:47:27.785] [modloading-worker-0/INFO] [Railways/MultiRegistryCallback/]: Registering callback for railways:blue_locometal_flywheel in minecraft:block
[16mai.2026 10:47:27.785] [modloading-worker-0/INFO] [Railways/MultiRegistryCallback/]: Registering callback for create:sliding_door in minecraft:block_entity_type
[16mai.2026 10:47:27.785] [modloading-worker-0/INFO] [Railways/MultiRegistryCallback/]: Registering callback for railways:blue_sliding_locometal_door in minecraft:block
[16mai.2026 10:47:27.785] [modloading-worker-0/INFO] [Railways/MultiRegistryCallback/]: Registering callback for create:sliding_door in minecraft:block_entity_type
[16mai.2026 10:47:27.785] [modloading-worker-0/INFO] [Railways/MultiRegistryCallback/]: Registering callback for railways:blue_folding_locometal_door in minecraft:block
[16mai.2026 10:47:27.785] [modloading-worker-0/INFO] [Railways/MultiRegistryCallback/]: Registering callback for create:flywheel in minecraft:block_entity_type
[16mai.2026 10:47:27.785] [modloading-worker-0/INFO] [Railways/MultiRegistryCallback/]: Registering callback for railways:royal_blue_locometal_flywheel in minecraft:block
[16mai.2026 10:47:27.785] [modloading-worker-0/INFO] [Railways/MultiRegistryCallback/]: Registering callback for create:sliding_door in minecraft:block_entity_type
[16mai.2026 10:47:27.785] [modloading-worker-0/INFO] [Railways/MultiRegistryCallback/]: Registering callback for railways:royal_blue_sliding_locometal_door in minecraft:block
[16mai.2026 10:47:27.785] [modloading-worker-0/INFO] [Railways/MultiRegistryCallback/]: Registering callback for create:sliding_door in minecraft:block_entity_type
[16mai.2026 10:47:27.785] [modloading-worker-0/INFO] [Railways/MultiRegistryCallback/]: Registering callback for railways:royal_blue_folding_locometal_door in minecraft:block
[16mai.2026 10:47:27.785] [modloading-worker-0/INFO] [Railways/MultiRegistryCallback/]: Registering callback for create:flywheel in minecraft:block_entity_type
[16mai.2026 10:47:27.785] [modloading-worker-0/INFO] [Railways/MultiRegistryCallback/]: Registering callback for railways:purple_locometal_flywheel in minecraft:block
[16mai.2026 10:47:27.785] [modloading-worker-0/INFO] [Railways/MultiRegistryCallback/]: Registering callback for create:sliding_door in minecraft:block_entity_type
[16mai.2026 10:47:27.786] [modloading-worker-0/INFO] [Railways/MultiRegistryCallback/]: Registering callback for railways:purple_sliding_locometal_door in minecraft:block
[16mai.2026 10:47:27.786] [modloading-worker-0/INFO] [Railways/MultiRegistryCallback/]: Registering callback for create:sliding_door in minecraft:block_entity_type
[16mai.2026 10:47:27.786] [modloading-worker-0/INFO] [Railways/MultiRegistryCallback/]: Registering callback for railways:purple_folding_locometal_door in minecraft:block
[16mai.2026 10:47:27.786] [modloading-worker-0/INFO] [Railways/MultiRegistryCallback/]: Registering callback for create:flywheel in minecraft:block_entity_type
[16mai.2026 10:47:27.786] [modloading-worker-0/INFO] [Railways/MultiRegistryCallback/]: Registering callback for railways:magenta_locometal_flywheel in minecraft:block
[16mai.2026 10:47:27.786] [modloading-worker-0/INFO] [Railways/MultiRegistryCallback/]: Registering callback for create:sliding_door in minecraft:block_entity_type
[16mai.2026 10:47:27.786] [modloading-worker-0/INFO] [Railways/MultiRegistryCallback/]: Registering callback for railways:magenta_sliding_locometal_door in minecraft:block
[16mai.2026 10:47:27.786] [modloading-worker-0/INFO] [Railways/MultiRegistryCallback/]: Registering callback for create:sliding_door in minecraft:block_entity_type
[16mai.2026 10:47:27.786] [modloading-worker-0/INFO] [Railways/MultiRegistryCallback/]: Registering callback for railways:magenta_folding_locometal_door in minecraft:block
[16mai.2026 10:47:27.786] [modloading-worker-0/INFO] [Railways/MultiRegistryCallback/]: Registering callback for create:flywheel in minecraft:block_entity_type
[16mai.2026 10:47:27.786] [modloading-worker-0/INFO] [Railways/MultiRegistryCallback/]: Registering callback for railways:pink_locometal_flywheel in minecraft:block
[16mai.2026 10:47:27.786] [modloading-worker-0/INFO] [Railways/MultiRegistryCallback/]: Registering callback for create:sliding_door in minecraft:block_entity_type
[16mai.2026 10:47:27.786] [modloading-worker-0/INFO] [Railways/MultiRegistryCallback/]: Registering callback for railways:pink_sliding_locometal_door in minecraft:block
[16mai.2026 10:47:27.786] [modloading-worker-0/INFO] [Railways/MultiRegistryCallback/]: Registering callback for create:sliding_door in minecraft:block_entity_type
[16mai.2026 10:47:27.786] [modloading-worker-0/INFO] [Railways/MultiRegistryCallback/]: Registering callback for railways:pink_folding_locometal_door in minecraft:block
[16mai.2026 10:47:27.786] [modloading-worker-0/INFO] [Railways/MultiRegistryCallback/]: Registering callback for create:flywheel in minecraft:block_entity_type
[16mai.2026 10:47:27.786] [modloading-worker-0/INFO] [Railways/MultiRegistryCallback/]: Registering callback for railways:white_locometal_flywheel in minecraft:block
[16mai.2026 10:47:27.786] [modloading-worker-0/INFO] [Railways/MultiRegistryCallback/]: Registering callback for create:sliding_door in minecraft:block_entity_type
[16mai.2026 10:47:27.786] [modloading-worker-0/INFO] [Railways/MultiRegistryCallback/]: Registering callback for railways:white_sliding_locometal_door in minecraft:block
[16mai.2026 10:47:27.786] [modloading-worker-0/INFO] [Railways/MultiRegistryCallback/]: Registering callback for create:sliding_door in minecraft:block_entity_type
[16mai.2026 10:47:27.786] [modloading-worker-0/INFO] [Railways/MultiRegistryCallback/]: Registering callback for railways:white_folding_locometal_door in minecraft:block
[16mai.2026 10:47:27.786] [modloading-worker-0/INFO] [Railways/MultiRegistryCallback/]: Registering callback for create:flywheel in minecraft:block_entity_type
[16mai.2026 10:47:27.786] [modloading-worker-0/INFO] [Railways/MultiRegistryCallback/]: Registering callback for railways:diorite_locometal_flywheel in minecraft:block
[16mai.2026 10:47:27.786] [modloading-worker-0/INFO] [Railways/MultiRegistryCallback/]: Registering callback for create:sliding_door in minecraft:block_entity_type
[16mai.2026 10:47:27.786] [modloading-worker-0/INFO] [Railways/MultiRegistryCallback/]: Registering callback for railways:diorite_sliding_locometal_door in minecraft:block
[16mai.2026 10:47:27.786] [modloading-worker-0/INFO] [Railways/MultiRegistryCallback/]: Registering callback for create:sliding_door in minecraft:block_entity_type
[16mai.2026 10:47:27.786] [modloading-worker-0/INFO] [Railways/MultiRegistryCallback/]: Registering callback for railways:diorite_folding_locometal_door in minecraft:block
[16mai.2026 10:47:27.786] [modloading-worker-0/INFO] [Railways/MultiRegistryCallback/]: Registering callback for create:flywheel in minecraft:block_entity_type
[16mai.2026 10:47:27.786] [modloading-worker-0/INFO] [Railways/MultiRegistryCallback/]: Registering callback for railways:limestone_locometal_flywheel in minecraft:block
[16mai.2026 10:47:27.786] [modloading-worker-0/INFO] [Railways/MultiRegistryCallback/]: Registering callback for create:sliding_door in minecraft:block_entity_type
[16mai.2026 10:47:27.786] [modloading-worker-0/INFO] [Railways/MultiRegistryCallback/]: Registering callback for railways:limestone_sliding_locometal_door in minecraft:block
[16mai.2026 10:47:27.786] [modloading-worker-0/INFO] [Railways/MultiRegistryCallback/]: Registering callback for create:sliding_door in minecraft:block_entity_type
[16mai.2026 10:47:27.786] [modloading-worker-0/INFO] [Railways/MultiRegistryCallback/]: Registering callback for railways:limestone_folding_locometal_door in minecraft:block
[16mai.2026 10:47:27.786] [modloading-worker-0/INFO] [Railways/MultiRegistryCallback/]: Registering callback for create:flywheel in minecraft:block_entity_type
[16mai.2026 10:47:27.786] [modloading-worker-0/INFO] [Railways/MultiRegistryCallback/]: Registering callback for railways:light_gray_locometal_flywheel in minecraft:block
[16mai.2026 10:47:27.786] [modloading-worker-0/INFO] [Railways/MultiRegistryCallback/]: Registering callback for create:sliding_door in minecraft:block_entity_type
[16mai.2026 10:47:27.786] [modloading-worker-0/INFO] [Railways/MultiRegistryCallback/]: Registering callback for railways:light_gray_sliding_locometal_door in minecraft:block
[16mai.2026 10:47:27.786] [modloading-worker-0/INFO] [Railways/MultiRegistryCallback/]: Registering callback for create:sliding_door in minecraft:block_entity_type
[16mai.2026 10:47:27.786] [modloading-worker-0/INFO] [Railways/MultiRegistryCallback/]: Registering callback for railways:light_gray_folding_locometal_door in minecraft:block
[16mai.2026 10:47:27.786] [modloading-worker-0/INFO] [Railways/MultiRegistryCallback/]: Registering callback for create:flywheel in minecraft:block_entity_type
[16mai.2026 10:47:27.786] [modloading-worker-0/INFO] [Railways/MultiRegistryCallback/]: Registering callback for railways:tuff_locometal_flywheel in minecraft:block
[16mai.2026 10:47:27.786] [modloading-worker-0/INFO] [Railways/MultiRegistryCallback/]: Registering callback for create:sliding_door in minecraft:block_entity_type
[16mai.2026 10:47:27.786] [modloading-worker-0/INFO] [Railways/MultiRegistryCallback/]: Registering callback for railways:tuff_sliding_locometal_door in minecraft:block
[16mai.2026 10:47:27.786] [modloading-worker-0/INFO] [Railways/MultiRegistryCallback/]: Registering callback for create:sliding_door in minecraft:block_entity_type
[16mai.2026 10:47:27.786] [modloading-worker-0/INFO] [Railways/MultiRegistryCallback/]: Registering callback for railways:tuff_folding_locometal_door in minecraft:block
[16mai.2026 10:47:27.786] [modloading-worker-0/INFO] [Railways/MultiRegistryCallback/]: Registering callback for create:flywheel in minecraft:block_entity_type
[16mai.2026 10:47:27.786] [modloading-worker-0/INFO] [Railways/MultiRegistryCallback/]: Registering callback for railways:gray_locometal_flywheel in minecraft:block
[16mai.2026 10:47:27.786] [modloading-worker-0/INFO] [Railways/MultiRegistryCallback/]: Registering callback for create:sliding_door in minecraft:block_entity_type
[16mai.2026 10:47:27.786] [modloading-worker-0/INFO] [Railways/MultiRegistryCallback/]: Registering callback for railways:gray_sliding_locometal_door in minecraft:block
[16mai.2026 10:47:27.786] [modloading-worker-0/INFO] [Railways/MultiRegistryCallback/]: Registering callback for create:sliding_door in minecraft:block_entity_type
[16mai.2026 10:47:27.786] [modloading-worker-0/INFO] [Railways/MultiRegistryCallback/]: Registering callback for railways:gray_folding_locometal_door in minecraft:block
[16mai.2026 10:47:27.786] [modloading-worker-0/INFO] [Railways/MultiRegistryCallback/]: Registering callback for create:flywheel in minecraft:block_entity_type
[16mai.2026 10:47:27.786] [modloading-worker-0/INFO] [Railways/MultiRegistryCallback/]: Registering callback for railways:scorchia_locometal_flywheel in minecraft:block
[16mai.2026 10:47:27.786] [modloading-worker-0/INFO] [Railways/MultiRegistryCallback/]: Registering callback for create:sliding_door in minecraft:block_entity_type
[16mai.2026 10:47:27.786] [modloading-worker-0/INFO] [Railways/MultiRegistryCallback/]: Registering callback for railways:scorchia_sliding_locometal_door in minecraft:block
[16mai.2026 10:47:27.786] [modloading-worker-0/INFO] [Railways/MultiRegistryCallback/]: Registering callback for create:sliding_door in minecraft:block_entity_type
[16mai.2026 10:47:27.786] [modloading-worker-0/INFO] [Railways/MultiRegistryCallback/]: Registering callback for railways:scorchia_folding_locometal_door in minecraft:block
[16mai.2026 10:47:27.786] [modloading-worker-0/INFO] [Railways/MultiRegistryCallback/]: Registering callback for create:flywheel in minecraft:block_entity_type
[16mai.2026 10:47:27.786] [modloading-worker-0/INFO] [Railways/MultiRegistryCallback/]: Registering callback for railways:black_locometal_flywheel in minecraft:block
[16mai.2026 10:47:27.787] [modloading-worker-0/INFO] [Railways/MultiRegistryCallback/]: Registering callback for create:sliding_door in minecraft:block_entity_type
[16mai.2026 10:47:27.787] [modloading-worker-0/INFO] [Railways/MultiRegistryCallback/]: Registering callback for railways:black_sliding_locometal_door in minecraft:block
[16mai.2026 10:47:27.787] [modloading-worker-0/INFO] [Railways/MultiRegistryCallback/]: Registering callback for create:sliding_door in minecraft:block_entity_type
[16mai.2026 10:47:27.787] [modloading-worker-0/INFO] [Railways/MultiRegistryCallback/]: Registering callback for railways:black_folding_locometal_door in minecraft:block
[16mai.2026 10:47:27.794] [modloading-worker-0/INFO] [Railways/]: Registering tracks for Hex Casting
[16mai.2026 10:47:27.795] [modloading-worker-0/INFO] [Railways/]: Registering tracks for Oh The Biomes You'll Go
[16mai.2026 10:47:27.795] [modloading-worker-0/INFO] [Railways/]: Registering tracks for Blue Skies
[16mai.2026 10:47:27.796] [modloading-worker-0/INFO] [Railways/]: Registering tracks for Twilight Forest
[16mai.2026 10:47:27.797] [modloading-worker-0/INFO] [Railways/]: Registering tracks for Biomes O' Plenty
[16mai.2026 10:47:27.797] [modloading-worker-0/INFO] [Railways/]: Registering tracks for Nature's Spirit
[16mai.2026 10:47:27.797] [modloading-worker-0/INFO] [Railways/]: Registering tracks for Dreams and Desires
[16mai.2026 10:47:27.798] [modloading-worker-0/INFO] [Railways/]: Registering tracks for Quark
[16mai.2026 10:47:27.799] [modloading-worker-0/INFO] [Railways/]: Registering tracks for TerraFirmaCraft
[16mai.2026 10:47:27.877] [main/INFO] [Cynosure Event Registration/]: Registered cynosure event subscriber dev/mayaqq/estrogen/forge/compat/CreateForgeCompatKt to bus main
[16mai.2026 10:47:27.931] [main/INFO] [Cynosure Event Registration/]: Registered cynosure event subscriber dev/mayaqq/estrogen/features/thighhighs/ThighHighsLootKt to bus main
[16mai.2026 10:47:27.940] [main/INFO] [Cynosure Event Registration/]: Registered cynosure event subscriber dev/mayaqq/estrogen/features/thighhighs/ThighHighStyleLoaderKt to bus main
[16mai.2026 10:47:27.940] [main/INFO] [Cynosure Event Registration/]: Registered cynosure event subscriber dev/mayaqq/estrogen/features/minigame/Minigame to bus main
[16mai.2026 10:47:27.948] [main/INFO] [Cynosure Event Registration/]: Registered cynosure event subscriber dev/mayaqq/estrogen/features/extra/BoobPeopleKt to bus main
[16mai.2026 10:47:27.949] [main/INFO] [Cynosure Event Registration/]: Registered cynosure event subscriber dev/mayaqq/estrogen/features/boobs/ServerSideBoobHandlingKt to bus main
[16mai.2026 10:47:27.949] [main/INFO] [Cynosure Event Registration/]: Registered cynosure event subscriber dev/mayaqq/estrogen/content/recipes/EntityInteractionRecipeKt to bus main
[16mai.2026 10:47:27.950] [main/INFO] [Cynosure Event Registration/]: Registered cynosure event subscriber dev/mayaqq/estrogen/content/enchantments/UwuCurseEnchantmentKt to bus main
[16mai.2026 10:47:27.951] [main/INFO] [Cynosure Event Registration/]: Registered cynosure event subscriber dev/mayaqq/estrogen/content/effects/EstrogenEffectKt to bus main
[16mai.2026 10:47:27.952] [main/INFO] [Cynosure Event Registration/]: Registered cynosure event subscriber dev/mayaqq/estrogen/content/blocks/DreamBlock$Companion to bus main
[16mai.2026 10:47:27.954] [main/INFO] [Cynosure Event Registration/]: Registered cynosure event subscriber dev/mayaqq/estrogen/content/blocks/CauldronInteractions to bus main
[16mai.2026 10:47:27.955] [main/INFO] [Cynosure Event Registration/]: Registered cynosure event subscriber dev/mayaqq/estrogen/content/advancements/triggers/KilledWithEffectTriggerKt to bus main
[16mai.2026 10:47:27.955] [main/INFO] [Cynosure Event Registration/]: Registered cynosure event subscriber dev/mayaqq/estrogen/content/EstrogenAttributesKt to bus main
[16mai.2026 10:47:27.956] [main/INFO] [Cynosure Event Registration/]: Registered cynosure event subscriber dev/mayaqq/estrogen/compat/cobblemon/ModlessCobblemonCompatKt to bus main
[16mai.2026 10:47:27.956] [main/INFO] [Cynosure Event Registration/]: Registered cynosure event subscriber dev/mayaqq/estrogen/client/content/blockRenderers/dreamBlock/texture/DynamicDreamTexture to bus main
[16mai.2026 10:47:27.958] [main/INFO] [Cynosure Event Registration/]: Registered cynosure event subscriber dev/mayaqq/estrogen/Estrogen to bus main
[16mai.2026 10:47:27.965] [main/INFO] [Cynosure Event Registration/]: Registered cynosure event subscriber dev/mayaqq/createestrogen/CreateEstrogen to bus main
[16mai.2026 10:47:28.193] [main/INFO] [net.minecraft.resources.RegistryDataLoader/]: Capturing existing worldgen registries
[16mai.2026 10:47:28.193] [main/INFO] [net.minecraft.resources.RegistryDataLoader/]: Found 0 injected RegistryDataLoader worldgen registries
[16mai.2026 10:47:29.436] [main/ERROR] [net.minecraftforge.fml.loading.RuntimeDistCleaner/DISTXFORM]: Attempted to load class net/minecraft/client/renderer/RenderType for invalid dist DEDICATED_SERVER
[16mai.2026 10:47:29.437] [main/WARN] [Radium Class Analysis/]: Radium Class Analysis Error: Class net.darkhax.botanypots.block.BlockBotanyPot cannot be analysed, because getting declared methods crashes with RuntimeException: Attempted to load class net/minecraft/client/renderer/RenderType for invalid dist DEDICATED_SERVER. This is usually caused by modded entities declaring methods that have a return type or parameter type that is annotated with @OnlyIn(Dist.CLIENT). Loading the type is not possible, because it only exists in the CLIENT environment. The recommended fix is to annotate the method with this argument or return type with the same annotation. Lithium handles this error by assuming the class cannot be included in some optimizations.
[16mai.2026 10:47:29.437] [main/ERROR] [net.minecraftforge.fml.loading.RuntimeDistCleaner/DISTXFORM]: Attempted to load class net/minecraft/client/renderer/RenderType for invalid dist DEDICATED_SERVER
[16mai.2026 10:47:29.438] [main/WARN] [Radium Class Analysis/]: Radium Class Analysis Error: Class net.darkhax.botanypots.block.BlockBotanyPot cannot be analysed, because getting declared methods crashes with RuntimeException: Attempted to load class net/minecraft/client/renderer/RenderType for invalid dist DEDICATED_SERVER. This is usually caused by modded entities declaring methods that have a return type or parameter type that is annotated with @OnlyIn(Dist.CLIENT). Loading the type is not possible, because it only exists in the CLIENT environment. The recommended fix is to annotate the method with this argument or return type with the same annotation. Lithium handles this error by assuming the class cannot be included in some optimizations.
[16mai.2026 10:47:29.680] [Thread-1/INFO] [ModernFix/]: Please use /mfsrc to reload any changed mod config files
[16mai.2026 10:47:30.124] [main/ERROR] [net.minecraftforge.fml.loading.RuntimeDistCleaner/DISTXFORM]: Attempted to load class net/minecraft/client/renderer/RenderType for invalid dist DEDICATED_SERVER
[16mai.2026 10:47:30.124] [main/WARN] [Radium Class Analysis/]: Radium Class Analysis Error: Class net.darkhax.botanypots.block.BlockBotanyPot cannot be analysed, because getting declared methods crashes with RuntimeException: Attempted to load class net/minecraft/client/renderer/RenderType for invalid dist DEDICATED_SERVER. This is usually caused by modded entities declaring methods that have a return type or parameter type that is annotated with @OnlyIn(Dist.CLIENT). Loading the type is not possible, because it only exists in the CLIENT environment. The recommended fix is to annotate the method with this argument or return type with the same annotation. Lithium handles this error by assuming the class cannot be included in some optimizations.
[16mai.2026 10:47:30.124] [main/ERROR] [net.minecraftforge.fml.loading.RuntimeDistCleaner/DISTXFORM]: Attempted to load class net/minecraft/client/renderer/RenderType for invalid dist DEDICATED_SERVER
[16mai.2026 10:47:30.124] [main/WARN] [Radium Class Analysis/]: Radium Class Analysis Error: Class net.darkhax.botanypots.block.BlockBotanyPot cannot be analysed, because getting declared methods crashes with RuntimeException: Attempted to load class net/minecraft/client/renderer/RenderType for invalid dist DEDICATED_SERVER. This is usually caused by modded entities declaring methods that have a return type or parameter type that is annotated with @OnlyIn(Dist.CLIENT). Loading the type is not possible, because it only exists in the CLIENT environment. The recommended fix is to annotate the method with this argument or return type with the same annotation. Lithium handles this error by assuming the class cannot be included in some optimizations.
[16mai.2026 10:47:31.312] [main/INFO] [net.minecraftforge.coremod.CoreMod.apotheosis/COREMODLOG]: Replaced 1 calls to Enchantment#getMaxLevel() in net/minecraft/world/entity/npc/VillagerTrades$EnchantBookForEmeralds
[16mai.2026 10:47:31.312] [main/INFO] [net.minecraftforge.coremod.CoreMod.apotheosis/COREMODLOG]: Replaced 1 calls to Enchantment#isTreasureOnly() in net/minecraft/world/entity/npc/VillagerTrades$EnchantBookForEmeralds
[16mai.2026 10:47:31.312] [main/INFO] [net.minecraftforge.coremod.CoreMod.apotheosis/COREMODLOG]: Replaced 1 calls to Enchantment#isTradeable() in net/minecraft/world/entity/npc/VillagerTrades$EnchantBookForEmeralds
[16mai.2026 10:47:31.951] [main/INFO] [SimpleHats/]: Generated 293 hat items from hat entries.
[16mai.2026 10:47:32.082] [main/INFO] [dev.architectury.networking.forge.NetworkManagerImpl/]: Registering C2S receiver with id ae2wtlib:cycle_terminal
[16mai.2026 10:47:32.082] [main/INFO] [dev.architectury.networking.forge.NetworkManagerImpl/]: Registering C2S receiver with id ae2wtlib:pick_block
[16mai.2026 10:47:32.082] [main/INFO] [dev.architectury.networking.forge.NetworkManagerImpl/]: Registering C2S receiver with id ae2wtlib:terminal_settings
[16mai.2026 10:47:32.191] [main/WARN] [dev.architectury.registry.registries.forge.RegistrarManagerImpl/]: Registry entry listened Registry Entry [minecraft:entity_type / artifacts:mimic] was not realized!
[16mai.2026 10:47:32.540] [main/WARN] [dev.architectury.registry.registries.forge.RegistrarManagerImpl/]: Registry entry listened Registry Entry [minecraft:entity_type / artifacts:mimic] was not realized!
[16mai.2026 10:47:32.548] [main/WARN] [dev.architectury.registry.registries.forge.RegistrarManagerImpl/]: Registry entry listened Registry Entry [minecraft:entity_type / artifacts:mimic] was not realized!
[16mai.2026 10:47:32.577] [main/INFO] [Moonlight/]: Initialized block sets in 23ms
[16mai.2026 10:47:32.751] [main/INFO] [Railways/MultiRegistryCallback/]: Running callback for create:flywheel and railways:locometal_flywheel
[16mai.2026 10:47:32.751] [main/INFO] [Railways/MultiRegistryCallback/]: Running callback for create:flywheel and railways:brown_locometal_flywheel
[16mai.2026 10:47:32.751] [main/INFO] [Railways/MultiRegistryCallback/]: Running callback for create:flywheel and railways:maroon_locometal_flywheel
[16mai.2026 10:47:32.751] [main/INFO] [Railways/MultiRegistryCallback/]: Running callback for create:flywheel and railways:red_locometal_flywheel
[16mai.2026 10:47:32.751] [main/INFO] [Railways/MultiRegistryCallback/]: Running callback for create:flywheel and railways:vermilion_locometal_flywheel
[16mai.2026 10:47:32.751] [main/INFO] [Railways/MultiRegistryCallback/]: Running callback for create:flywheel and railways:orange_locometal_flywheel
[16mai.2026 10:47:32.751] [main/INFO] [Railways/MultiRegistryCallback/]: Running callback for create:flywheel and railways:granite_locometal_flywheel
[16mai.2026 10:47:32.751] [main/INFO] [Railways/MultiRegistryCallback/]: Running callback for create:flywheel and railways:dripstone_locometal_flywheel
[16mai.2026 10:47:32.751] [main/INFO] [Railways/MultiRegistryCallback/]: Running callback for create:flywheel and railways:ochrum_locometal_flywheel
[16mai.2026 10:47:32.751] [main/INFO] [Railways/MultiRegistryCallback/]: Running callback for create:flywheel and railways:yellow_locometal_flywheel
[16mai.2026 10:47:32.751] [main/INFO] [Railways/MultiRegistryCallback/]: Running callback for create:flywheel and railways:chartreuse_locometal_flywheel
[16mai.2026 10:47:32.751] [main/INFO] [Railways/MultiRegistryCallback/]: Running callback for create:flywheel and railways:olive_green_locometal_flywheel
[16mai.2026 10:47:32.751] [main/INFO] [Railways/MultiRegistryCallback/]: Running callback for create:flywheel and railways:lime_locometal_flywheel
[16mai.2026 10:47:32.751] [main/INFO] [Railways/MultiRegistryCallback/]: Running callback for create:flywheel and railways:green_locometal_flywheel
[16mai.2026 10:47:32.751] [main/INFO] [Railways/MultiRegistryCallback/]: Running callback for create:flywheel and railways:pine_green_locometal_flywheel
[16mai.2026 10:47:32.751] [main/INFO] [Railways/MultiRegistryCallback/]: Running callback for create:flywheel and railways:cyan_locometal_flywheel
[16mai.2026 10:47:32.751] [main/INFO] [Railways/MultiRegistryCallback/]: Running callback for create:flywheel and railways:sea_green_locometal_flywheel
[16mai.2026 10:47:32.751] [main/INFO] [Railways/MultiRegistryCallback/]: Running callback for create:flywheel and railways:turquoise_locometal_flywheel
[16mai.2026 10:47:32.751] [main/INFO] [Railways/MultiRegistryCallback/]: Running callback for create:flywheel and railways:light_blue_locometal_flywheel
[16mai.2026 10:47:32.751] [main/INFO] [Railways/MultiRegistryCallback/]: Running callback for create:flywheel and railways:blue_locometal_flywheel
[16mai.2026 10:47:32.751] [main/INFO] [Railways/MultiRegistryCallback/]: Running callback for create:flywheel and railways:royal_blue_locometal_flywheel
[16mai.2026 10:47:32.751] [main/INFO] [Railways/MultiRegistryCallback/]: Running callback for create:flywheel and railways:purple_locometal_flywheel
[16mai.2026 10:47:32.751] [main/INFO] [Railways/MultiRegistryCallback/]: Running callback for create:flywheel and railways:magenta_locometal_flywheel
[16mai.2026 10:47:32.751] [main/INFO] [Railways/MultiRegistryCallback/]: Running callback for create:flywheel and railways:pink_locometal_flywheel
[16mai.2026 10:47:32.751] [main/INFO] [Railways/MultiRegistryCallback/]: Running callback for create:flywheel and railways:white_locometal_flywheel
[16mai.2026 10:47:32.751] [main/INFO] [Railways/MultiRegistryCallback/]: Running callback for create:flywheel and railways:diorite_locometal_flywheel
[16mai.2026 10:47:32.751] [main/INFO] [Railways/MultiRegistryCallback/]: Running callback for create:flywheel and railways:limestone_locometal_flywheel
[16mai.2026 10:47:32.752] [main/INFO] [Railways/MultiRegistryCallback/]: Running callback for create:flywheel and railways:light_gray_locometal_flywheel
[16mai.2026 10:47:32.752] [main/INFO] [Railways/MultiRegistryCallback/]: Running callback for create:flywheel and railways:tuff_locometal_flywheel
[16mai.2026 10:47:32.752] [main/INFO] [Railways/MultiRegistryCallback/]: Running callback for create:flywheel and railways:gray_locometal_flywheel
[16mai.2026 10:47:32.752] [main/INFO] [Railways/MultiRegistryCallback/]: Running callback for create:flywheel and railways:scorchia_locometal_flywheel
[16mai.2026 10:47:32.752] [main/INFO] [Railways/MultiRegistryCallback/]: Running callback for create:flywheel and railways:black_locometal_flywheel
[16mai.2026 10:47:32.752] [main/INFO] [Railways/MultiRegistryCallback/]: Running callback for create:sliding_door and railways:sliding_locometal_door
[16mai.2026 10:47:32.752] [main/INFO] [Railways/MultiRegistryCallback/]: Running callback for create:sliding_door and railways:folding_locometal_door
[16mai.2026 10:47:32.752] [main/INFO] [Railways/MultiRegistryCallback/]: Running callback for create:sliding_door and railways:brown_sliding_locometal_door
[16mai.2026 10:47:32.752] [main/INFO] [Railways/MultiRegistryCallback/]: Running callback for create:sliding_door and railways:brown_folding_locometal_door
[16mai.2026 10:47:32.752] [main/INFO] [Railways/MultiRegistryCallback/]: Running callback for create:sliding_door and railways:maroon_sliding_locometal_door
[16mai.2026 10:47:32.752] [main/INFO] [Railways/MultiRegistryCallback/]: Running callback for create:sliding_door and railways:maroon_folding_locometal_door
[16mai.2026 10:47:32.752] [main/INFO] [Railways/MultiRegistryCallback/]: Running callback for create:sliding_door and railways:red_sliding_locometal_door
[16mai.2026 10:47:32.752] [main/INFO] [Railways/MultiRegistryCallback/]: Running callback for create:sliding_door and railways:red_folding_locometal_door
[16mai.2026 10:47:32.752] [main/INFO] [Railways/MultiRegistryCallback/]: Running callback for create:sliding_door and railways:vermilion_sliding_locometal_door
[16mai.2026 10:47:32.752] [main/INFO] [Railways/MultiRegistryCallback/]: Running callback for create:sliding_door and railways:vermilion_folding_locometal_door
[16mai.2026 10:47:32.752] [main/INFO] [Railways/MultiRegistryCallback/]: Running callback for create:sliding_door and railways:orange_sliding_locometal_door
[16mai.2026 10:47:32.752] [main/INFO] [Railways/MultiRegistryCallback/]: Running callback for create:sliding_door and railways:orange_folding_locometal_door
[16mai.2026 10:47:32.752] [main/INFO] [Railways/MultiRegistryCallback/]: Running callback for create:sliding_door and railways:granite_sliding_locometal_door
[16mai.2026 10:47:32.752] [main/INFO] [Railways/MultiRegistryCallback/]: Running callback for create:sliding_door and railways:granite_folding_locometal_door
[16mai.2026 10:47:32.752] [main/INFO] [Railways/MultiRegistryCallback/]: Running callback for create:sliding_door and railways:dripstone_sliding_locometal_door
[16mai.2026 10:47:32.752] [main/INFO] [Railways/MultiRegistryCallback/]: Running callback for create:sliding_door and railways:dripstone_folding_locometal_door
[16mai.2026 10:47:32.752] [main/INFO] [Railways/MultiRegistryCallback/]: Running callback for create:sliding_door and railways:ochrum_sliding_locometal_door
[16mai.2026 10:47:32.752] [main/INFO] [Railways/MultiRegistryCallback/]: Running callback for create:sliding_door and railways:ochrum_folding_locometal_door
[16mai.2026 10:47:32.752] [main/INFO] [Railways/MultiRegistryCallback/]: Running callback for create:sliding_door and railways:yellow_sliding_locometal_door
[16mai.2026 10:47:32.752] [main/INFO] [Railways/MultiRegistryCallback/]: Running callback for create:sliding_door and railways:yellow_folding_locometal_door
[16mai.2026 10:47:32.752] [main/INFO] [Railways/MultiRegistryCallback/]: Running callback for create:sliding_door and railways:chartreuse_sliding_locometal_door
[16mai.2026 10:47:32.752] [main/INFO] [Railways/MultiRegistryCallback/]: Running callback for create:sliding_door and railways:chartreuse_folding_locometal_door
[16mai.2026 10:47:32.752] [main/INFO] [Railways/MultiRegistryCallback/]: Running callback for create:sliding_door and railways:olive_green_sliding_locometal_door
[16mai.2026 10:47:32.752] [main/INFO] [Railways/MultiRegistryCallback/]: Running callback for create:sliding_door and railways:olive_green_folding_locometal_door
[16mai.2026 10:47:32.752] [main/INFO] [Railways/MultiRegistryCallback/]: Running callback for create:sliding_door and railways:lime_sliding_locometal_door
[16mai.2026 10:47:32.752] [main/INFO] [Railways/MultiRegistryCallback/]: Running callback for create:sliding_door and railways:lime_folding_locometal_door
[16mai.2026 10:47:32.752] [main/INFO] [Railways/MultiRegistryCallback/]: Running callback for create:sliding_door and railways:green_sliding_locometal_door
[16mai.2026 10:47:32.752] [main/INFO] [Railways/MultiRegistryCallback/]: Running callback for create:sliding_door and railways:green_folding_locometal_door
[16mai.2026 10:47:32.752] [main/INFO] [Railways/MultiRegistryCallback/]: Running callback for create:sliding_door and railways:pine_green_sliding_locometal_door
[16mai.2026 10:47:32.752] [main/INFO] [Railways/MultiRegistryCallback/]: Running callback for create:sliding_door and railways:pine_green_folding_locometal_door
[16mai.2026 10:47:32.752] [main/INFO] [Railways/MultiRegistryCallback/]: Running callback for create:sliding_door and railways:cyan_sliding_locometal_door
[16mai.2026 10:47:32.752] [main/INFO] [Railways/MultiRegistryCallback/]: Running callback for create:sliding_door and railways:cyan_folding_locometal_door
[16mai.2026 10:47:32.752] [main/INFO] [Railways/MultiRegistryCallback/]: Running callback for create:sliding_door and railways:sea_green_sliding_locometal_door
[16mai.2026 10:47:32.752] [main/INFO] [Railways/MultiRegistryCallback/]: Running callback for create:sliding_door and railways:sea_green_folding_locometal_door
[16mai.2026 10:47:32.752] [main/INFO] [Railways/MultiRegistryCallback/]: Running callback for create:sliding_door and railways:turquoise_sliding_locometal_door
[16mai.2026 10:47:32.752] [main/INFO] [Railways/MultiRegistryCallback/]: Running callback for create:sliding_door and railways:turquoise_folding_locometal_door
[16mai.2026 10:47:32.752] [main/INFO] [Railways/MultiRegistryCallback/]: Running callback for create:sliding_door and railways:light_blue_sliding_locometal_door
[16mai.2026 10:47:32.753] [main/INFO] [Railways/MultiRegistryCallback/]: Running callback for create:sliding_door and railways:light_blue_folding_locometal_door
[16mai.2026 10:47:32.753] [main/INFO] [Railways/MultiRegistryCallback/]: Running callback for create:sliding_door and railways:blue_sliding_locometal_door
[16mai.2026 10:47:32.753] [main/INFO] [Railways/MultiRegistryCallback/]: Running callback for create:sliding_door and railways:blue_folding_locometal_door
[16mai.2026 10:47:32.753] [main/INFO] [Railways/MultiRegistryCallback/]: Running callback for create:sliding_door and railways:royal_blue_sliding_locometal_door
[16mai.2026 10:47:32.753] [main/INFO] [Railways/MultiRegistryCallback/]: Running callback for create:sliding_door and railways:royal_blue_folding_locometal_door
[16mai.2026 10:47:32.753] [main/INFO] [Railways/MultiRegistryCallback/]: Running callback for create:sliding_door and railways:purple_sliding_locometal_door
[16mai.2026 10:47:32.753] [main/INFO] [Railways/MultiRegistryCallback/]: Running callback for create:sliding_door and railways:purple_folding_locometal_door
[16mai.2026 10:47:32.753] [main/INFO] [Railways/MultiRegistryCallback/]: Running callback for create:sliding_door and railways:magenta_sliding_locometal_door
[16mai.2026 10:47:32.753] [main/INFO] [Railways/MultiRegistryCallback/]: Running callback for create:sliding_door and railways:magenta_folding_locometal_door
[16mai.2026 10:47:32.753] [main/INFO] [Railways/MultiRegistryCallback/]: Running callback for create:sliding_door and railways:pink_sliding_locometal_door
[16mai.2026 10:47:32.753] [main/INFO] [Railways/MultiRegistryCallback/]: Running callback for create:sliding_door and railways:pink_folding_locometal_door
[16mai.2026 10:47:32.753] [main/INFO] [Railways/MultiRegistryCallback/]: Running callback for create:sliding_door and railways:white_sliding_locometal_door
[16mai.2026 10:47:32.753] [main/INFO] [Railways/MultiRegistryCallback/]: Running callback for create:sliding_door and railways:white_folding_locometal_door
[16mai.2026 10:47:32.753] [main/INFO] [Railways/MultiRegistryCallback/]: Running callback for create:sliding_door and railways:diorite_sliding_locometal_door
[16mai.2026 10:47:32.753] [main/INFO] [Railways/MultiRegistryCallback/]: Running callback for create:sliding_door and railways:diorite_folding_locometal_door
[16mai.2026 10:47:32.753] [main/INFO] [Railways/MultiRegistryCallback/]: Running callback for create:sliding_door and railways:limestone_sliding_locometal_door
[16mai.2026 10:47:32.753] [main/INFO] [Railways/MultiRegistryCallback/]: Running callback for create:sliding_door and railways:limestone_folding_locometal_door
[16mai.2026 10:47:32.753] [main/INFO] [Railways/MultiRegistryCallback/]: Running callback for create:sliding_door and railways:light_gray_sliding_locometal_door
[16mai.2026 10:47:32.753] [main/INFO] [Railways/MultiRegistryCallback/]: Running callback for create:sliding_door and railways:light_gray_folding_locometal_door
[16mai.2026 10:47:32.753] [main/INFO] [Railways/MultiRegistryCallback/]: Running callback for create:sliding_door and railways:tuff_sliding_locometal_door
[16mai.2026 10:47:32.753] [main/INFO] [Railways/MultiRegistryCallback/]: Running callback for create:sliding_door and railways:tuff_folding_locometal_door
[16mai.2026 10:47:32.753] [main/INFO] [Railways/MultiRegistryCallback/]: Running callback for create:sliding_door and railways:gray_sliding_locometal_door
[16mai.2026 10:47:32.753] [main/INFO] [Railways/MultiRegistryCallback/]: Running callback for create:sliding_door and railways:gray_folding_locometal_door
[16mai.2026 10:47:32.753] [main/INFO] [Railways/MultiRegistryCallback/]: Running callback for create:sliding_door and railways:scorchia_sliding_locometal_door
[16mai.2026 10:47:32.753] [main/INFO] [Railways/MultiRegistryCallback/]: Running callback for create:sliding_door and railways:scorchia_folding_locometal_door
[16mai.2026 10:47:32.753] [main/INFO] [Railways/MultiRegistryCallback/]: Running callback for create:sliding_door and railways:black_sliding_locometal_door
[16mai.2026 10:47:32.753] [main/INFO] [Railways/MultiRegistryCallback/]: Running callback for create:sliding_door and railways:black_folding_locometal_door
[16mai.2026 10:47:32.753] [main/INFO] [Railways/MultiRegistryCallback/]: Running callback for create:copycat and railways:conductor_vent
[16mai.2026 10:47:33.292] [main/INFO] [Railways/MultiRegistryCallback/]: Running callback for create:track_signal and railways:track_signal_source
[16mai.2026 10:47:33.292] [main/INFO] [Railways/MultiRegistryCallback/]: Running finalizers
[16mai.2026 10:47:33.353] [main/INFO] [ModdingLegacy/StructureGel/]: [structure_gel] Registering data for structure_gel:loot_table_alias
[16mai.2026 10:47:33.359] [main/INFO] [ModdingLegacy/StructureGel/]: [structure_gel] Registering data for structure_gel:data_handler_type
[16mai.2026 10:47:33.360] [main/INFO] [ModdingLegacy/StructureGel/]: [structure_gel] Registering data for structure_gel:dynamic_spawner
[16mai.2026 10:47:33.362] [main/INFO] [ModdingLegacy/StructureGel/]: [structure_gel] Registering data for structure_gel:jigsaw_type
[16mai.2026 10:47:33.399] [main/WARN] [net.minecraftforge.registries.ForgeRegistry/REGISTRIES]: Registry forge:global_loot_modifier_serializers: The object RecordCodec[UnitDecoder[vectorwing.farmersdelight.common.loot.modifier.AddItemModifier$$Lambda/0x00000ffc04fab798@216d4900] * Field[conditions: passthrough[flatXmapped]] * Field[item: net.minecraftforge.registries.ForgeRegistry$RegistryCodec@46f86cc1] * OptionalFieldCodec[count: Int][xmapped]] has been registered twice for the same name farmersdelight:add_item.
[16mai.2026 10:47:33.399] [main/WARN] [net.minecraftforge.registries.ForgeRegistry/REGISTRIES]: Registry forge:global_loot_modifier_serializers: The object RecordCodec[UnitDecoder[vectorwing.farmersdelight.common.loot.modifier.ReplaceItemModifier$$Lambda/0x00000ffc04fac328@1c8c40cd] * Field[conditions: passthrough[flatXmapped]] * Field[removed_item: net.minecraftforge.registries.ForgeRegistry$RegistryCodec@46f86cc1] * Field[added_item: net.minecraftforge.registries.ForgeRegistry$RegistryCodec@46f86cc1] * OptionalFieldCodec[count: Int][xmapped]] has been registered twice for the same name farmersdelight:replace_item.
[16mai.2026 10:47:33.399] [main/WARN] [net.minecraftforge.registries.ForgeRegistry/REGISTRIES]: Registry forge:global_loot_modifier_serializers: The object RecordCodec[UnitDecoder[vectorwing.farmersdelight.common.loot.modifier.AddLootTableModifier$$Lambda/0x00000ffc04faca28@6d6e8e21] * Field[conditions: passthrough[flatXmapped]] * Field[lootTable: String[comapFlatMapped]]] has been registered twice for the same name farmersdelight:add_loot_table.
[16mai.2026 10:47:33.400] [main/WARN] [net.minecraftforge.registries.ForgeRegistry/REGISTRIES]: Registry forge:global_loot_modifier_serializers: The object RecordCodec[UnitDecoder[vectorwing.farmersdelight.common.loot.modifier.PastrySlicingModifier$$Lambda/0x00000ffc04fad108@2600efc5] * Field[conditions: passthrough[flatXmapped]] * Field[slice: net.minecraftforge.registries.ForgeRegistry$RegistryCodec@46f86cc1]] has been registered twice for the same name farmersdelight:pastry_slicing.
[16mai.2026 10:47:33.601] [main/WARN] [net.minecraft.network.syncher.SynchedEntityData/]: defineId called for: class com.klikli_dev.occultism.common.entity.spirit.DjinniEntity from class com.klikli_dev.occultism.common.entity.spirit.FoliotEntity
[16mai.2026 10:47:33.927] [main/INFO] [com.tom.storagemod.StorageMod/]: Loaded Tom's Simple Storage config file toms_storage-common.toml
[16mai.2026 10:47:33.936] [main/INFO] [PluginManager/]: Executing phase CONFIG_LOAD for plugin class PatchouliPlugin
[16mai.2026 10:47:33.937] [main/INFO] [PluginManager/]: Executing phase CONFIG_LOAD for plugin class CuriosPlugin
[16mai.2026 10:47:33.938] [main/INFO] [PluginManager/]: Executing phase CONFIG_LOAD for plugin class PatchouliPlugin
[16mai.2026 10:47:33.938] [main/INFO] [PluginManager/]: Executing phase CONFIG_LOAD for plugin class CuriosPlugin
[16mai.2026 10:47:33.940] [main/INFO] [PluginManager/]: Executing phase CONFIG_LOAD for plugin class PatchouliPlugin
[16mai.2026 10:47:33.940] [main/INFO] [PluginManager/]: Executing phase CONFIG_LOAD for plugin class CuriosPlugin
[16mai.2026 10:47:33.942] [main/INFO] [PluginManager/]: Executing phase CONFIG_LOAD for plugin class PatchouliPlugin
[16mai.2026 10:47:33.942] [main/INFO] [PluginManager/]: Executing phase CONFIG_LOAD for plugin class CuriosPlugin
[16mai.2026 10:47:33.943] [main/INFO] [PluginManager/]: Executing phase CONFIG_LOAD for plugin class PatchouliPlugin
[16mai.2026 10:47:33.943] [main/INFO] [PluginManager/]: Executing phase CONFIG_LOAD for plugin class CuriosPlugin
[16mai.2026 10:47:34.203] [modloading-worker-0/INFO] [PluginManager/]: Executing phase COMMON_SETUP for plugin class PatchouliPlugin
[16mai.2026 10:47:34.203] [modloading-worker-0/INFO] [PluginManager/]: Executing phase COMMON_SETUP for plugin class CuriosPlugin
[16mai.2026 10:47:34.210] [modloading-worker-0/INFO] [thetadev.constructionwand.ConstructionWand/]: ConstructionWand says hello - may the odds be ever in your favor.
[16mai.2026 10:47:34.220] [modloading-worker-0/INFO] [thetadev.constructionwand.ConstructionWand/]: Botania integration added
[16mai.2026 10:47:34.224] [modloading-worker-0/INFO] [com.tom.storagemod.StorageMod/]: Tom's Storage Setup starting
[16mai.2026 10:47:34.228] [modloading-worker-0/INFO] [com.tom.storagemod.StorageMod/]: Initilaized Network Handler
[16mai.2026 10:47:34.231] [modloading-worker-0/INFO] [mekanism.common.Mekanism/]: Version 10.4.16 initializing...
[16mai.2026 10:47:34.276] [modloading-worker-0/INFO] [com.connectivity.Connectivity/]: Connectivity initialized
[16mai.2026 10:47:34.276] [modloading-worker-0/INFO] [dynamiclights/]: [Dynamic Lights] Loaded Dynamic Lights by Tschipcraft successfully!
[16mai.2026 10:47:34.281] [modloading-worker-0/INFO] [com.structureessentials.StructureEssentials/]: structureessentials mod initialized
[16mai.2026 10:47:34.315] [modloading-worker-0/INFO] [com.klikli_dev.occultism.Occultism/]: Common setup complete.
[16mai.2026 10:47:34.328] [Forge Version Check/INFO] [net.minecraftforge.fml.VersionChecker/]: [saturn] Starting version check at https://github.com/AbdElAziz333/Saturn/raw/mc1.20.1/dev/updates.json
[16mai.2026 10:47:34.331] [modloading-worker-0/INFO] [mekanism.common.Mekanism/]: Fake player readout: UUID = 46e82cd0-d480-3d48-800a-77431ede078e, name = [Mekanism]
[16mai.2026 10:47:34.331] [modloading-worker-0/INFO] [mekanism.common.Mekanism/]: Mod loaded.
[16mai.2026 10:47:34.352] [modloading-worker-0/INFO] [mekanism.common.Mekanism/]: Loaded 'Mekanism: Generators' module.
[16mai.2026 10:47:34.358] [modloading-worker-0/INFO] [mekanism.common.Mekanism/]: Loaded 'Mekanism: Additions' module.
[16mai.2026 10:47:34.372] [modloading-worker-0/INFO] [Enigmatic Legacy/INFO]: Initializing common setup phase...
[16mai.2026 10:47:34.373] [modloading-worker-0/INFO] [Enigmatic Legacy/INFO]: Registering packets...
[16mai.2026 10:47:34.374] [modloading-worker-0/INFO] [mekanism.common.Mekanism/]: Loaded 'Mekanism: Tools' module.
[16mai.2026 10:47:34.441] [modloading-worker-0/INFO] [Enigmatic Legacy/INFO]: Registering triggers...
[16mai.2026 10:47:34.443] [modloading-worker-0/INFO] [Enigmatic Addons/INFO]: Initializing common setup phase...
[16mai.2026 10:47:34.447] [modloading-worker-0/INFO] [Enigmatic Legacy/INFO]: Registering stats...
[16mai.2026 10:47:34.448] [modloading-worker-0/INFO] [Enigmatic Legacy/INFO]: Common setup phase finished successfully.
[16mai.2026 10:47:34.449] [modloading-worker-0/INFO] [Enigmatic Addons/INFO]: Registering packets...
[16mai.2026 10:47:34.455] [modloading-worker-0/INFO] [com.jaquadro.minecraft.storagedrawers.ModServices/]: New compacting rule 4 clay_ball = 1 clay
[16mai.2026 10:47:34.456] [modloading-worker-0/INFO] [com.jaquadro.minecraft.storagedrawers.ModServices/]: New compacting rule 4 snowball = 1 snow_block
[16mai.2026 10:47:34.456] [modloading-worker-0/INFO] [com.jaquadro.minecraft.storagedrawers.ModServices/]: New compacting rule 4 glowstone_dust = 1 glowstone
[16mai.2026 10:47:34.456] [modloading-worker-0/INFO] [com.jaquadro.minecraft.storagedrawers.ModServices/]: New compacting rule 4 brick = 1 bricks
[16mai.2026 10:47:34.456] [modloading-worker-0/INFO] [com.jaquadro.minecraft.storagedrawers.ModServices/]: New compacting rule 4 nether_brick = 1 nether_bricks
[16mai.2026 10:47:34.456] [modloading-worker-0/INFO] [com.jaquadro.minecraft.storagedrawers.ModServices/]: New compacting rule 9 nether_wart = 1 nether_wart_block
[16mai.2026 10:47:34.456] [modloading-worker-0/INFO] [com.jaquadro.minecraft.storagedrawers.ModServices/]: New compacting rule 4 quartz = 1 quartz_block
[16mai.2026 10:47:34.456] [modloading-worker-0/INFO] [com.jaquadro.minecraft.storagedrawers.ModServices/]: New compacting rule 9 melon_slice = 1 melon
[16mai.2026 10:47:34.456] [modloading-worker-0/INFO] [com.jaquadro.minecraft.storagedrawers.ModServices/]: New compacting rule 9 bamboo = 1 bamboo_block
[16mai.2026 10:47:34.456] [modloading-worker-0/INFO] [com.jaquadro.minecraft.storagedrawers.ModServices/]: New compacting rule 4 clay_ball = 1 clay
[16mai.2026 10:47:34.458] [modloading-worker-0/INFO] [com.jaquadro.minecraft.storagedrawers.ModServices/]: New denied storage item creative_vending_upgrade
[16mai.2026 10:47:34.461] [modloading-worker-0/INFO] [com.jaquadro.minecraft.storagedrawers.ModServices/]: Adding ore conversions for types: forge:storage_blocks, forge:ingots, forge:nuggets
[16mai.2026 10:47:34.462] [modloading-worker-0/INFO] [com.jaquadro.minecraft.storagedrawers.ModServices/]: Adding ore conversions for materials: aluminum, constantan, steel, uranium, invar, tin, lead, silver, platinum, nickel, osmium, bronze, electrum
[16mai.2026 10:47:34.462] [modloading-worker-0/INFO] [Enigmatic Addons/INFO]: Common setup phase finished successfully.
[16mai.2026 10:47:34.579] [modloading-worker-0/INFO] [me.steinborn.krypton.mod.shared.Krypton/]: Compression will use libdeflate (macOS ARM64 / Apple Silicon), encryption will use native (macOS ARM64 / Apple Silicon)
[16mai.2026 10:47:34.913] [main/INFO] [com.jinqinxixi.bountifulbaubles.BountifulBaublesMod/]: [Bountiful Baubles] Brewing recipes registered
[16mai.2026 10:47:34.914] [main/INFO] [com.jinqinxixi.bountifulbaubles.BountifulBaublesMod/]: [Bountiful Baubles] Common setup completed
[16mai.2026 10:47:35.006] [main/WARN] [AllTheLeaks/]: Failed to get VarHandle for class class com.github.alexthe666.citadel.server.world.CitadelServerData with field dataMap and type interface java.util.Map
[16mai.2026 10:47:35.007] [main/ERROR] [AllTheLeaks/]: Failed to instantiate constructor.
java.lang.ExceptionInInitializerError: null
	at java.lang.Class.forName0(Native Method) ~[?:?]
	at java.lang.Class.forName(Class.java:467) ~[?:?]
	at java.lang.Class.forName(Class.java:458) ~[?:?]
	at dev.uncandango.alltheleaks.leaks.IssueManager.lambda$initiateIssues$3(IssueManager.java:166) ~[alltheleaks-1.1.1+1.20.1-forge.jar%23296!/:1.1.1+1.20.1-forge]
	at java.util.ArrayList.forEach(ArrayList.java:1604) ~[?:?]
	at dev.uncandango.alltheleaks.leaks.IssueManager.initiateIssues(IssueManager.java:164) ~[alltheleaks-1.1.1+1.20.1-forge.jar%23296!/:1.1.1+1.20.1-forge]
	at java.util.concurrent.CompletableFuture$AsyncRun.run(CompletableFuture.java:1825) ~[?:?]
	at net.minecraftforge.fml.DeferredWorkQueue.lambda$makeRunnable$2(DeferredWorkQueue.java:81) ~[fmlcore-1.20.1-47.4.10.jar%23476!/:?]
	at net.minecraftforge.fml.DeferredWorkQueue.makeRunnable(DeferredWorkQueue.java:76) ~[fmlcore-1.20.1-47.4.10.jar%23476!/:?]
	at net.minecraftforge.fml.DeferredWorkQueue.lambda$runTasks$0(DeferredWorkQueue.java:60) ~[fmlcore-1.20.1-47.4.10.jar%23476!/:?]
	at java.util.concurrent.ConcurrentLinkedDeque.forEach(ConcurrentLinkedDeque.java:1650) ~[?:?]
	at net.minecraftforge.fml.DeferredWorkQueue.runTasks(DeferredWorkQueue.java:60) ~[fmlcore-1.20.1-47.4.10.jar%23476!/:?]
	at net.minecraftforge.fml.core.ParallelTransition.lambda$finalActivityGenerator$2(ParallelTransition.java:35) ~[forge-1.20.1-47.4.10-universal.jar%23480!/:?]
	at java.util.concurrent.CompletableFuture$UniApply.tryFire(CompletableFuture.java:667) ~[?:?]
	at java.util.concurrent.CompletableFuture$Completion.run(CompletableFuture.java:503) ~[?:?]
	at net.minecraftforge.fml.ModWorkManager$SyncExecutor.driveOne(ModWorkManager.java:43) ~[fmlcore-1.20.1-47.4.10.jar%23476!/:?]
	at net.minecraftforge.fml.ModWorkManager$DrivenExecutor.drive(ModWorkManager.java:28) ~[fmlcore-1.20.1-47.4.10.jar%23476!/:?]
	at net.minecraftforge.fml.ModLoader.waitForTransition(ModLoader.java:224) ~[fmlcore-1.20.1-47.4.10.jar%23476!/:?]
	at net.minecraftforge.fml.ModLoader.lambda$dispatchAndHandleError$20(ModLoader.java:210) ~[fmlcore-1.20.1-47.4.10.jar%23476!/:?]
	at java.util.Optional.ifPresent(Optional.java:178) ~[?:?]
	at net.minecraftforge.fml.ModLoader.dispatchAndHandleError(ModLoader.java:210) ~[fmlcore-1.20.1-47.4.10.jar%23476!/:?]
	at net.minecraftforge.fml.ModLoader.lambda$loadMods$15(ModLoader.java:190) ~[fmlcore-1.20.1-47.4.10.jar%23476!/:?]
	at java.lang.Iterable.forEach(Iterable.java:75) ~[?:?]
	at net.minecraftforge.fml.ModLoader.loadMods(ModLoader.java:190) ~[fmlcore-1.20.1-47.4.10.jar%23476!/:?]
	at net.minecraftforge.server.loading.ServerModLoader.load(ServerModLoader.java:31) ~[forge-1.20.1-47.4.10-universal.jar%23480!/:?]
	at net.minecraft.server.Main.main(Main.java:125) ~[server-1.20.1-20230612.114412-srg.jar%23475!/:?]
	at jdk.internal.reflect.DirectMethodHandleAccessor.invoke(DirectMethodHandleAccessor.java:104) ~[?:?]
	at java.lang.reflect.Method.invoke(Method.java:565) ~[?:?]
	at net.minecraftforge.fml.loading.targets.CommonLaunchHandler.runTarget(CommonLaunchHandler.java:111) ~[fmlloader-1.20.1-47.4.10.jar%2369!/:?]
	at net.minecraftforge.fml.loading.targets.CommonLaunchHandler.serverService(CommonLaunchHandler.java:103) ~[fmlloader-1.20.1-47.4.10.jar%2369!/:?]
	at net.minecraftforge.fml.loading.targets.CommonServerLaunchHandler.lambda$makeService$0(CommonServerLaunchHandler.java:27) ~[fmlloader-1.20.1-47.4.10.jar%2369!/:?]
	at cpw.mods.modlauncher.LaunchServiceHandlerDecorator.launch(LaunchServiceHandlerDecorator.java:30) ~[modlauncher-10.0.9.jar%2355!/:?]
	at cpw.mods.modlauncher.LaunchServiceHandler.launch(LaunchServiceHandler.java:53) ~[modlauncher-10.0.9.jar%2355!/:?]
	at cpw.mods.modlauncher.LaunchServiceHandler.launch(LaunchServiceHandler.java:71) ~[modlauncher-10.0.9.jar%2355!/:?]
	at cpw.mods.modlauncher.Launcher.run(Launcher.java:108) ~[modlauncher-10.0.9.jar%2355!/:?]
	at cpw.mods.modlauncher.Launcher.main(Launcher.java:78) ~[modlauncher-10.0.9.jar%2355!/:?]
	at cpw.mods.modlauncher.BootstrapLaunchConsumer.accept(BootstrapLaunchConsumer.java:26) ~[modlauncher-10.0.9.jar%2355!/:?]
	at cpw.mods.modlauncher.BootstrapLaunchConsumer.accept(BootstrapLaunchConsumer.java:23) ~[modlauncher-10.0.9.jar%2355!/:?]
	at cpw.mods.bootstraplauncher.BootstrapLauncher.main(BootstrapLauncher.java:141) ~[bootstraplauncher-1.1.2.jar:?]
Caused by: java.lang.RuntimeException: VarHandler is null
	at dev.uncandango.alltheleaks.utils.ReflectionHelper.getFieldFromClass(ReflectionHelper.java:132) ~[alltheleaks-1.1.1+1.20.1-forge.jar%23296!/:1.1.1+1.20.1-forge]
	at dev.uncandango.alltheleaks.leaks.common.mods.citadel.UntrackedIssue001.<clinit>(UntrackedIssue001.java:17) ~[alltheleaks-1.1.1+1.20.1-forge.jar%23296!/:1.1.1+1.20.1-forge]
	... 39 more
[16mai.2026 10:47:35.082] [main/INFO] [com.klikli_dev.occultism.Occultism/]: Registered compostable Items
[16mai.2026 10:47:35.099] [main/INFO] [terrablender/]: Registered region minecraft:overworld to index 0 for type OVERWORLD
[16mai.2026 10:47:35.099] [main/INFO] [terrablender/]: Registered region minecraft:nether to index 0 for type NETHER
[16mai.2026 10:47:35.099] [main/INFO] [terrablender/]: Registered region ars_nouveau:overworld to index 1 for type OVERWORLD
[16mai.2026 10:47:35.219] [Forge Version Check/WARN] [net.minecraftforge.fml.VersionChecker/]: Failed to process update information
com.google.gson.JsonSyntaxException: java.lang.IllegalStateException: Expected BEGIN_OBJECT but was STRING at line 9 column 1 path $
	at com.google.gson.Gson.fromJson(Gson.java:1226) ~[gson-2.10.jar%2372!/:?]
	at com.google.gson.Gson.fromJson(Gson.java:1124) ~[gson-2.10.jar%2372!/:?]
	at com.google.gson.Gson.fromJson(Gson.java:1034) ~[gson-2.10.jar%2372!/:?]
	at com.google.gson.Gson.fromJson(Gson.java:969) ~[gson-2.10.jar%2372!/:?]
	at net.minecraftforge.fml.VersionChecker$1.process(VersionChecker.java:186) ~[fmlcore-1.20.1-47.4.10.jar%23476!/:?]
	at java.lang.Iterable.forEach(Iterable.java:75) ~[?:?]
	at net.minecraftforge.fml.VersionChecker$1.run(VersionChecker.java:117) ~[fmlcore-1.20.1-47.4.10.jar%23476!/:?]
Caused by: java.lang.IllegalStateException: Expected BEGIN_OBJECT but was STRING at line 9 column 1 path $
	at com.google.gson.stream.JsonReader.beginObject(JsonReader.java:393) ~[gson-2.10.jar%2372!/:?]
	at com.google.gson.internal.bind.MapTypeAdapterFactory$Adapter.read(MapTypeAdapterFactory.java:182) ~[gson-2.10.jar%2372!/:?]
	at com.google.gson.internal.bind.MapTypeAdapterFactory$Adapter.read(MapTypeAdapterFactory.java:144) ~[gson-2.10.jar%2372!/:?]
	at com.google.gson.Gson.fromJson(Gson.java:1214) ~[gson-2.10.jar%2372!/:?]
	... 6 more
[16mai.2026 10:47:35.219] [Forge Version Check/INFO] [net.minecraftforge.fml.VersionChecker/]: [ironjetpacks] Starting version check at https://api.blakesmods.com/v2/mods/ironjetpacks/1.20/updates
[16mai.2026 10:47:35.301] [main/INFO] [Moonlight/]: Initialized color sets in 109ms
[16mai.2026 10:47:35.302] [main/ERROR] [Moonlight/]: Fabric API detected! This is not a Fabric mod, so please dont report related issues to MoonlightLib or its dependant. This can usually happen with connector or when having a mod that does NOT have a proper Forge native implementation. This can easily lead to poor compatibility and issues. Proceed ar your own risk. 
 Mods that bundled Fabric API: [net.minecraftforge.fml.loading.moddiscovery.ModInfo@14b31e37]
[16mai.2026 10:47:35.425] [modloading-worker-0/INFO] [com.klikli_dev.occultism.Occultism/]: Dedicated server setup complete.
[16mai.2026 10:47:35.447] [Forge Version Check/INFO] [net.minecraftforge.fml.VersionChecker/]: [ironjetpacks] Found status: UP_TO_DATE Current: 7.0.9 Target: null
[16mai.2026 10:47:35.450] [Forge Version Check/INFO] [net.minecraftforge.fml.VersionChecker/]: [ctov] Starting version check at https://api.modrinth.com/updates/fgmhI8kH/forge_updates.json
[16mai.2026 10:47:35.545] [modloading-worker-0/INFO] [Enigmatic Legacy/INFO]: Sending messages to Curios API...
[16mai.2026 10:47:35.665] [modloading-worker-0/INFO] [io.redspace.ironsspellbooks.IronsSpellbooks/]: Got IMC []
[16mai.2026 10:47:35.686] [Forge Version Check/INFO] [net.minecraftforge.fml.VersionChecker/]: [ctov] Found status: UP_TO_DATE Current: 3.4.14 Target: null
[16mai.2026 10:47:35.686] [Forge Version Check/INFO] [net.minecraftforge.fml.VersionChecker/]: [structure_gel] Starting version check at http://changelogs.moddinglegacy.com/structure-gel.json
[16mai.2026 10:47:35.777] [modloading-worker-0/INFO] [Enigmatic Legacy/INFO]: Initializing load completion phase...
[16mai.2026 10:47:35.777] [modloading-worker-0/INFO] [Enigmatic Legacy/INFO]: Registering brewing recipes...
[16mai.2026 10:47:35.780] [modloading-worker-0/INFO] [Enigmatic Addons/INFO]: Initializing load completion phase...
[16mai.2026 10:47:35.780] [modloading-worker-0/INFO] [Enigmatic Addons/INFO]: Registering brewing recipes...
[16mai.2026 10:47:35.780] [modloading-worker-0/INFO] [net.xalcon.torchmaster.Torchmaster/]: Applying mega torch entity block list overrides...
[16mai.2026 10:47:35.781] [modloading-worker-0/INFO] [net.xalcon.torchmaster.Torchmaster/]: Applying dread lamp entity block list overrides...
[16mai.2026 10:47:35.812] [modloading-worker-0/INFO] [AttributeFix/]: Loaded values for 87 compatible attributes.
[16mai.2026 10:47:35.817] [modloading-worker-0/INFO] [STDOUT/]: [com.mrh0.createaddition.CreateAddition:postInit:136]: Create Crafts & Additions Initialized!
[16mai.2026 10:47:35.819] [modloading-worker-0/INFO] [Enigmatic Addons/INFO]: Registering triggers...
[16mai.2026 10:47:35.820] [modloading-worker-0/WARN] [AttributeFix/]: Attribute ID 'additionalentityattributes:player.collection_range' does not belong to a known attribute. This entry will be ignored.
[16mai.2026 10:47:35.820] [modloading-worker-0/WARN] [AttributeFix/]: Attribute ID 'additionalentityattributes:player.lava_visibility' does not belong to a known attribute. This entry will be ignored.
[16mai.2026 10:47:35.820] [modloading-worker-0/WARN] [AttributeFix/]: Attribute ID 'additionalentityattributes:player.dropped_experience' does not belong to a known attribute. This entry will be ignored.
[16mai.2026 10:47:35.820] [modloading-worker-0/WARN] [AttributeFix/]: Attribute ID 'additionalentityattributes:generic.magic_protection' does not belong to a known attribute. This entry will be ignored.
[16mai.2026 10:47:35.820] [modloading-worker-0/WARN] [AttributeFix/]: Attribute ID 'additionalentityattributes:player.bonus_loot_count_rolls' does not belong to a known attribute. This entry will be ignored.
[16mai.2026 10:47:35.820] [modloading-worker-0/INFO] [Enigmatic Addons/INFO]: Load completion phase finished successfully
[16mai.2026 10:47:35.820] [modloading-worker-0/WARN] [AttributeFix/]: Attribute ID 'additionalentityattributes:generic.jump_height' does not belong to a known attribute. This entry will be ignored.
[16mai.2026 10:47:35.821] [modloading-worker-0/WARN] [AttributeFix/]: Attribute ID 'additionalentityattributes:player.critical_bonus_damage' does not belong to a known attribute. This entry will be ignored.
[16mai.2026 10:47:35.821] [modloading-worker-0/WARN] [AttributeFix/]: Attribute ID 'additionalentityattributes:generic.lung_capacity' does not belong to a known attribute. This entry will be ignored.
[16mai.2026 10:47:35.821] [modloading-worker-0/WARN] [AttributeFix/]: Attribute ID 'additionalentityattributes:player.bonus_rare_loot_rolls' does not belong to a known attribute. This entry will be ignored.
[16mai.2026 10:47:35.821] [modloading-worker-0/WARN] [AttributeFix/]: Attribute ID 'additionalentityattributes:generic.water_speed' does not belong to a known attribute. This entry will be ignored.
[16mai.2026 10:47:35.821] [modloading-worker-0/WARN] [AttributeFix/]: Attribute ID 'additionalentityattributes:player.dig_speed' does not belong to a known attribute. This entry will be ignored.
[16mai.2026 10:47:35.821] [modloading-worker-0/WARN] [AttributeFix/]: Attribute ID 'additionalentityattributes:player.water_visibility' does not belong to a known attribute. This entry will be ignored.
[16mai.2026 10:47:35.821] [modloading-worker-0/WARN] [AttributeFix/]: Attribute ID 'additionalentityattributes:generic.lava_speed' does not belong to a known attribute. This entry will be ignored.
[16mai.2026 10:47:35.821] [modloading-worker-0/INFO] [AttributeFix/]: Loaded 99 values from config.
[16mai.2026 10:47:35.831] [modloading-worker-0/INFO] [AttributeFix/]: Saving config file. 100 entries.
[16mai.2026 10:47:35.832] [modloading-worker-0/INFO] [AttributeFix/]: Applying changes for 100 attributes.
[16mai.2026 10:47:35.908] [Forge Version Check/INFO] [net.minecraftforge.fml.VersionChecker/]: [structure_gel] Found status: BETA Current: 2.16.2 Target: null
[16mai.2026 10:47:35.908] [Forge Version Check/INFO] [net.minecraftforge.fml.VersionChecker/]: [corpse] Starting version check at https://update.maxhenkel.de/forge/corpse
[16mai.2026 10:47:36.484] [modloading-worker-0/INFO] [Enigmatic Legacy/INFO]: Successfully fetched the list of devoted believers from Enigmatic Legacy's repository.
[16mai.2026 10:47:36.485] [modloading-worker-0/INFO] [Enigmatic Legacy/INFO]: Successfully backed up the list of devoted believers.
[16mai.2026 10:47:36.485] [modloading-worker-0/INFO] [Enigmatic Legacy/]: Believer: ObsidianFlight, UUID: 0cf25168-1b5a-4ac9-90eb-45bb20b0afab
[16mai.2026 10:47:36.485] [modloading-worker-0/INFO] [Enigmatic Legacy/]: Believer: Alexsist, UUID: b77d12d4-627f-47d3-965a-74e4f41854cc
[16mai.2026 10:47:36.485] [modloading-worker-0/INFO] [Enigmatic Legacy/]: Believer: Volsarex, UUID: e9907457-0251-42de-86b7-32289c19a6c4
[16mai.2026 10:47:36.485] [modloading-worker-0/INFO] [Enigmatic Legacy/]: Believer: Tar, UUID: 64d64b70-fde8-467e-ad70-271d5ddf26f6
[16mai.2026 10:47:36.486] [modloading-worker-0/INFO] [Enigmatic Legacy/]: Believer: Strgnv, UUID: 93f46b5e-3f96-4bde-9de9-96e7210441f9
[16mai.2026 10:47:36.486] [modloading-worker-0/INFO] [Enigmatic Legacy/]: Believer: SoulRacer65, UUID: a9ca1491-c6b2-4502-a585-94336fb07e75
[16mai.2026 10:47:36.486] [modloading-worker-0/INFO] [Enigmatic Legacy/]: Believer: legitch, UUID: 64906813-adac-4aa9-8ac9-f25dbb677102
[16mai.2026 10:47:36.486] [modloading-worker-0/INFO] [Enigmatic Legacy/]: Believer: TheOutlander, UUID: 9c22cd32-4dff-42b9-946c-69548781f894
[16mai.2026 10:47:36.486] [modloading-worker-0/INFO] [Enigmatic Legacy/]: Believer: Crobee, UUID: ed207d6d-0bec-4e0b-9674-d8455f017441
[16mai.2026 10:47:36.486] [modloading-worker-0/INFO] [Enigmatic Legacy/]: Believer: Exlor, UUID: d45f7a78-513c-43ed-b2f7-6447a92ddaf2
[16mai.2026 10:47:36.486] [modloading-worker-0/INFO] [Enigmatic Legacy/]: Believer: IaruEmbyr, UUID: 97b38aa9-8c8b-4b50-8b69-f71db9a5c2d3
[16mai.2026 10:47:36.486] [modloading-worker-0/INFO] [Enigmatic Legacy/]: Believer: HunterPhantom, UUID: b818e7a3-997e-4456-a7f0-dc7c97c42892
[16mai.2026 10:47:36.486] [modloading-worker-0/INFO] [Enigmatic Legacy/]: Believer: Azure, UUID: 4aeb4bcc-e4b3-4851-9c1f-13d41ad7f37c
[16mai.2026 10:47:36.486] [modloading-worker-0/INFO] [Enigmatic Legacy/]: Believer: PixelVoxel, UUID: f9e9d0d6-eb43-46db-ae6e-b0950668c06d
[16mai.2026 10:47:36.486] [modloading-worker-0/INFO] [Enigmatic Legacy/]: Believer: Izures, UUID: 4c2145c9-be1a-4ae4-bb9f-0003bd221a98
[16mai.2026 10:47:36.486] [modloading-worker-0/INFO] [Enigmatic Legacy/]: Believer: 0thLaw, UUID: a4ef9810-6c0b-45a6-9895-6bbebc70e001
[16mai.2026 10:47:36.486] [modloading-worker-0/INFO] [Enigmatic Legacy/]: Believer: Nexus, UUID: 08e81c68-0a2f-4625-882b-ddcf3c86e351
[16mai.2026 10:47:36.486] [modloading-worker-0/INFO] [Enigmatic Legacy/]: Believer: Fetrex, UUID: d7d73994-0fa5-4690-a8dd-4dc850563f4e
[16mai.2026 10:47:36.486] [modloading-worker-0/INFO] [Enigmatic Legacy/]: Believer: MasterGentar, UUID: 86a110be-dc85-4d2c-82d3-3669cb61db8f
[16mai.2026 10:47:36.486] [modloading-worker-0/INFO] [Enigmatic Legacy/]: Believer: Dimagic, UUID: 34128f78-ad16-4ef3-a647-bb13f0aea775
[16mai.2026 10:47:36.486] [modloading-worker-0/INFO] [Enigmatic Legacy/]: Believer: probablyastar, UUID: 8f0f3658-5644-4f21-b5ea-324153338d87
[16mai.2026 10:47:36.486] [modloading-worker-0/INFO] [Enigmatic Legacy/]: Believer: Toastr125, UUID: 5cd5f647-d3bb-412e-b60c-0aaae21bcddd
[16mai.2026 10:47:36.486] [modloading-worker-0/INFO] [Enigmatic Legacy/]: Believer: YesPyro, UUID: 82a617a0-56fe-4ead-82d4-9d968ca7c777
[16mai.2026 10:47:36.486] [modloading-worker-0/INFO] [Enigmatic Legacy/]: Believer: Amadhe, UUID: 8bdb26a8-7687-49e5-829b-f298cfc10508
[16mai.2026 10:47:36.486] [modloading-worker-0/INFO] [Enigmatic Legacy/]: Believer: BAN30x, UUID: f42c7088-b559-4385-b8f4-94f3a565634c
[16mai.2026 10:47:36.486] [modloading-worker-0/INFO] [Enigmatic Legacy/]: Believer: Hyperion, UUID: 143e257c-b945-4700-85d2-ebcf63c1811f
[16mai.2026 10:47:36.486] [modloading-worker-0/INFO] [Enigmatic Legacy/]: Believer: prism182, UUID: f9048245-89cb-456c-aa2b-cc8e9d8b8c76
[16mai.2026 10:47:36.486] [modloading-worker-0/INFO] [Enigmatic Legacy/]: Believer: Celeste-ialGamer, UUID: 4822d847-93c1-4efd-bd9f-b2d56ba1608d
[16mai.2026 10:47:36.486] [modloading-worker-0/INFO] [Enigmatic Legacy/]: Believer: Snow_guy864335, UUID: a4fa93e5-c243-4b7b-b69a-6943152a5d2d
[16mai.2026 10:47:36.486] [modloading-worker-0/INFO] [Enigmatic Legacy/]: Believer: Dvyant, UUID: f75e74cb-d289-459f-8d28-ea3668541e32
[16mai.2026 10:47:36.486] [modloading-worker-0/INFO] [Enigmatic Legacy/]: Believer: Naoro, UUID: 7a195143-a6cd-4efb-8e57-deac4b7636d7
[16mai.2026 10:47:36.486] [modloading-worker-0/INFO] [Enigmatic Legacy/]: Believer: millie, UUID: f4fac73a-0ada-4e50-bbed-61b06f1a4d18
[16mai.2026 10:47:36.486] [modloading-worker-0/INFO] [Enigmatic Legacy/]: Believer: NinjaFox, UUID: 834a2387-6dec-4d57-8bd3-72be2a54ed54
[16mai.2026 10:47:36.486] [modloading-worker-0/INFO] [Enigmatic Legacy/]: Believer: ProstoChel, UUID: 1fd0b74a-536b-4a65-a849-5c607c950396
[16mai.2026 10:47:36.486] [modloading-worker-0/INFO] [Enigmatic Legacy/]: Believer: (Ne)TyMVS, UUID: ac159e63-a757-4f7d-8c2c-73469a715ff3
[16mai.2026 10:47:36.486] [modloading-worker-0/INFO] [Enigmatic Legacy/]: Believer: TheMuffinMan, UUID: 20f48143-1e09-4c89-9c85-085b70c76953
[16mai.2026 10:47:36.486] [modloading-worker-0/INFO] [Enigmatic Legacy/]: Believer: solmortis, UUID: f6dbd5e9-701c-4c76-8a48-0ba4b687c76d
[16mai.2026 10:47:36.486] [modloading-worker-0/INFO] [Enigmatic Legacy/]: Believer: Eternal_Banisher, UUID: 387aa6d4-f388-400f-b9c5-1514f238ceae
[16mai.2026 10:47:36.487] [modloading-worker-0/INFO] [Enigmatic Legacy/]: Believer: AbsorbingSafe11, UUID: 343ad979-87b7-4dfa-88b8-3f3fdc2e00ab
[16mai.2026 10:47:36.487] [modloading-worker-0/INFO] [Enigmatic Legacy/]: Believer: Stygian, UUID: f6c7001f-4ce8-43f7-b4a1-a9d9d5fadb93
[16mai.2026 10:47:36.487] [modloading-worker-0/INFO] [Enigmatic Legacy/]: Believer: PikachuGabe0, UUID: ca7b21a6-76a5-4ea6-af48-b90f66e4f2b1
[16mai.2026 10:47:36.487] [modloading-worker-0/INFO] [Enigmatic Legacy/]: Believer: Purifier, UUID: 58c97c29-2c25-4320-a1d2-8e5651de506b
[16mai.2026 10:47:36.487] [modloading-worker-0/INFO] [Enigmatic Legacy/]: Believer: Sam/Barker, UUID: 0179c9aa-12c8-423c-bf96-d53c9ed479dd
[16mai.2026 10:47:36.487] [modloading-worker-0/INFO] [Enigmatic Legacy/]: Believer: Ciege, UUID: 48b866bf-a574-4a10-b7bd-2d83d056452d
[16mai.2026 10:47:36.487] [modloading-worker-0/INFO] [Enigmatic Legacy/]: Believer: Solbaify, UUID: 5679a7e1-29f4-4bdc-bd60-5f642d95ad68
[16mai.2026 10:47:36.487] [modloading-worker-0/INFO] [Enigmatic Legacy/]: Believer: Samola345, UUID: b657c54f-3174-4434-bed8-14d7be8634b3
[16mai.2026 10:47:36.487] [modloading-worker-0/INFO] [Enigmatic Legacy/]: Believer: Ozzi, UUID: 7d52df8b-963d-45c2-9c8a-aa7f20ae0659
[16mai.2026 10:47:36.487] [modloading-worker-0/INFO] [Enigmatic Legacy/]: Believer: Arix, UUID: c13feccd-e582-4ae1-aee7-35e8acf7e9e1
[16mai.2026 10:47:36.487] [modloading-worker-0/INFO] [Enigmatic Legacy/]: Believer: Nechronom, UUID: 84b933b8-9688-4021-a039-eed55c985548
[16mai.2026 10:47:36.487] [modloading-worker-0/INFO] [Enigmatic Legacy/]: Believer: WelshyWeasel, UUID: 208abd4b-5534-4394-970f-f71dd693c53d
[16mai.2026 10:47:36.487] [modloading-worker-0/INFO] [Enigmatic Legacy/]: Believer: Thauma, UUID: facc8bc4-a623-47dc-af89-ba979ac159b5
[16mai.2026 10:47:36.487] [modloading-worker-0/INFO] [Enigmatic Legacy/]: Believer: GrekvarZikurah, UUID: f251c109-8214-4882-b0b4-332441843a50
[16mai.2026 10:47:36.487] [modloading-worker-0/INFO] [Enigmatic Legacy/]: Believer: Sebaty5, UUID: c6dd33f1-e851-40b4-840d-6af5ebe4ea3b
[16mai.2026 10:47:36.487] [modloading-worker-0/INFO] [Enigmatic Legacy/]: Believer: MarceDev, UUID: 24b26788-1ce6-44a6-a4df-45202850a9ef
[16mai.2026 10:47:36.487] [modloading-worker-0/INFO] [Enigmatic Legacy/]: Believer: Xathanon, UUID: 806dc0b8-7d90-4776-b870-37fda466a13f
[16mai.2026 10:47:36.487] [modloading-worker-0/INFO] [Enigmatic Legacy/]: Believer: Jusey1, UUID: 5f311b1c-8557-42cc-9c33-3605ea8f524f
[16mai.2026 10:47:36.487] [modloading-worker-0/INFO] [Enigmatic Legacy/]: Believer: swagfredbear27, UUID: c98b3962-3ea9-47f8-820d-134ce2691af0
[16mai.2026 10:47:36.487] [modloading-worker-0/INFO] [Enigmatic Legacy/]: Believer: CrazyHamburger, UUID: 57282a53-522e-4f8c-9f44-19d2068668d7
[16mai.2026 10:47:36.487] [modloading-worker-0/INFO] [Enigmatic Legacy/]: Believer: UwUent, UUID: 43124493-b135-4467-8460-f04e7e845b63
[16mai.2026 10:47:36.487] [modloading-worker-0/INFO] [Enigmatic Legacy/]: Believer: angelman, UUID: 85efda35-7bc1-48c5-a392-f3c23047212f
[16mai.2026 10:47:36.487] [modloading-worker-0/INFO] [Enigmatic Legacy/]: Believer: Madis0, UUID: 581a3f25-db2c-4e52-9823-62e9e4730daa
[16mai.2026 10:47:36.487] [modloading-worker-0/INFO] [Enigmatic Legacy/]: Believer: Destiny, UUID: 38edb8bc-816f-47b7-95d9-f67af6017f2f
[16mai.2026 10:47:36.487] [modloading-worker-0/INFO] [Enigmatic Legacy/INFO]: Load completion phase finished successfully
[16mai.2026 10:47:36.547] [main/INFO] [citadel/]: adding citadel surface rules via terrablender...
[16mai.2026 10:47:36.548] [main/INFO] [citadel/]: Added 0 vanilla biome surface rule types via terrablender
[16mai.2026 10:47:36.549] [main/INFO] [citadel/]: Added 0 modded biome surface rule types via terrablender
[16mai.2026 10:47:36.840] [Forge Version Check/INFO] [net.minecraftforge.fml.VersionChecker/]: [corpse] Found status: AHEAD Current: 1.20.1-1.0.23 Target: null
[16mai.2026 10:47:36.840] [Forge Version Check/INFO] [net.minecraftforge.fml.VersionChecker/]: [botanytrees] Starting version check at https://updates.blamejared.com/get?n=botanytrees&gv=1.20.1
[16mai.2026 10:47:37.444] [main/INFO] [com.mojang.authlib.yggdrasil.YggdrasilAuthenticationService/]: Environment: authHost='https://authserver.mojang.com', accountsHost='https://api.mojang.com', sessionHost='https://sessionserver.mojang.com', servicesHost='https://api.minecraftservices.com', name='PROD'
[16mai.2026 10:47:37.456] [main/INFO] [rechiseled/]: 1 chiseling plugins were registered: [rechiseled:datapacks]
[16mai.2026 10:47:37.553] [main/WARN] [net.minecraftforge.common.ForgeHooks/WP]: The following mods have version differences that were not resolved:
appleskin (version 2.5.1+mc1.20.1 -> MISSING)
ars_zero (version 2.0.0-beta26 -> MISSING)
badoptimizations (version 2.4.1 -> MISSING)
colorfulhearts (version 4.3.16 -> MISSING)
durabilitytooltip (version 1.1.6 -> MISSING)
embeddium (version 0.3.31+mc1.20.1 -> MISSING)
entityculling (version 1.10.1 -> MISSING)
fabric_api_base (version 0.4.31+ef105b4977 -> 0.4.32+ef105b4977)
fabric_data_attachment_api_v1 (version 1.0.0+30ef839e77 -> 1.0.2+30ef839e77)
fabric_entity_events_v1 (version 1.6.0+6274ab9d77 -> 1.6.1+4ca7515277)
fabric_object_builder_api_v1 (version 11.1.3+2174fc8477 -> 11.1.5+f8c414ce77)
fastipping (version 1.0.11 -> MISSING)
gjeb (version 1.3.0.39 -> MISSING)
immediatelyfast (version 1.5.4+1.20.4 -> MISSING)
inventoryprofilesnext (version 1.10.20 -> MISSING)
jade (version 11.13.2+forge -> MISSING)
jei (version 15.20.0.130 -> MISSING)
jeresources (version 1.4.0.247 -> MISSING)
journeymap (version 5.10.3 -> MISSING)
libipn (version 4.0.2 -> MISSING)
memoryleakfix (version 1.1.5 -> MISSING)
modelfix (version 1.15 -> MISSING)
mousetweaks (version 2.25.1 -> MISSING)
rubidium (version 0.7.1 -> MISSING)
searchables (version 1.0.3 -> MISSING)
transition (version 1.0.17 -> MISSING)
trender (version 1.0.12 -> MISSING)
Things may not work well.
[16mai.2026 10:47:37.574] [Forge Version Check/INFO] [net.minecraftforge.fml.VersionChecker/]: [botanytrees] Found status: BETA Current: 9.0.20 Target: 9.0.20
[16mai.2026 10:47:37.575] [Forge Version Check/INFO] [net.minecraftforge.fml.VersionChecker/]: [mcwtrpdoors] Starting version check at https://raw.githubusercontent.com/sketchmacaw/macawsmods/master/trapdoors.json
[16mai.2026 10:47:37.623] [Forge Version Check/INFO] [net.minecraftforge.fml.VersionChecker/]: [mcwtrpdoors] Found status: UP_TO_DATE Current: 1.1.5 Target: null
[16mai.2026 10:47:37.623] [Forge Version Check/INFO] [net.minecraftforge.fml.VersionChecker/]: [mr_dungeons_andtaverns] Starting version check at https://api.modrinth.com/updates/tpehi7ww/forge_updates.json
[16mai.2026 10:47:37.789] [Forge Version Check/INFO] [net.minecraftforge.fml.VersionChecker/]: [mr_dungeons_andtaverns] Found status: OUTDATED Current: 3.0.3.f Target: 3.0.3.f+mod
[16mai.2026 10:47:37.789] [Forge Version Check/INFO] [net.minecraftforge.fml.VersionChecker/]: [mcwfurnitures] Starting version check at https://raw.githubusercontent.com/sketchmacaw/macawsmods/master/furniture.json
[16mai.2026 10:47:37.807] [main/ERROR] [net.minecraftforge.registries.GameData/REGISTRIES]: Unidentified mapping from registry minecraft:block
	ars_zero:arcane_voxel_spawner: 1615
	ars_zero:blight_archwood_leaves: 1630
	ars_zero:blight_archwood_log: 1629
	ars_zero:blight_cauldron: 1624
	ars_zero:blight_fluid: 1668
	ars_zero:blight_vein: 1667
	ars_zero:blight_voxel_spawner: 1622
	ars_zero:blighted_soil: 1625
	ars_zero:bone_chest: 1614
	ars_zero:corrupted_sourcestone: 1631
	ars_zero:corrupted_sourcestone_alternating: 1640
	ars_zero:corrupted_sourcestone_alternating_slab: 1642
	ars_zero:corrupted_sourcestone_alternating_stairs: 1641
	ars_zero:corrupted_sourcestone_basketweave: 1637
	ars_zero:corrupted_sourcestone_basketweave_slab: 1639
	ars_zero:corrupted_sourcestone_basketweave_stairs: 1638
	ars_zero:corrupted_sourcestone_large_bricks: 1643
	ars_zero:corrupted_sourcestone_large_bricks_slab: 1645
	ars_zero:corrupted_sourcestone_large_bricks_stairs: 1644
	ars_zero:corrupted_sourcestone_mosaic: 1634
	ars_zero:corrupted_sourcestone_mosaic_slab: 1636
	ars_zero:corrupted_sourcestone_mosaic_stairs: 1635
	ars_zero:corrupted_sourcestone_slab: 1633
	ars_zero:corrupted_sourcestone_small_bricks: 1646
	ars_zero:corrupted_sourcestone_small_bricks_slab: 1648
	ars_zero:corrupted_sourcestone_small_bricks_stairs: 1647
	ars_zero:corrupted_sourcestone_stairs: 1632
	ars_zero:fire_voxel_spawner: 1616
	ars_zero:frozen_blight: 1626
	ars_zero:ice_voxel_spawner: 1620
	ars_zero:lightning_voxel_spawner: 1621
	ars_zero:multiphase_spell_turret: 1623
	ars_zero:ossuary_beacon: 1628
	ars_zero:smooth_corrupted_sourcestone: 1649
	ars_zero:smooth_corrupted_sourcestone_alternating: 1658
	ars_zero:smooth_corrupted_sourcestone_alternating_slab: 1660
	ars_zero:smooth_corrupted_sourcestone_alternating_stairs: 1659
	ars_zero:smooth_corrupted_sourcestone_basketweave: 1655
	ars_zero:smooth_corrupted_sourcestone_basketweave_slab: 1657
	ars_zero:smooth_corrupted_sourcestone_basketweave_stairs: 1656
	ars_zero:smooth_corrupted_sourcestone_large_bricks: 1661
	ars_zero:smooth_corrupted_sourcestone_large_bricks_slab: 1663
	ars_zero:smooth_corrupted_sourcestone_large_bricks_stairs: 1662
	ars_zero:smooth_corrupted_sourcestone_mosaic: 1652
	ars_zero:smooth_corrupted_sourcestone_mosaic_slab: 1654
	ars_zero:smooth_corrupted_sourcestone_mosaic_stairs: 1653
	ars_zero:smooth_corrupted_sourcestone_slab: 1651
	ars_zero:smooth_corrupted_sourcestone_small_bricks: 1664
	ars_zero:smooth_corrupted_sourcestone_small_bricks_slab: 1666
	ars_zero:smooth_corrupted_sourcestone_small_bricks_stairs: 1665
	ars_zero:smooth_corrupted_sourcestone_stairs: 1650
	ars_zero:staff_display: 1627
	ars_zero:stone_voxel_spawner: 1619
	ars_zero:water_voxel_spawner: 1617
	ars_zero:wind_voxel_spawner: 1618

[16mai.2026 10:47:37.808] [Forge Version Check/INFO] [net.minecraftforge.fml.VersionChecker/]: [mcwfurnitures] Found status: UP_TO_DATE Current: 3.4.1 Target: null
[16mai.2026 10:47:37.808] [Forge Version Check/INFO] [net.minecraftforge.fml.VersionChecker/]: [toms_storage] Starting version check at https://raw.githubusercontent.com/tom5454/Toms-Storage/master/version-check.json
[16mai.2026 10:47:37.808] [main/ERROR] [net.minecraftforge.registries.GameData/REGISTRIES]: Unidentified mapping from registry minecraft:entity_type
	ars_zero:acolyte: 727
	ars_zero:arcane_circle: 725
	ars_zero:arcane_voxel_entity: 708
	ars_zero:blight_voxel_entity: 715
	ars_zero:block_group: 716
	ars_zero:bone_golem: 730
	ars_zero:effect_beam: 726
	ars_zero:explosion_burst_projectile: 724
	ars_zero:explosion_controller: 717
	ars_zero:fire_voxel_entity: 710
	ars_zero:geometry_break_controller: 720
	ars_zero:geometry_controller: 721
	ars_zero:geometry_terrain_controller: 719
	ars_zero:ice_voxel_entity: 713
	ars_zero:lich: 729
	ars_zero:lightning_voxel_entity: 714
	ars_zero:necromancer: 728
	ars_zero:player_charger: 723
	ars_zero:source_jar_charger: 722
	ars_zero:stone_voxel_entity: 711
	ars_zero:water_convergence_controller: 718
	ars_zero:water_voxel_entity: 709
	ars_zero:wind_voxel_entity: 712

[16mai.2026 10:47:37.808] [main/ERROR] [net.minecraftforge.registries.GameData/REGISTRIES]: Unidentified mapping from registry minecraft:fluid
	ars_zero:blight_fluid: 169
	ars_zero:blight_fluid_flowing: 170

[16mai.2026 10:47:37.809] [main/ERROR] [net.minecraftforge.registries.GameData/REGISTRIES]: Unidentified mapping from registry minecraft:item
	ars_zero:abjuration_filial: 25617
	ars_zero:acolyte_spawn_egg: 25621
	ars_zero:air_filial: 25134
	ars_zero:anchor_effect: 2028
	ars_zero:arcane_voxel_spawner: 2056
	ars_zero:archmage_spell_staff: 2042
	ars_zero:archwood_rod: 2052
	ars_zero:augment_amplify_three: 2023
	ars_zero:augment_amplify_two: 1993
	ars_zero:augment_aoe_three: 1983
	ars_zero:augment_aoe_two: 2018
	ars_zero:augment_cube: 1988
	ars_zero:augment_flatten: 2029
	ars_zero:augment_hollow: 2011
	ars_zero:augment_sphere: 2017
	ars_zero:blight_archwood_leaves: 2069
	ars_zero:blight_archwood_log: 2068
	ars_zero:blight_fluid_bucket: 25634
	ars_zero:blight_vein: 2070
	ars_zero:blight_voxel_spawner: 2063
	ars_zero:blighted_soil: 2064
	ars_zero:bone_chest: 2053
	ars_zero:bone_golem_spawn_egg: 25624
	ars_zero:conjuration_filial: 25618
	ars_zero:conjure_voxel_effect: 2014
	ars_zero:corrupted_sourcestone: 2072
	ars_zero:corrupted_sourcestone_alternating: 2081
	ars_zero:corrupted_sourcestone_alternating_slab: 2083
	ars_zero:corrupted_sourcestone_alternating_stairs: 2082
	ars_zero:corrupted_sourcestone_basketweave: 2078
	ars_zero:corrupted_sourcestone_basketweave_slab: 2080
	ars_zero:corrupted_sourcestone_basketweave_stairs: 2079
	ars_zero:corrupted_sourcestone_large_bricks: 2084
	ars_zero:corrupted_sourcestone_large_bricks_slab: 2086
	ars_zero:corrupted_sourcestone_large_bricks_stairs: 2085
	ars_zero:corrupted_sourcestone_mosaic: 2075
	ars_zero:corrupted_sourcestone_mosaic_slab: 2077
	ars_zero:corrupted_sourcestone_mosaic_stairs: 2076
	ars_zero:corrupted_sourcestone_slab: 2074
	ars_zero:corrupted_sourcestone_small_bricks: 2087
	ars_zero:corrupted_sourcestone_small_bricks_slab: 2089
	ars_zero:corrupted_sourcestone_small_bricks_stairs: 2088
	ars_zero:corrupted_sourcestone_stairs: 2073
	ars_zero:creative_spell_staff: 2043
	ars_zero:demonbane_filial: 25620
	ars_zero:discard_effect: 2010
	ars_zero:dull_circlet: 2051
	ars_zero:earth_filial: 25615
	ars_zero:effect_beam: 2003
	ars_zero:effect_conjure_blight: 1987
	ars_zero:effect_convergence: 2015
	ars_zero:effect_geometrize: 1999
	ars_zero:fire_filial: 24667
	ars_zero:fire_voxel_spawner: 2057
	ars_zero:frozen_blight: 2065
	ars_zero:ice_voxel_spawner: 2061
	ars_zero:lich_spawn_egg: 25623
	ars_zero:lightning_voxel_spawner: 2062
	ars_zero:mage_spell_staff: 2041
	ars_zero:manipulation_filial: 25619
	ars_zero:multiphase_orb: 2055
	ars_zero:multiphase_spell_parchment: 2054
	ars_zero:multiphase_spell_turret: 2071
	ars_zero:near_form: 2013
	ars_zero:necro_crown: 25633
	ars_zero:necromancer_spawn_egg: 25622
	ars_zero:necromancy_filial: 25616
	ars_zero:novice_spell_staff: 2040
	ars_zero:ossuary_beacon: 2067
	ars_zero:push_effect: 2006
	ars_zero:rotted_arcanist_boots: 25632
	ars_zero:rotted_arcanist_chestplate: 25630
	ars_zero:rotted_arcanist_helmet: 25629
	ars_zero:rotted_arcanist_leggings: 25631
	ars_zero:select_effect: 1997
	ars_zero:smooth_corrupted_sourcestone: 2090
	ars_zero:smooth_corrupted_sourcestone_alternating: 2099
	ars_zero:smooth_corrupted_sourcestone_alternating_slab: 2101
	ars_zero:smooth_corrupted_sourcestone_alternating_stairs: 2100
	ars_zero:smooth_corrupted_sourcestone_basketweave: 2096
	ars_zero:smooth_corrupted_sourcestone_basketweave_slab: 2098
	ars_zero:smooth_corrupted_sourcestone_basketweave_stairs: 2097
	ars_zero:smooth_corrupted_sourcestone_large_bricks: 2102
	ars_zero:smooth_corrupted_sourcestone_large_bricks_slab: 2104
	ars_zero:smooth_corrupted_sourcestone_large_bricks_stairs: 2103
	ars_zero:smooth_corrupted_sourcestone_mosaic: 2093
	ars_zero:smooth_corrupted_sourcestone_mosaic_slab: 2095
	ars_zero:smooth_corrupted_sourcestone_mosaic_stairs: 2094
	ars_zero:smooth_corrupted_sourcestone_slab: 2092
	ars_zero:smooth_corrupted_sourcestone_small_bricks: 2105
	ars_zero:smooth_corrupted_sourcestone_small_bricks_slab: 2107
	ars_zero:smooth_corrupted_sourcestone_small_bricks_stairs: 2106
	ars_zero:smooth_corrupted_sourcestone_stairs: 2091
	ars_zero:spellcasting_circlet: 2044
	ars_zero:staff_convergence: 2048
	ars_zero:staff_demonbane: 2046
	ars_zero:staff_display: 2066
	ars_zero:staff_geometrize: 2047
	ars_zero:staff_lakes: 2049
	ars_zero:staff_switcheroo: 2050
	ars_zero:staff_telekinesis: 2045
	ars_zero:stone_voxel_spawner: 2060
	ars_zero:sustain_effect: 2020
	ars_zero:tattered_arcanist_boots: 25628
	ars_zero:tattered_arcanist_chestplate: 25626
	ars_zero:tattered_arcanist_helmet: 25625
	ars_zero:tattered_arcanist_leggings: 25627
	ars_zero:temporal_context_form: 1990
	ars_zero:water_filial: 25133
	ars_zero:water_voxel_spawner: 2058
	ars_zero:wind_voxel_spawner: 2059
	ars_zero:zero_gravity_effect: 2004

[16mai.2026 10:47:37.809] [main/ERROR] [net.minecraftforge.registries.GameData/REGISTRIES]: Unidentified mapping from registry minecraft:mob_effect
	ars_zero:wither_immunity: 158
	ars_zero:zero_gravity: 157

[16mai.2026 10:47:37.809] [main/ERROR] [net.minecraftforge.registries.GameData/REGISTRIES]: Unidentified mapping from registry minecraft:sound_event
	ars_zero:ambient.necropolis: 2557
	ars_zero:bone_chest.close: 2559
	ars_zero:bone_chest.open: 2558
	ars_zero:bone_golem.attack: 2555
	ars_zero:bone_golem.death: 2553
	ars_zero:bone_golem.hurt: 2552
	ars_zero:bone_golem.repair: 2556
	ars_zero:bone_golem.step: 2554
	ars_zero:effect_anchor: 2540
	ars_zero:effect_push: 2539
	ars_zero:explosion_activate: 2544
	ars_zero:explosion_charge: 2542
	ars_zero:explosion_distant: 2546
	ars_zero:explosion_idle: 2543
	ars_zero:explosion_priming: 2545
	ars_zero:lich.ambient: 2560
	ars_zero:lich.death: 2562
	ars_zero:lich.hurt: 2561
	ars_zero:lich.step: 2563
	ars_zero:lightning_voxel_hit: 2541
	ars_zero:splash_fast: 2547
	ars_zero:undead_mage.ambient: 2548
	ars_zero:undead_mage.death: 2550
	ars_zero:undead_mage.hurt: 2549
	ars_zero:undead_mage.step: 2551
	guideme:guide.click: 2564

[16mai.2026 10:47:37.810] [main/WARN] [net.minecraftforge.registries.GameData/REGISTRIES]: Forge Mod Loader detected missing registry entries.

There are 220 missing entries in this save.
If you continue the missing entries will get removed.
A world backup will be automatically created in your saves directory.


[16mai.2026 10:47:37.810] [main/WARN] [net.minecraftforge.registries.GameData/REGISTRIES]: Missing minecraft:sound_event:
    ars_zero:ambient.necropolis
    ars_zero:bone_chest.close
    ars_zero:bone_chest.open
    ars_zero:bone_golem.attack
    ars_zero:bone_golem.death
    ars_zero:bone_golem.hurt
    ars_zero:bone_golem.repair
    ars_zero:bone_golem.step
    ars_zero:effect_anchor
    ars_zero:effect_push
    ars_zero:explosion_activate
    ars_zero:explosion_charge
    ars_zero:explosion_distant
    ars_zero:explosion_idle
    ars_zero:explosion_priming
    ars_zero:lich.ambient
    ars_zero:lich.death
    ars_zero:lich.hurt
    ars_zero:lich.step
    ars_zero:lightning_voxel_hit
    ars_zero:splash_fast
    ars_zero:undead_mage.ambient
    ars_zero:undead_mage.death
    ars_zero:undead_mage.hurt
    ars_zero:undead_mage.step
    guideme:guide.click

Missing minecraft:item:
    ars_zero:abjuration_filial
    ars_zero:acolyte_spawn_egg
    ars_zero:air_filial
    ars_zero:anchor_effect
    ars_zero:arcane_voxel_spawner
    ars_zero:archmage_spell_staff
    ars_zero:archwood_rod
    ars_zero:augment_amplify_three
    ars_zero:augment_amplify_two
    ars_zero:augment_aoe_three
    ars_zero:augment_aoe_two
    ars_zero:augment_cube
    ars_zero:augment_flatten
    ars_zero:augment_hollow
    ars_zero:augment_sphere
    ars_zero:blight_archwood_leaves
    ars_zero:blight_archwood_log
    ars_zero:blight_fluid_bucket
    ars_zero:blight_vein
    ars_zero:blight_voxel_spawner
    ars_zero:blighted_soil
    ars_zero:bone_chest
    ars_zero:bone_golem_spawn_egg
    ars_zero:conjuration_filial
    ars_zero:conjure_voxel_effect
    ars_zero:corrupted_sourcestone
    ars_zero:corrupted_sourcestone_alternating
    ars_zero:corrupted_sourcestone_alternating_slab
    ars_zero:corrupted_sourcestone_alternating_stairs
    ars_zero:corrupted_sourcestone_basketweave
    ars_zero:corrupted_sourcestone_basketweave_slab
    ars_zero:corrupted_sourcestone_basketweave_stairs
    ars_zero:corrupted_sourcestone_large_bricks
    ars_zero:corrupted_sourcestone_large_bricks_slab
    ars_zero:corrupted_sourcestone_large_bricks_stairs
    ars_zero:corrupted_sourcestone_mosaic
    ars_zero:corrupted_sourcestone_mosaic_slab
    ars_zero:corrupted_sourcestone_mosaic_stairs
    ars_zero:corrupted_sourcestone_slab
    ars_zero:corrupted_sourcestone_small_bricks
    ars_zero:corrupted_sourcestone_small_bricks_slab
    ars_zero:corrupted_sourcestone_small_bricks_stairs
    ars_zero:corrupted_sourcestone_stairs
    ars_zero:creative_spell_staff
    ars_zero:demonbane_filial
    ars_zero:discard_effect
    ars_zero:dull_circlet
    ars_zero:earth_filial
    ars_zero:effect_beam
    ars_zero:effect_conjure_blight
    ars_zero:effect_convergence
    ars_zero:effect_geometrize
    ars_zero:fire_filial
    ars_zero:fire_voxel_spawner
    ars_zero:frozen_blight
    ars_zero:ice_voxel_spawner
    ars_zero:lich_spawn_egg
    ars_zero:lightning_voxel_spawner
    ars_zero:mage_spell_staff
    ars_zero:manipulation_filial
    ars_zero:multiphase_orb
    ars_zero:multiphase_spell_parchment
    ars_zero:multiphase_spell_turret
    ars_zero:near_form
    ars_zero:necro_crown
    ars_zero:necromancer_spawn_egg
    ars_zero:necromancy_filial
    ars_zero:novice_spell_staff
    ars_zero:ossuary_beacon
    ars_zero:push_effect
    ars_zero:rotted_arcanist_boots
    ars_zero:rotted_arcanist_chestplate
    ars_zero:rotted_arcanist_helmet
    ars_zero:rotted_arcanist_leggings
    ars_zero:select_effect
    ars_zero:smooth_corrupted_sourcestone
    ars_zero:smooth_corrupted_sourcestone_alternating
    ars_zero:smooth_corrupted_sourcestone_alternating_slab
    ars_zero:smooth_corrupted_sourcestone_alternating_stairs
    ars_zero:smooth_corrupted_sourcestone_basketweave
    ars_zero:smooth_corrupted_sourcestone_basketweave_slab
    ars_zero:smooth_corrupted_sourcestone_basketweave_stairs
    ars_zero:smooth_corrupted_sourcestone_large_bricks
    ars_zero:smooth_corrupted_sourcestone_large_bricks_slab
    ars_zero:smooth_corrupted_sourcestone_large_bricks_stairs
    ars_zero:smooth_corrupted_sourcestone_mosaic
    ars_zero:smooth_corrupted_sourcestone_mosaic_slab
    ars_zero:smooth_corrupted_sourcestone_mosaic_stairs
    ars_zero:smooth_corrupted_sourcestone_slab
    ars_zero:smooth_corrupted_sourcestone_small_bricks
    ars_zero:smooth_corrupted_sourcestone_small_bricks_slab
    ars_zero:smooth_corrupted_sourcestone_small_bricks_stairs
    ars_zero:smooth_corrupted_sourcestone_stairs
    ars_zero:spellcasting_circlet
    ars_zero:staff_convergence
    ars_zero:staff_demonbane
    ars_zero:staff_display
    ars_zero:staff_geometrize
    ars_zero:staff_lakes
    ars_zero:staff_switcheroo
    ars_zero:staff_telekinesis
    ars_zero:stone_voxel_spawner
    ars_zero:sustain_effect
    ars_zero:tattered_arcanist_boots
    ars_zero:tattered_arcanist_chestplate
    ars_zero:tattered_arcanist_helmet
    ars_zero:tattered_arcanist_leggings
    ars_zero:temporal_context_form
    ars_zero:water_filial
    ars_zero:water_voxel_spawner
    ars_zero:wind_voxel_spawner
    ars_zero:zero_gravity_effect

Missing minecraft:block:
    ars_zero:arcane_voxel_spawner
    ars_zero:blight_archwood_leaves
    ars_zero:blight_archwood_log
    ars_zero:blight_cauldron
    ars_zero:blight_fluid
    ars_zero:blight_vein
    ars_zero:blight_voxel_spawner
    ars_zero:blighted_soil
    ars_zero:bone_chest
    ars_zero:corrupted_sourcestone
    ars_zero:corrupted_sourcestone_alternating
    ars_zero:corrupted_sourcestone_alternating_slab
    ars_zero:corrupted_sourcestone_alternating_stairs
    ars_zero:corrupted_sourcestone_basketweave
    ars_zero:corrupted_sourcestone_basketweave_slab
    ars_zero:corrupted_sourcestone_basketweave_stairs
    ars_zero:corrupted_sourcestone_large_bricks
    ars_zero:corrupted_sourcestone_large_bricks_slab
    ars_zero:corrupted_sourcestone_large_bricks_stairs
    ars_zero:corrupted_sourcestone_mosaic
    ars_zero:corrupted_sourcestone_mosaic_slab
    ars_zero:corrupted_sourcestone_mosaic_stairs
    ars_zero:corrupted_sourcestone_slab
    ars_zero:corrupted_sourcestone_small_bricks
    ars_zero:corrupted_sourcestone_small_bricks_slab
    ars_zero:corrupted_sourcestone_small_bricks_stairs
    ars_zero:corrupted_sourcestone_stairs
    ars_zero:fire_voxel_spawner
    ars_zero:frozen_blight
    ars_zero:ice_voxel_spawner
    ars_zero:lightning_voxel_spawner
    ars_zero:multiphase_spell_turret
    ars_zero:ossuary_beacon
    ars_zero:smooth_corrupted_sourcestone
    ars_zero:smooth_corrupted_sourcestone_alternating
    ars_zero:smooth_corrupted_sourcestone_alternating_slab
    ars_zero:smooth_corrupted_sourcestone_alternating_stairs
    ars_zero:smooth_corrupted_sourcestone_basketweave
    ars_zero:smooth_corrupted_sourcestone_basketweave_slab
    ars_zero:smooth_corrupted_sourcestone_basketweave_stairs
    ars_zero:smooth_corrupted_sourcestone_large_bricks
    ars_zero:smooth_corrupted_sourcestone_large_bricks_slab
    ars_zero:smooth_corrupted_sourcestone_large_bricks_stairs
    ars_zero:smooth_corrupted_sourcestone_mosaic
    ars_zero:smooth_corrupted_sourcestone_mosaic_slab
    ars_zero:smooth_corrupted_sourcestone_mosaic_stairs
    ars_zero:smooth_corrupted_sourcestone_slab
    ars_zero:smooth_corrupted_sourcestone_small_bricks
    ars_zero:smooth_corrupted_sourcestone_small_bricks_slab
    ars_zero:smooth_corrupted_sourcestone_small_bricks_stairs
    ars_zero:smooth_corrupted_sourcestone_stairs
    ars_zero:staff_display
    ars_zero:stone_voxel_spawner
    ars_zero:water_voxel_spawner
    ars_zero:wind_voxel_spawner

Missing minecraft:mob_effect:
    ars_zero:wither_immunity
    ars_zero:zero_gravity

Missing minecraft:fluid:
    ars_zero:blight_fluid
    ars_zero:blight_fluid_flowing

Missing minecraft:entity_type:
    ars_zero:acolyte
    ars_zero:arcane_circle
    ars_zero:arcane_voxel_entity
    ars_zero:blight_voxel_entity
    ars_zero:block_group
    ars_zero:bone_golem
    ars_zero:effect_beam
    ars_zero:explosion_burst_projectile
    ars_zero:explosion_controller
    ars_zero:fire_voxel_entity
    ars_zero:geometry_break_controller
    ars_zero:geometry_controller
    ars_zero:geometry_terrain_controller
    ars_zero:ice_voxel_entity
    ars_zero:lich
    ars_zero:lightning_voxel_entity
    ars_zero:necromancer
    ars_zero:player_charger
    ars_zero:source_jar_charger
    ars_zero:stone_voxel_entity
    ars_zero:water_convergence_controller
    ars_zero:water_voxel_entity
    ars_zero:wind_voxel_entity


[16mai.2026 10:47:37.810] [main/ERROR] [net.minecraftforge.registries.GameData/REGISTRIES]: There are unidentified mappings in this world - we are going to attempt to process anyway
[16mai.2026 10:47:37.826] [Forge Version Check/INFO] [net.minecraftforge.fml.VersionChecker/]: [toms_storage] Found status: BETA Current: 1.7.1 Target: 1.7.1
[16mai.2026 10:47:37.826] [Forge Version Check/INFO] [net.minecraftforge.fml.VersionChecker/]: [mcwlights] Starting version check at https://raw.githubusercontent.com/sketchmacaw/macawsmods/master/lights.json
[16mai.2026 10:47:37.845] [Forge Version Check/INFO] [net.minecraftforge.fml.VersionChecker/]: [mcwlights] Found status: UP_TO_DATE Current: 1.1.5 Target: null
[16mai.2026 10:47:37.845] [Forge Version Check/INFO] [net.minecraftforge.fml.VersionChecker/]: [mr_blooming_biosphere] Starting version check at https://api.modrinth.com/updates/Ds9FyUc7/forge_updates.json
[16mai.2026 10:47:38.022] [Forge Version Check/INFO] [net.minecraftforge.fml.VersionChecker/]: [mr_blooming_biosphere] Found status: OUTDATED Current: 1.1.0 Target: 1.1.0+mod
[16mai.2026 10:47:38.022] [Forge Version Check/INFO] [net.minecraftforge.fml.VersionChecker/]: [radium] Starting version check at https://api.modrinth.com/updates/radium/forge_updates.json
[16mai.2026 10:47:38.113] [main/WARN] [net.minecraft.server.packs.VanillaPackResourcesBuilder/]: Assets URL 'union:/Users/mac407/Desktop/server-files-ModpackResenheiro/libraries/net/minecraft/server/1.20.1-20230612.114412/server-1.20.1-20230612.114412-srg.jar%23475!/assets/.mcassetsroot' uses unexpected schema
[16mai.2026 10:47:38.113] [main/WARN] [net.minecraft.server.packs.VanillaPackResourcesBuilder/]: Assets URL 'union:/Users/mac407/Desktop/server-files-ModpackResenheiro/libraries/net/minecraft/server/1.20.1-20230612.114412/server-1.20.1-20230612.114412-srg.jar%23475!/data/.mcassetsroot' uses unexpected schema
[16mai.2026 10:47:38.171] [Forge Version Check/INFO] [net.minecraftforge.fml.VersionChecker/]: [radium] Found status: AHEAD Current: 0.12.4+git.26c9d8e Target: null
[16mai.2026 10:47:38.171] [Forge Version Check/INFO] [net.minecraftforge.fml.VersionChecker/]: [attributefix] Starting version check at https://updates.blamejared.com/get?n=attributefix&gv=1.20.1
[16mai.2026 10:47:38.404] [Forge Version Check/INFO] [net.minecraftforge.fml.VersionChecker/]: [attributefix] Found status: BETA Current: 21.0.5 Target: 21.0.5
[16mai.2026 10:47:38.404] [Forge Version Check/INFO] [net.minecraftforge.fml.VersionChecker/]: [mcwholidays] Starting version check at https://raw.githubusercontent.com/sketchmacaw/macawsmods/master/holidays.json
[16mai.2026 10:47:38.418] [Forge Version Check/INFO] [net.minecraftforge.fml.VersionChecker/]: [mcwholidays] Found status: UP_TO_DATE Current: 1.1.2 Target: null
[16mai.2026 10:47:38.418] [Forge Version Check/INFO] [net.minecraftforge.fml.VersionChecker/]: [botanypots] Starting version check at https://updates.blamejared.com/get?n=botanypots&gv=1.20.1
[16mai.2026 10:47:38.563] [main/INFO] [com.simibubi.create.Create/]: Created 256 recipes which will be injected into the game
[16mai.2026 10:47:38.566] [main/INFO] [com.simibubi.create.Create/]: Created 25 tags which will be injected into the game
[16mai.2026 10:47:38.657] [main/WARN] [net.minecraft.server.MinecraftServer/]: Missing data pack mod:jeresources
[16mai.2026 10:47:38.657] [main/WARN] [net.minecraft.server.MinecraftServer/]: Missing data pack mod:embeddium
[16mai.2026 10:47:38.657] [main/WARN] [net.minecraft.server.MinecraftServer/]: Missing data pack mod:durabilitytooltip
[16mai.2026 10:47:38.657] [main/WARN] [net.minecraft.server.MinecraftServer/]: Missing data pack mod:searchables
[16mai.2026 10:47:38.657] [main/WARN] [net.minecraft.server.MinecraftServer/]: Missing data pack mod:transition
[16mai.2026 10:47:38.657] [main/WARN] [net.minecraft.server.MinecraftServer/]: Missing data pack mod:jei
[16mai.2026 10:47:38.657] [main/WARN] [net.minecraft.server.MinecraftServer/]: Missing data pack mod:memoryleakfix
[16mai.2026 10:47:38.657] [main/WARN] [net.minecraft.server.MinecraftServer/]: Missing data pack mod:mousetweaks
[16mai.2026 10:47:38.657] [main/WARN] [net.minecraft.server.MinecraftServer/]: Missing data pack mod:entityculling
[16mai.2026 10:47:38.657] [main/WARN] [net.minecraft.server.MinecraftServer/]: Missing data pack mod:immediatelyfast
[16mai.2026 10:47:38.657] [main/WARN] [net.minecraft.server.MinecraftServer/]: Missing data pack mod:gjeb
[16mai.2026 10:47:38.657] [main/WARN] [net.minecraft.server.MinecraftServer/]: Missing data pack mod:ars_zero
[16mai.2026 10:47:38.657] [main/WARN] [net.minecraft.server.MinecraftServer/]: Missing data pack mod:appleskin
[16mai.2026 10:47:38.657] [main/WARN] [net.minecraft.server.MinecraftServer/]: Missing data pack mod:fastipping
[16mai.2026 10:47:38.657] [main/WARN] [net.minecraft.server.MinecraftServer/]: Missing data pack mod:colorfulhearts
[16mai.2026 10:47:38.657] [main/WARN] [net.minecraft.server.MinecraftServer/]: Missing data pack mod:modelfix
[16mai.2026 10:47:38.657] [main/WARN] [net.minecraft.server.MinecraftServer/]: Missing data pack mod:inventoryprofilesnext
[16mai.2026 10:47:38.657] [main/WARN] [net.minecraft.server.MinecraftServer/]: Missing data pack mod:trender
[16mai.2026 10:47:38.657] [main/WARN] [net.minecraft.server.MinecraftServer/]: Missing data pack mod:journeymap
[16mai.2026 10:47:38.657] [main/WARN] [net.minecraft.server.MinecraftServer/]: Missing data pack mod:libipn
[16mai.2026 10:47:38.657] [main/WARN] [net.minecraft.server.MinecraftServer/]: Missing data pack mod:jade
[16mai.2026 10:47:38.657] [main/WARN] [net.minecraft.server.MinecraftServer/]: Missing data pack mod:badoptimizations
[16mai.2026 10:47:38.658] [main/INFO] [net.minecraft.server.MinecraftServer/]: Found new data pack fabric, loading it automatically
[16mai.2026 10:47:38.964] [Forge Version Check/INFO] [net.minecraftforge.fml.VersionChecker/]: [botanypots] Found status: BETA Current: 13.0.43 Target: 13.0.43
[16mai.2026 10:47:38.964] [Forge Version Check/INFO] [net.minecraftforge.fml.VersionChecker/]: [puzzlesaccessapi] Starting version check at https://raw.githubusercontent.com/Fuzss/modresources/main/update/puzzlesaccessapi.json
[16mai.2026 10:47:39.148] [Forge Version Check/INFO] [net.minecraftforge.fml.VersionChecker/]: [puzzlesaccessapi] Found status: BETA Current: 20.1.1 Target: null
[16mai.2026 10:47:39.148] [Forge Version Check/INFO] [net.minecraftforge.fml.VersionChecker/]: [zerocore] Starting version check at https://raw.githubusercontent.com/ZeroNoRyouki/ModUpdates/master/ZeroCore2.json
[16mai.2026 10:47:39.661] [main/INFO] [KubeJS Server/]: example.js#5: Hello, World! (Loaded server scripts)
[16mai.2026 10:47:39.661] [main/INFO] [KubeJS Server/]: Loaded script server_scripts:example.js in 0.0 s
[16mai.2026 10:47:39.661] [main/INFO] [KubeJS Server/]: Loaded 1/1 KubeJS server scripts in 0.009 s with 0 errors and 0 warnings
[16mai.2026 10:47:39.662] [main/INFO] [KubeJS Server/]: Scripts loaded
[16mai.2026 10:47:40.361] [Forge Version Check/INFO] [net.minecraftforge.fml.VersionChecker/]: [zerocore] Found status: OUTDATED Current: 1.20.1-2.1.45 Target: 1.20.1-2.1.47
[16mai.2026 10:47:40.361] [Forge Version Check/INFO] [net.minecraftforge.fml.VersionChecker/]: [simplebackups] Starting version check at https://assets.melanx.de/updates/simple-backups.json
[16mai.2026 10:47:40.469] [main/INFO] [mixin/]: Mixing AccessorAdvancementCommands from enigmaticlegacy.mixins.json into net.minecraft.server.commands.AdvancementCommands
[16mai.2026 10:47:40.469] [main/INFO] [mixin/]: Renaming @Accessor method getAdvancementSuggestions()Lcom/mojang/brigadier/suggestion/SuggestionProvider; to getAdvancementSuggestions_$md$66d27f$0 in enigmaticlegacy.mixins.json:AccessorAdvancementCommands from mod (unknown)
[16mai.2026 10:47:40.515] [main/INFO] [net.minecraftforge.coremod.CoreMod.apotheosis/COREMODLOG]: Replaced 2 calls to Enchantment#getMaxLevel() in net/minecraft/server/commands/EnchantCommand
[16mai.2026 10:47:40.702] [main/INFO] [AE2:C/]: Scanning class appeng.server.testplots.TestPlots for plots
[16mai.2026 10:47:40.704] [main/INFO] [AE2:C/]: Scanning class appeng.server.testplots.AutoCraftingTestPlots for plots
[16mai.2026 10:47:40.704] [main/INFO] [AE2:C/]: Scanning class appeng.server.testplots.InscriberTestPlots for plots
[16mai.2026 10:47:40.710] [main/INFO] [AE2:C/]: Scanning class appeng.server.testplots.P2PTestPlots for plots
[16mai.2026 10:47:40.711] [main/INFO] [AE2:C/]: Scanning class appeng.server.testplots.ItemP2PTestPlots for plots
[16mai.2026 10:47:40.711] [main/INFO] [AE2:C/]: Scanning class appeng.server.testplots.MemoryCardTestPlots for plots
[16mai.2026 10:47:40.711] [main/INFO] [AE2:C/]: Scanning class appeng.server.testplots.PatternProviderLockModePlots for plots
[16mai.2026 10:47:40.711] [main/INFO] [AE2:C/]: Scanning class appeng.server.testplots.PatternProviderPlots for plots
[16mai.2026 10:47:40.711] [main/INFO] [AE2:C/]: Scanning class appeng.server.testplots.SpatialTestPlots for plots
[16mai.2026 10:47:40.711] [main/INFO] [AE2:C/]: Scanning class appeng.server.testplots.QnbTestPlots for plots
[16mai.2026 10:47:40.711] [main/INFO] [AE2:C/]: Scanning class appeng.server.testplots.GuidebookPlot for plots
[16mai.2026 10:47:40.711] [main/INFO] [AE2:C/]: Scanning class appeng.server.testplots.SubnetPlots for plots
[16mai.2026 10:47:40.712] [main/INFO] [AE2:C/]: Scanning class appeng.server.testplots.ChannelTests for plots
[16mai.2026 10:47:40.712] [main/INFO] [AE2:C/]: Scanning class appeng.server.testplots.AnnihilationPlaneTests for plots
[16mai.2026 10:47:40.712] [main/INFO] [AE2:C/]: Scanning class de.mari_023.ae2wtlib.AE2WTLibTestPlots for plots
[16mai.2026 10:47:40.761] [main/INFO] [com.github.alexthe666.alexsmobs.AlexsMobs/]: Adding datapack listener capsid_recipes
[16mai.2026 10:47:40.846] [Forge Version Check/INFO] [net.minecraftforge.fml.VersionChecker/]: [simplebackups] Found status: AHEAD Current: 1.20.1-3.1.24 Target: null
[16mai.2026 10:47:40.846] [Forge Version Check/INFO] [net.minecraftforge.fml.VersionChecker/]: [pipez] Starting version check at https://update.maxhenkel.de/forge/pipez
[16mai.2026 10:47:41.076] [Forge Version Check/INFO] [net.minecraftforge.fml.VersionChecker/]: [pipez] Found status: AHEAD Current: 1.20.1-1.2.26 Target: null
[16mai.2026 10:47:41.076] [Forge Version Check/INFO] [net.minecraftforge.fml.VersionChecker/]: [embeddium_extra] Starting version check at https://api.modrinth.com/updates/rubidium-extra/forge_updates.json
[16mai.2026 10:47:41.301] [Worker-Main-3/ERROR] [net.minecraft.tags.TagLoader/]: Couldn't load tag ctov:wares/cardboard_box as it is missing following references: wares:cardboard_box (from [forge]ctov-3.4.14.jar)
[16mai.2026 10:47:41.364] [Worker-Main-3/ERROR] [net.minecraft.tags.TagLoader/]: Couldn't load tag ctov:wares/sealed_delivery_agreement as it is missing following references: wares:sealed_delivery_agreement (from [forge]ctov-3.4.14.jar)
[16mai.2026 10:47:41.716] [Worker-Main-5/INFO] [Silent Gear/]: Injecting loot table 'silentgear:inject/minecraft/chests/bastion_bridge' into 'minecraft:chests/bastion_bridge'
[16mai.2026 10:47:41.938] [Worker-Main-5/INFO] [Silent Gear/]: Injecting loot table 'silentgear:inject/minecraft/chests/bastion_other' into 'minecraft:chests/bastion_other'
[16mai.2026 10:47:42.096] [Worker-Main-5/INFO] [Silent Gear/]: Injecting loot table 'silentgear:inject/minecraft/chests/bastion_treasure' into 'minecraft:chests/bastion_treasure'
[16mai.2026 10:47:42.102] [Worker-Main-5/INFO] [Silent Gear/]: Injecting loot table 'silentgear:inject/minecraft/chests/nether_bridge' into 'minecraft:chests/nether_bridge'
[16mai.2026 10:47:42.111] [Worker-Main-5/INFO] [Silent Gear/]: Injecting loot table 'silentgear:inject/minecraft/entities/spider' into 'minecraft:entities/spider'
[16mai.2026 10:47:42.126] [Forge Version Check/INFO] [net.minecraftforge.fml.VersionChecker/]: [embeddium_extra] Found status: UP_TO_DATE Current: 0.5.4.4+mc1.20.1-build.131 Target: null
[16mai.2026 10:47:42.126] [Forge Version Check/INFO] [net.minecraftforge.fml.VersionChecker/]: [occultism] Starting version check at https://raw.githubusercontent.com/klikli-dev/occultism/meta/updates.json
[16mai.2026 10:47:42.265] [Worker-Main-5/INFO] [Silent Gear/]: Registered material modifier silentgear:grade
[16mai.2026 10:47:42.265] [Worker-Main-5/INFO] [Silent Gear/]: Registered material modifier silentgear:starcharged
[16mai.2026 10:47:42.285] [Worker-Main-5/INFO] [Silent Gear/]: Injecting loot table 'silentgear:inject/minecraft/entities/zombie_villager' into 'minecraft:entities/zombie_villager'
[16mai.2026 10:47:42.313] [Worker-Main-5/ERROR] [net.minecraftforge.common.ForgeHooks/]: Couldn't parse element loot_tables:irons_spellbooks:chests/citadel/citadel_tomes
com.google.gson.JsonSyntaxException: Unknown type 'minecraft:set_written_book_pages'
	at net.minecraft.world.level.storage.loot.GsonAdapterFactory$JsonAdapter.deserialize(GsonAdapterFactory.java:99) ~[server-1.20.1-20230612.114412-srg.jar%23475!/:?]
	at com.google.gson.internal.bind.TreeTypeAdapter.read(TreeTypeAdapter.java:76) ~[gson-2.10.jar%2372!/:?]
	at com.google.gson.internal.bind.TypeAdapterRuntimeTypeWrapper.read(TypeAdapterRuntimeTypeWrapper.java:40) ~[gson-2.10.jar%2372!/:?]
	at com.google.gson.internal.bind.ArrayTypeAdapter.read(ArrayTypeAdapter.java:72) ~[gson-2.10.jar%2372!/:?]
	at com.google.gson.Gson.fromJson(Gson.java:1214) ~[gson-2.10.jar%2372!/:?]
	at com.google.gson.Gson.fromJson(Gson.java:1319) ~[gson-2.10.jar%2372!/:?]
	at com.google.gson.Gson.fromJson(Gson.java:1290) ~[gson-2.10.jar%2372!/:?]
	at com.google.gson.internal.bind.TreeTypeAdapter$GsonContextImpl.deserialize(TreeTypeAdapter.java:179) ~[gson-2.10.jar%2372!/:?]
	at net.minecraft.util.GsonHelper.m_13808_(GsonHelper.java:463) ~[server-1.20.1-20230612.114412-srg.jar%23475!/:?]
	at net.minecraft.util.GsonHelper.m_13845_(GsonHelper.java:481) ~[server-1.20.1-20230612.114412-srg.jar%23475!/:?]
	at net.minecraft.world.level.storage.loot.entries.LootPoolSingletonContainer$Serializer.m_5921_(LootPoolSingletonContainer.java:149) ~[server-1.20.1-20230612.114412-srg.jar%23475!/:?]
	at net.minecraft.world.level.storage.loot.entries.LootPoolSingletonContainer$Serializer.m_5921_(LootPoolSingletonContainer.java:129) ~[server-1.20.1-20230612.114412-srg.jar%23475!/:?]
	at net.minecraft.world.level.storage.loot.entries.LootPoolEntryContainer$Serializer.m_7561_(LootPoolEntryContainer.java:86) ~[server-1.20.1-20230612.114412-srg.jar%23475!/:?]
	at net.minecraft.world.level.storage.loot.entries.LootPoolEntryContainer$Serializer.m_7561_(LootPoolEntryContainer.java:74) ~[server-1.20.1-20230612.114412-srg.jar%23475!/:?]
	at net.minecraft.world.level.storage.loot.GsonAdapterFactory$JsonAdapter.deserialize(GsonAdapterFactory.java:102) ~[server-1.20.1-20230612.114412-srg.jar%23475!/:?]
	at com.google.gson.internal.bind.TreeTypeAdapter.read(TreeTypeAdapter.java:76) ~[gson-2.10.jar%2372!/:?]
	at com.google.gson.internal.bind.TypeAdapterRuntimeTypeWrapper.read(TypeAdapterRuntimeTypeWrapper.java:40) ~[gson-2.10.jar%2372!/:?]
	at com.google.gson.internal.bind.ArrayTypeAdapter.read(ArrayTypeAdapter.java:72) ~[gson-2.10.jar%2372!/:?]
	at com.google.gson.Gson.fromJson(Gson.java:1214) ~[gson-2.10.jar%2372!/:?]
	at com.google.gson.Gson.fromJson(Gson.java:1319) ~[gson-2.10.jar%2372!/:?]
	at com.google.gson.Gson.fromJson(Gson.java:1290) ~[gson-2.10.jar%2372!/:?]
	at com.google.gson.internal.bind.TreeTypeAdapter$GsonContextImpl.deserialize(TreeTypeAdapter.java:179) ~[gson-2.10.jar%2372!/:?]
	at net.minecraft.util.GsonHelper.m_13808_(GsonHelper.java:463) ~[server-1.20.1-20230612.114412-srg.jar%23475!/:?]
	at net.minecraft.util.GsonHelper.m_13836_(GsonHelper.java:471) ~[server-1.20.1-20230612.114412-srg.jar%23475!/:?]
	at net.minecraft.world.level.storage.loot.LootPool$Serializer.deserialize(LootPool.java:192) ~[server-1.20.1-20230612.114412-srg.jar%23475!/:?]
	at net.minecraft.world.level.storage.loot.LootPool$Serializer.deserialize(LootPool.java:189) ~[server-1.20.1-20230612.114412-srg.jar%23475!/:?]
	at com.google.gson.internal.bind.TreeTypeAdapter.read(TreeTypeAdapter.java:76) ~[gson-2.10.jar%2372!/:?]
	at com.google.gson.internal.bind.TypeAdapterRuntimeTypeWrapper.read(TypeAdapterRuntimeTypeWrapper.java:40) ~[gson-2.10.jar%2372!/:?]
	at com.google.gson.internal.bind.ArrayTypeAdapter.read(ArrayTypeAdapter.java:72) ~[gson-2.10.jar%2372!/:?]
	at com.google.gson.Gson.fromJson(Gson.java:1214) ~[gson-2.10.jar%2372!/:?]
	at com.google.gson.Gson.fromJson(Gson.java:1319) ~[gson-2.10.jar%2372!/:?]
	at com.google.gson.Gson.fromJson(Gson.java:1290) ~[gson-2.10.jar%2372!/:?]
	at com.google.gson.internal.bind.TreeTypeAdapter$GsonContextImpl.deserialize(TreeTypeAdapter.java:179) ~[gson-2.10.jar%2372!/:?]
	at net.minecraft.util.GsonHelper.m_13808_(GsonHelper.java:463) ~[server-1.20.1-20230612.114412-srg.jar%23475!/:?]
	at net.minecraft.util.GsonHelper.m_13845_(GsonHelper.java:481) ~[server-1.20.1-20230612.114412-srg.jar%23475!/:?]
	at net.minecraft.world.level.storage.loot.LootTable$Serializer.deserialize(LootTable.java:294) ~[server-1.20.1-20230612.114412-srg.jar%23475!/:?]
	at net.minecraft.world.level.storage.loot.LootTable$Serializer.deserialize(LootTable.java:291) ~[server-1.20.1-20230612.114412-srg.jar%23475!/:?]
	at com.google.gson.internal.bind.TreeTypeAdapter.read(TreeTypeAdapter.java:76) ~[gson-2.10.jar%2372!/:?]
	at com.google.gson.Gson.fromJson(Gson.java:1214) ~[gson-2.10.jar%2372!/:?]
	at com.google.gson.Gson.fromJson(Gson.java:1319) ~[gson-2.10.jar%2372!/:?]
	at com.google.gson.Gson.fromJson(Gson.java:1261) ~[gson-2.10.jar%2372!/:?]
	at net.minecraftforge.common.ForgeHooks.loadLootTable(ForgeHooks.java:872) ~[forge-1.20.1-47.4.10-universal.jar%23480!/:?]
	at net.minecraftforge.common.ForgeHooks.lambda$getLootTableDeserializer$3(ForgeHooks.java:849) ~[forge-1.20.1-47.4.10-universal.jar%23480!/:?]
	at net.minecraft.world.level.storage.loot.LootDataType.deserialize(LootDataType.java:45) ~[server-1.20.1-20230612.114412-srg.jar%23475!/:?]
	at net.minecraft.world.level.storage.loot.LootDataManager.lambda$scheduleElementParse$4(LootDataManager.java:56) ~[server-1.20.1-20230612.114412-srg.jar%23475!/:?]
	at java.util.HashMap.forEach(HashMap.java:1430) ~[?:?]
	at net.minecraft.world.level.storage.loot.LootDataManager.m_278660_(LootDataManager.java:55) ~[server-1.20.1-20230612.114412-srg.jar%23475!/:?]
	at java.util.concurrent.CompletableFuture$AsyncRun.run(CompletableFuture.java:1825) ~[?:?]
	at java.util.concurrent.CompletableFuture$AsyncRun.exec(CompletableFuture.java:1817) ~[?:?]
	at java.util.concurrent.ForkJoinTask.doExec(ForkJoinTask.java:511) ~[?:?]
	at java.util.concurrent.ForkJoinPool$WorkQueue.topLevelExec(ForkJoinPool.java:1450) ~[?:?]
	at java.util.concurrent.ForkJoinPool.runWorker(ForkJoinPool.java:2019) ~[?:?]
	at java.util.concurrent.ForkJoinWorkerThread.run(ForkJoinWorkerThread.java:187) ~[?:?]
[16mai.2026 10:47:42.358] [Worker-Main-5/INFO] [Silent Gear/]: Injecting loot table 'silentgear:inject/minecraft/chests/ruined_portal' into 'minecraft:chests/ruined_portal'
[16mai.2026 10:47:42.439] [Worker-Main-5/INFO] [Silent Gear/]: Injecting loot table 'silentgear:inject/minecraft/entities/cave_spider' into 'minecraft:entities/cave_spider'
[16mai.2026 10:47:42.457] [main/WARN] [net.minecraft.world.level.storage.loot.LootDataManager/]: Datapack tried to redefine minecraft:empty loot table, ignoring
[16mai.2026 10:47:42.515] [main/WARN] [net.minecraft.world.level.storage.loot.LootDataManager/]: Found loot table element validation problem in {loot_tables:irons_spellbooks:chests/citadel/citadel_bookshelf}.pools[8].entries[0]: Unknown loot table called irons_spellbooks:chests/citadel/citadel_tomes
[16mai.2026 10:47:42.529] [main/INFO] [placebo/]: Registered 34 additional loot tables.
[16mai.2026 10:47:42.702] [main/WARN] [mixinsquared-annotation-adjuster/]: Modified mixin "dev.uncandango.alltheleaks.mixin.core.main.CountedIngredientMixin". Check debug logs for more information.
[16mai.2026 10:47:42.731] [main/INFO] [Iron Jetpacks/]: Loaded 14 jetpack type(s) in 7 ms
[16mai.2026 10:47:42.733] [main/INFO] [Cucumber Library/]: Registered 52 recipes in 8 ms
[16mai.2026 10:47:42.785] [main/INFO] [net.minecraft.world.item.crafting.RecipeManager/]: Skipping loading recipe productivebees:expansion_boxes/expansion_box_atmospheric_kousa as it's serializer returned null
[16mai.2026 10:47:42.812] [main/INFO] [net.minecraft.world.item.crafting.RecipeManager/]: Skipping loading recipe productivebees:hives/advanced_biomesoplenty_magic_beehive_clear as it's serializer returned null
[16mai.2026 10:47:42.813] [main/INFO] [net.minecraft.world.item.crafting.RecipeManager/]: Skipping loading recipe productivebees:hives/advanced_upgrade_aquatic_driftwood_beehive_clear as it's serializer returned null
[16mai.2026 10:47:42.814] [main/INFO] [net.minecraft.world.item.crafting.RecipeManager/]: Skipping loading recipe productivebees:hives/advanced_byg_bulbis_beehive_clear as it's serializer returned null
[16mai.2026 10:47:42.820] [main/INFO] [net.minecraft.world.item.crafting.RecipeManager/]: Skipping loading recipe productivebees:hives/advanced_regions_unexplored_pink_bioshroom_beehive_clear as it's serializer returned null
[16mai.2026 10:47:42.829] [main/INFO] [net.minecraft.world.item.crafting.RecipeManager/]: Skipping loading recipe productivebees:expansion_boxes/expansion_box_regions_unexplored_magnolia as it's serializer returned null
[16mai.2026 10:47:42.829] [main/INFO] [net.minecraft.world.item.crafting.RecipeManager/]: Skipping loading recipe productivebees:expansion_boxes/expansion_box_regions_unexplored_eucalyptus as it's serializer returned null
[16mai.2026 10:47:42.830] [main/INFO] [net.minecraft.world.item.crafting.RecipeManager/]: Skipping loading recipe productivebees:corail/woodcutter/crimson_canvas_expansion_box as it's serializer returned null
[16mai.2026 10:47:42.849] [main/INFO] [net.minecraft.world.item.crafting.RecipeManager/]: Skipping loading recipe productivebees:hives/advanced_regions_unexplored_magnolia_beehive_clear as it's serializer returned null
[16mai.2026 10:47:42.860] [main/INFO] [STDOUT/]: [earth.terrarium.botarium.common.energy.EnergyApi:finalizeItemRegistration:54]: Finalizing energy item registration
[16mai.2026 10:47:42.861] [main/INFO] [STDOUT/]: [earth.terrarium.botarium.common.fluid.FluidApi:finalizeItemRegistration:55]: Finalizing fluid item registration
[16mai.2026 10:47:42.867] [main/INFO] [net.minecraft.world.item.crafting.RecipeManager/]: Skipping loading recipe productivebees:corail/woodcutter/warped_canvas_expansion_box as it's serializer returned null
[16mai.2026 10:47:42.907] [main/INFO] [net.minecraft.world.item.crafting.RecipeManager/]: Skipping loading recipe productivebees:corail/woodcutter/acacia_canvas_hive as it's serializer returned null
[16mai.2026 10:47:42.916] [main/INFO] [net.minecraft.world.item.crafting.RecipeManager/]: Skipping loading recipe productivebees:expansion_boxes/expansion_box_regions_unexplored_dead as it's serializer returned null
[16mai.2026 10:47:42.926] [main/INFO] [net.minecraft.world.item.crafting.RecipeManager/]: Skipping loading recipe bigreactors:reactor/reinforced/casing_upgrade_alt as it's serializer returned null
[16mai.2026 10:47:42.928] [main/INFO] [net.minecraft.world.item.crafting.RecipeManager/]: Skipping loading recipe productivebees:hives/advanced_upgrade_aquatic_river_beehive_clear as it's serializer returned null
[16mai.2026 10:47:42.932] [main/WARN] [com.simibubi.create.Create/]: Your custom createaddition:rolling/brass_ingot recipe (createaddition:rolling/brass_ingot) specified a duration. Durations have no impact on this type of recipe.
[16mai.2026 10:47:42.934] [main/INFO] [net.minecraft.world.item.crafting.RecipeManager/]: Skipping loading recipe productivebees:hives/advanced_byg_mahogany_beehive as it's serializer returned null
[16mai.2026 10:47:42.934] [main/INFO] [net.minecraft.world.item.crafting.RecipeManager/]: Skipping loading recipe productivebees:hives/advanced_biomesoplenty_palm_beehive_clear as it's serializer returned null
[16mai.2026 10:47:42.935] [main/INFO] [net.minecraft.world.item.crafting.RecipeManager/]: Skipping loading recipe productivebees:hives/advanced_biomesoplenty_hellbark_beehive_clear as it's serializer returned null
[16mai.2026 10:47:42.946] [main/INFO] [net.minecraft.world.item.crafting.RecipeManager/]: Skipping loading recipe productivebees:expansion_boxes/expansion_box_biomesoplenty_redwood as it's serializer returned null
[16mai.2026 10:47:42.946] [main/INFO] [net.minecraft.world.item.crafting.RecipeManager/]: Skipping loading recipe productivebees:hives/advanced_regions_unexplored_willow_beehive_clear as it's serializer returned null
[16mai.2026 10:47:42.949] [main/INFO] [net.minecraft.world.item.crafting.RecipeManager/]: Skipping loading recipe industrialforegoing:laser_drill_ore/ores/sulfur as it's serializer returned null
[16mai.2026 10:47:42.950] [main/INFO] [net.minecraft.world.item.crafting.RecipeManager/]: Skipping loading recipe productivebees:expansion_boxes/expansion_box_byg_baobab as it's serializer returned null
[16mai.2026 10:47:42.952] [main/INFO] [net.minecraft.world.item.crafting.RecipeManager/]: Skipping loading recipe productivebees:corail/woodcutter/spruce_canvas_hive as it's serializer returned null
[16mai.2026 10:47:42.952] [main/INFO] [net.minecraft.world.item.crafting.RecipeManager/]: Skipping loading recipe productivebees:expansion_boxes/expansion_box_regions_unexplored_socotra as it's serializer returned null
[16mai.2026 10:47:42.952] [main/INFO] [net.minecraft.world.item.crafting.RecipeManager/]: Skipping loading recipe productivebees:hives/advanced_byg_blue_enchanted_beehive_clear as it's serializer returned null
[16mai.2026 10:47:42.954] [main/INFO] [net.minecraft.world.item.crafting.RecipeManager/]: Skipping loading recipe productivebees:hives/advanced_regions_unexplored_joshua_beehive as it's serializer returned null
[16mai.2026 10:47:42.965] [main/INFO] [net.minecraft.world.item.crafting.RecipeManager/]: Skipping loading recipe productivebees:hives/advanced_biomesoplenty_umbran_beehive as it's serializer returned null
[16mai.2026 10:47:42.967] [main/INFO] [net.minecraft.world.item.crafting.RecipeManager/]: Skipping loading recipe bigreactors:turbine/reinforced/casing_alt as it's serializer returned null
[16mai.2026 10:47:42.968] [main/INFO] [net.minecraft.world.item.crafting.RecipeManager/]: Skipping loading recipe productivebees:hives/advanced_byg_baobab_beehive as it's serializer returned null
[16mai.2026 10:47:42.980] [main/INFO] [net.minecraft.world.item.crafting.RecipeManager/]: Skipping loading recipe productivebees:hives/advanced_environmental_wisteria_beehive_clear as it's serializer returned null
[16mai.2026 10:47:42.990] [main/INFO] [net.minecraft.world.item.crafting.RecipeManager/]: Skipping loading recipe productivebees:corail/woodcutter/dead_canvas_expansion_box as it's serializer returned null
[16mai.2026 10:47:42.992] [main/INFO] [net.minecraft.world.item.crafting.RecipeManager/]: Skipping loading recipe productivebees:hives/advanced_byg_embur_beehive as it's serializer returned null
[16mai.2026 10:47:42.999] [main/INFO] [net.minecraft.world.item.crafting.RecipeManager/]: Skipping loading recipe productivebees:hives/advanced_upgrade_aquatic_river_beehive as it's serializer returned null
[16mai.2026 10:47:43.004] [main/INFO] [net.minecraft.world.item.crafting.RecipeManager/]: Skipping loading recipe productivebees:hives/advanced_biomesoplenty_jacaranda_beehive_clear as it's serializer returned null
[16mai.2026 10:47:43.006] [main/INFO] [net.minecraft.world.item.crafting.RecipeManager/]: Skipping loading recipe productivebees:hives/advanced_atmospheric_morado_beehive as it's serializer returned null
[16mai.2026 10:47:43.007] [main/INFO] [net.minecraft.world.item.crafting.RecipeManager/]: Skipping loading recipe productivebees:corail/woodcutter/aspen_canvas_expansion_box as it's serializer returned null
[16mai.2026 10:47:43.007] [main/INFO] [net.minecraft.world.item.crafting.RecipeManager/]: Skipping loading recipe productivebees:hives/advanced_byg_cika_beehive as it's serializer returned null
[16mai.2026 10:47:43.008] [main/INFO] [net.minecraft.world.item.crafting.RecipeManager/]: Skipping loading recipe productivebees:hives/advanced_regions_unexplored_cypress_beehive as it's serializer returned null
[16mai.2026 10:47:43.010] [main/INFO] [net.minecraft.world.item.crafting.RecipeManager/]: Skipping loading recipe productivebees:expansion_boxes/expansion_box_byg_fir as it's serializer returned null
[16mai.2026 10:47:43.019] [main/INFO] [net.minecraft.world.item.crafting.RecipeManager/]: Skipping loading recipe mob_grinding_utils:beheading/piglin_brute as it's serializer returned null
[16mai.2026 10:47:43.030] [main/INFO] [net.minecraft.world.item.crafting.RecipeManager/]: Skipping loading recipe bigreactors:reactor/reinforced/fuelrod_alt_ingots_uranium as it's serializer returned null
[16mai.2026 10:47:43.030] [main/INFO] [net.minecraft.world.item.crafting.RecipeManager/]: Skipping loading recipe productivebees:expansion_boxes/expansion_box_regions_unexplored_redwood as it's serializer returned null
[16mai.2026 10:47:43.035] [main/INFO] [net.minecraft.world.item.crafting.RecipeManager/]: Skipping loading recipe productivebees:expansion_boxes/expansion_box_atmospheric_rosewood as it's serializer returned null
[16mai.2026 10:47:43.035] [main/INFO] [net.minecraft.world.item.crafting.RecipeManager/]: Skipping loading recipe productivebees:corail/woodcutter/rosewood_canvas_hive as it's serializer returned null
[16mai.2026 10:47:43.036] [main/INFO] [net.minecraft.world.item.crafting.RecipeManager/]: Skipping loading recipe productivebees:expansion_boxes/expansion_box_upgrade_aquatic_driftwood as it's serializer returned null
[16mai.2026 10:47:43.041] [main/INFO] [net.minecraft.world.item.crafting.RecipeManager/]: Skipping loading recipe productivebees:hives/advanced_regions_unexplored_dead_beehive_clear as it's serializer returned null
[16mai.2026 10:47:43.041] [main/INFO] [net.minecraft.world.item.crafting.RecipeManager/]: Skipping loading recipe productivebees:corail/woodcutter/comb_canvas_hive as it's serializer returned null
[16mai.2026 10:47:43.042] [main/INFO] [net.minecraft.world.item.crafting.RecipeManager/]: Skipping loading recipe bigreactors:reactor/reinforced/computerport_alt as it's serializer returned null
[16mai.2026 10:47:43.047] [main/INFO] [net.minecraft.world.item.crafting.RecipeManager/]: Skipping loading recipe productivebees:hives/advanced_byg_nightshade_beehive_clear as it's serializer returned null
[16mai.2026 10:47:43.047] [main/INFO] [net.minecraft.world.item.crafting.RecipeManager/]: Skipping loading recipe productivebees:expansion_boxes/expansion_box_byg_willow as it's serializer returned null
[16mai.2026 10:47:43.049] [main/INFO] [net.minecraft.world.item.crafting.RecipeManager/]: Skipping loading recipe productivebees:corail/woodcutter/jungle_canvas_hive as it's serializer returned null
[16mai.2026 10:47:43.051] [main/INFO] [net.minecraft.world.item.crafting.RecipeManager/]: Skipping loading recipe bigreactors:turbine/reinforced/blade_alt as it's serializer returned null
[16mai.2026 10:47:43.058] [main/INFO] [net.minecraft.world.item.crafting.RecipeManager/]: Skipping loading recipe productivebees:corail/woodcutter/rosewood_canvas_expansion_box as it's serializer returned null
[16mai.2026 10:47:43.071] [main/INFO] [net.minecraft.world.item.crafting.RecipeManager/]: Skipping loading recipe productivebees:expansion_boxes/expansion_box_atmospheric_grimwood as it's serializer returned null
[16mai.2026 10:47:43.076] [main/INFO] [net.minecraft.world.item.crafting.RecipeManager/]: Skipping loading recipe productivebees:expansion_boxes/expansion_box_byg_green_enchanted as it's serializer returned null
[16mai.2026 10:47:43.077] [main/INFO] [net.minecraft.world.item.crafting.RecipeManager/]: Skipping loading recipe productivebees:hives/advanced_regions_unexplored_blackwood_beehive_clear as it's serializer returned null
[16mai.2026 10:47:43.082] [main/INFO] [net.minecraft.world.item.crafting.RecipeManager/]: Skipping loading recipe productivebees:corail/woodcutter/jacaranda_canvas_expansion_box as it's serializer returned null
[16mai.2026 10:47:43.082] [main/INFO] [net.minecraft.world.item.crafting.RecipeManager/]: Skipping loading recipe industrialforegoing:laser_drill_ore/ores/cinnabar as it's serializer returned null
[16mai.2026 10:47:43.083] [main/INFO] [net.minecraft.world.item.crafting.RecipeManager/]: Skipping loading recipe productivebees:corail/woodcutter/acacia_canvas_expansion_box as it's serializer returned null
[16mai.2026 10:47:43.085] [main/INFO] [net.minecraft.world.item.crafting.RecipeManager/]: Skipping loading recipe productivebees:hives/advanced_regions_unexplored_kapok_beehive as it's serializer returned null
[16mai.2026 10:47:43.086] [main/INFO] [net.minecraft.world.item.crafting.RecipeManager/]: Skipping loading recipe productivebees:hives/advanced_byg_imparius_beehive_clear as it's serializer returned null
[16mai.2026 10:47:43.086] [main/INFO] [net.minecraft.world.item.crafting.RecipeManager/]: Skipping loading recipe enderio:rs_cable as it's serializer returned null
[16mai.2026 10:47:43.086] [main/INFO] [net.minecraft.world.item.crafting.RecipeManager/]: Skipping loading recipe mob_grinding_utils:beheading/husk as it's serializer returned null
[16mai.2026 10:47:43.086] [main/INFO] [net.minecraft.world.item.crafting.RecipeManager/]: Skipping loading recipe productivebees:hives/advanced_biomesoplenty_willow_beehive_clear as it's serializer returned null
[16mai.2026 10:47:43.087] [main/INFO] [net.minecraft.world.item.crafting.RecipeManager/]: Skipping loading recipe industrialforegoing:laser_drill_ore/raw_materials/tungsten as it's serializer returned null
[16mai.2026 10:47:43.087] [main/INFO] [net.minecraft.world.item.crafting.RecipeManager/]: Skipping loading recipe productivebees:corail/woodcutter/dark_oak_canvas_expansion_box as it's serializer returned null
[16mai.2026 10:47:43.093] [main/INFO] [net.minecraft.world.item.crafting.RecipeManager/]: Skipping loading recipe productivebees:corail/woodcutter/mahogany_canvas_hive as it's serializer returned null
[16mai.2026 10:47:43.099] [main/INFO] [net.minecraft.world.item.crafting.RecipeManager/]: Skipping loading recipe productivebees:hives/advanced_regions_unexplored_eucalyptus_beehive_clear as it's serializer returned null
[16mai.2026 10:47:43.100] [main/INFO] [net.minecraft.world.item.crafting.RecipeManager/]: Skipping loading recipe productivebees:hives/advanced_biomesoplenty_mahogany_beehive as it's serializer returned null
[16mai.2026 10:47:43.111] [main/INFO] [net.minecraft.world.item.crafting.RecipeManager/]: Skipping loading recipe productivebees:hives/advanced_regions_unexplored_pine_beehive as it's serializer returned null
[16mai.2026 10:47:43.115] [main/INFO] [net.minecraft.world.item.crafting.RecipeManager/]: Skipping loading recipe productivebees:corail/woodcutter/oak_canvas_expansion_box as it's serializer returned null
[16mai.2026 10:47:43.116] [main/INFO] [net.minecraft.world.item.crafting.RecipeManager/]: Skipping loading recipe productivebees:corail/woodcutter/birch_canvas_expansion_box as it's serializer returned null
[16mai.2026 10:47:43.116] [main/INFO] [net.minecraft.world.item.crafting.RecipeManager/]: Skipping loading recipe productivebees:hives/advanced_biomesoplenty_mahogany_beehive_clear as it's serializer returned null
[16mai.2026 10:47:43.125] [main/INFO] [net.minecraft.world.item.crafting.RecipeManager/]: Skipping loading recipe bigreactors:turbine/reinforced/computerport_alt as it's serializer returned null
[16mai.2026 10:47:43.126] [main/INFO] [net.minecraft.world.item.crafting.RecipeManager/]: Skipping loading recipe productivebees:hives/advanced_quark_azalea_beehive_clear as it's serializer returned null
[16mai.2026 10:47:43.132] [main/INFO] [net.minecraft.world.item.crafting.RecipeManager/]: Skipping loading recipe productivebees:expansion_boxes/expansion_box_biomesoplenty_magic as it's serializer returned null
[16mai.2026 10:47:43.135] [main/WARN] [com.simibubi.create.Create/]: Your custom createaddition:rolling/electrum_ingot recipe (createaddition:rolling/electrum_ingot) specified a duration. Durations have no impact on this type of recipe.
[16mai.2026 10:47:43.136] [main/INFO] [net.minecraft.world.item.crafting.RecipeManager/]: Skipping loading recipe productivebees:expansion_boxes/expansion_box_regions_unexplored_cypress as it's serializer returned null
[16mai.2026 10:47:43.154] [main/INFO] [net.minecraft.world.item.crafting.RecipeManager/]: Skipping loading recipe productivebees:corail/woodcutter/snake_block_canvas_hive as it's serializer returned null
[16mai.2026 10:47:43.165] [main/INFO] [net.minecraft.world.item.crafting.RecipeManager/]: Skipping loading recipe productivebees:corail/woodcutter/birch_canvas_hive as it's serializer returned null
[16mai.2026 10:47:43.166] [main/INFO] [net.minecraft.world.item.crafting.RecipeManager/]: Skipping loading recipe productivebees:hives/advanced_regions_unexplored_socotra_beehive_clear as it's serializer returned null
[16mai.2026 10:47:43.167] [main/INFO] [net.minecraft.world.item.crafting.RecipeManager/]: Skipping loading recipe productivebees:expansion_boxes/expansion_box_byg_sythian as it's serializer returned null
[16mai.2026 10:47:43.167] [main/INFO] [net.minecraft.world.item.crafting.RecipeManager/]: Skipping loading recipe productivebees:corail/woodcutter/umbran_canvas_hive as it's serializer returned null
[16mai.2026 10:47:43.168] [main/INFO] [net.minecraft.world.item.crafting.RecipeManager/]: Skipping loading recipe productivebees:hives/advanced_regions_unexplored_maple_beehive as it's serializer returned null
[16mai.2026 10:47:43.169] [main/INFO] [net.minecraft.world.item.crafting.RecipeManager/]: Skipping loading recipe mob_grinding_utils:beheading/drowned as it's serializer returned null
[16mai.2026 10:47:43.169] [main/INFO] [net.minecraft.world.item.crafting.RecipeManager/]: Skipping loading recipe productivebees:corail/woodcutter/redwood_canvas_hive as it's serializer returned null
[16mai.2026 10:47:43.170] [main/INFO] [net.minecraft.world.item.crafting.RecipeManager/]: Skipping loading recipe productivebees:expansion_boxes/expansion_box_environmental_wisteria as it's serializer returned null
[16mai.2026 10:47:43.171] [main/INFO] [net.minecraft.world.item.crafting.RecipeManager/]: Skipping loading recipe productivebees:expansion_boxes/expansion_box_byg_cika as it's serializer returned null
[16mai.2026 10:47:43.171] [main/INFO] [net.minecraft.world.item.crafting.RecipeManager/]: Skipping loading recipe productivebees:expansion_boxes/expansion_box_byg_holly as it's serializer returned null
[16mai.2026 10:47:43.172] [main/INFO] [net.minecraft.world.item.crafting.RecipeManager/]: Skipping loading recipe productivebees:corail/woodcutter/concrete_canvas_hive as it's serializer returned null
[16mai.2026 10:47:43.172] [main/INFO] [net.minecraft.world.item.crafting.RecipeManager/]: Skipping loading recipe productivebees:hives/advanced_byg_pine_beehive as it's serializer returned null
[16mai.2026 10:47:43.174] [main/INFO] [net.minecraft.world.item.crafting.RecipeManager/]: Skipping loading recipe productivebees:hives/advanced_byg_baobab_beehive_clear as it's serializer returned null
[16mai.2026 10:47:43.175] [main/INFO] [net.minecraft.world.item.crafting.RecipeManager/]: Skipping loading recipe productivebees:corail/woodcutter/driftwood_canvas_expansion_box as it's serializer returned null
[16mai.2026 10:47:43.188] [main/INFO] [net.minecraft.world.item.crafting.RecipeManager/]: Skipping loading recipe productivebees:hives/advanced_byg_sythian_beehive as it's serializer returned null
[16mai.2026 10:47:43.193] [main/INFO] [net.minecraft.world.item.crafting.RecipeManager/]: Skipping loading recipe productivebees:expansion_boxes/expansion_box_regions_unexplored_pink_bioshroom as it's serializer returned null
[16mai.2026 10:47:43.200] [main/INFO] [net.minecraft.world.item.crafting.RecipeManager/]: Skipping loading recipe productivebees:hives/advanced_biomesoplenty_willow_beehive as it's serializer returned null
[16mai.2026 10:47:43.200] [main/INFO] [net.minecraft.world.item.crafting.RecipeManager/]: Skipping loading recipe productivebees:expansion_boxes/expansion_box_biomesoplenty_willow as it's serializer returned null
[16mai.2026 10:47:43.207] [main/INFO] [net.minecraft.world.item.crafting.RecipeManager/]: Skipping loading recipe productivebees:corail/woodcutter/fir_canvas_hive as it's serializer returned null
[16mai.2026 10:47:43.208] [main/INFO] [net.minecraft.world.item.crafting.RecipeManager/]: Skipping loading recipe productivebees:hives/advanced_atmospheric_grimwood_beehive as it's serializer returned null
[16mai.2026 10:47:43.209] [main/INFO] [net.minecraft.world.item.crafting.RecipeManager/]: Skipping loading recipe productivebees:expansion_boxes/expansion_box_atmospheric_aspen as it's serializer returned null
[16mai.2026 10:47:43.210] [main/INFO] [net.minecraft.world.item.crafting.RecipeManager/]: Skipping loading recipe productivebees:hives/advanced_regions_unexplored_redwood_beehive as it's serializer returned null
[16mai.2026 10:47:43.221] [main/INFO] [net.minecraft.world.item.crafting.RecipeManager/]: Skipping loading recipe productivebees:expansion_boxes/expansion_box_quark_azalea as it's serializer returned null
[16mai.2026 10:47:43.222] [main/INFO] [net.minecraft.world.item.crafting.RecipeManager/]: Skipping loading recipe productivebees:corail/woodcutter/spruce_canvas_expansion_box as it's serializer returned null
[16mai.2026 10:47:43.223] [main/INFO] [net.minecraft.world.item.crafting.RecipeManager/]: Skipping loading recipe productivebees:hives/advanced_byg_aspen_beehive as it's serializer returned null
[16mai.2026 10:47:43.223] [main/INFO] [net.minecraft.world.item.crafting.RecipeManager/]: Skipping loading recipe productivebees:hives/advanced_atmospheric_rosewood_beehive as it's serializer returned null
[16mai.2026 10:47:43.224] [main/INFO] [net.minecraft.world.item.crafting.RecipeManager/]: Skipping loading recipe productivebees:corail/woodcutter/yucca_canvas_hive as it's serializer returned null
[16mai.2026 10:47:43.225] [main/INFO] [net.minecraft.world.item.crafting.RecipeManager/]: Skipping loading recipe bigreactors:reactor/reinforced/controlrod_alt as it's serializer returned null
[16mai.2026 10:47:43.229] [main/INFO] [net.minecraft.world.item.crafting.RecipeManager/]: Skipping loading recipe productivebees:hives/advanced_byg_pine_beehive_clear as it's serializer returned null
[16mai.2026 10:47:43.230] [main/WARN] [com.simibubi.create.Create/]: Your custom createaddition:rolling/straw recipe (createaddition:rolling/straw) specified a duration. Durations have no impact on this type of recipe.
[16mai.2026 10:47:43.230] [main/INFO] [net.minecraft.world.item.crafting.RecipeManager/]: Skipping loading recipe productivebees:hives/advanced_regions_unexplored_cobalt_beehive as it's serializer returned null
[16mai.2026 10:47:43.230] [main/INFO] [net.minecraft.world.item.crafting.RecipeManager/]: Skipping loading recipe productivebees:hives/advanced_byg_white_mangrove_beehive as it's serializer returned null
[16mai.2026 10:47:43.232] [main/INFO] [net.minecraft.world.item.crafting.RecipeManager/]: Skipping loading recipe productivebees:expansion_boxes/expansion_box_biomesoplenty_mahogany as it's serializer returned null
[16mai.2026 10:47:43.232] [main/INFO] [net.minecraft.world.item.crafting.RecipeManager/]: Skipping loading recipe productivebees:hives/advanced_byg_palm_beehive as it's serializer returned null
[16mai.2026 10:47:43.237] [main/INFO] [net.minecraft.world.item.crafting.RecipeManager/]: Skipping loading recipe productivebees:hives/advanced_regions_unexplored_dead_beehive as it's serializer returned null
[16mai.2026 10:47:43.240] [main/INFO] [net.minecraft.world.item.crafting.RecipeManager/]: Skipping loading recipe productivebees:hives/advanced_byg_ebony_beehive_clear as it's serializer returned null
[16mai.2026 10:47:43.250] [main/INFO] [net.minecraft.world.item.crafting.RecipeManager/]: Skipping loading recipe productivebees:hives/advanced_regions_unexplored_yellow_bioshroom_beehive as it's serializer returned null
[16mai.2026 10:47:43.250] [main/INFO] [net.minecraft.world.item.crafting.RecipeManager/]: Skipping loading recipe productivebees:corail/woodcutter/wisteria_canvas_hive as it's serializer returned null
[16mai.2026 10:47:43.251] [main/INFO] [net.minecraft.world.item.crafting.RecipeManager/]: Skipping loading recipe productivebees:hives/advanced_regions_unexplored_cobalt_beehive_clear as it's serializer returned null
[16mai.2026 10:47:43.251] [main/INFO] [net.minecraft.world.item.crafting.RecipeManager/]: Skipping loading recipe productivebees:expansion_boxes/expansion_box_regions_unexplored_cobalt as it's serializer returned null
[16mai.2026 10:47:43.252] [main/INFO] [net.minecraft.world.item.crafting.RecipeManager/]: Skipping loading recipe productivebees:hives/advanced_byg_holly_beehive as it's serializer returned null
[16mai.2026 10:47:43.252] [main/INFO] [net.minecraft.world.item.crafting.RecipeManager/]: Skipping loading recipe productivebees:expansion_boxes/expansion_box_byg_maple as it's serializer returned null
[16mai.2026 10:47:43.253] [main/INFO] [net.minecraft.world.item.crafting.RecipeManager/]: Skipping loading recipe productivebees:expansion_boxes/expansion_box_biomesoplenty_jacaranda as it's serializer returned null
[16mai.2026 10:47:43.254] [main/INFO] [net.minecraft.world.item.crafting.RecipeManager/]: Skipping loading recipe productivebees:corail/woodcutter/cherry_canvas_expansion_box as it's serializer returned null
[16mai.2026 10:47:43.255] [main/INFO] [net.minecraft.world.item.crafting.RecipeManager/]: Skipping loading recipe productivebees:corail/woodcutter/concrete_canvas_expansion_box as it's serializer returned null
[16mai.2026 10:47:43.255] [main/INFO] [net.minecraft.world.item.crafting.RecipeManager/]: Skipping loading recipe productivebees:expansion_boxes/expansion_box_byg_zelkova as it's serializer returned null
[16mai.2026 10:47:43.262] [Forge Version Check/INFO] [net.minecraftforge.fml.VersionChecker/]: [occultism] Found status: BETA Current: 1.157.0 Target: null
[16mai.2026 10:47:43.262] [Forge Version Check/INFO] [net.minecraftforge.fml.VersionChecker/]: [puzzleslib] Starting version check at https://raw.githubusercontent.com/Fuzss/modresources/main/update/puzzleslib.json
[16mai.2026 10:47:43.262] [main/INFO] [net.minecraft.world.item.crafting.RecipeManager/]: Skipping loading recipe productivebees:hives/advanced_byg_maple_beehive as it's serializer returned null
[16mai.2026 10:47:43.264] [main/INFO] [net.minecraft.world.item.crafting.RecipeManager/]: Skipping loading recipe industrialforegoing:laser_drill_ore/ores/bitumen as it's serializer returned null
[16mai.2026 10:47:43.264] [main/INFO] [net.minecraft.world.item.crafting.RecipeManager/]: Skipping loading recipe productivebees:corail/woodcutter/crimson_canvas_hive as it's serializer returned null
[16mai.2026 10:47:43.272] [main/INFO] [net.minecraft.world.item.crafting.RecipeManager/]: Skipping loading recipe productivebees:hives/advanced_byg_skyris_beehive_clear as it's serializer returned null
[16mai.2026 10:47:43.272] [main/INFO] [net.minecraft.world.item.crafting.RecipeManager/]: Skipping loading recipe productivebees:hives/advanced_atmospheric_rosewood_beehive_clear as it's serializer returned null
[16mai.2026 10:47:43.278] [main/INFO] [net.minecraft.world.item.crafting.RecipeManager/]: Skipping loading recipe productivebees:hives/advanced_byg_jacaranda_beehive_clear as it's serializer returned null
[16mai.2026 10:47:43.284] [Forge Version Check/INFO] [net.minecraftforge.fml.VersionChecker/]: [puzzleslib] Found status: UP_TO_DATE Current: 8.1.33 Target: null
[16mai.2026 10:47:43.284] [Forge Version Check/INFO] [net.minecraftforge.fml.VersionChecker/]: [aiotbotania] Starting version check at https://raw.githubusercontent.com/MelanX/mod-updatechecker-files/master/aiotbotania.json
[16mai.2026 10:47:43.290] [main/INFO] [net.minecraft.world.item.crafting.RecipeManager/]: Skipping loading recipe productivebees:hives/advanced_regions_unexplored_magnolia_beehive as it's serializer returned null
[16mai.2026 10:47:43.296] [main/INFO] [net.minecraft.world.item.crafting.RecipeManager/]: Skipping loading recipe productivebees:expansion_boxes/expansion_box_byg_skyris as it's serializer returned null
[16mai.2026 10:47:43.304] [Forge Version Check/INFO] [net.minecraftforge.fml.VersionChecker/]: [aiotbotania] Found status: BETA Current: 1.20.1-4.0.8 Target: null
[16mai.2026 10:47:43.304] [Forge Version Check/INFO] [net.minecraftforge.fml.VersionChecker/]: [dynamiclights] Starting version check at https://api.modrinth.com/updates/7YjclEGc/forge_updates.json?forge=only
[16mai.2026 10:47:43.306] [main/INFO] [net.minecraft.world.item.crafting.RecipeManager/]: Skipping loading recipe industrialforegoing:laser_drill_ore/ores/draconium as it's serializer returned null
[16mai.2026 10:47:43.306] [main/INFO] [net.minecraft.world.item.crafting.RecipeManager/]: Skipping loading recipe productivebees:corail/woodcutter/river_canvas_expansion_box as it's serializer returned null
[16mai.2026 10:47:43.306] [main/INFO] [net.minecraft.world.item.crafting.RecipeManager/]: Skipping loading recipe productivebees:corail/woodcutter/wisteria_canvas_expansion_box as it's serializer returned null
[16mai.2026 10:47:43.307] [main/INFO] [net.minecraft.world.item.crafting.RecipeManager/]: Skipping loading recipe productivebees:corail/woodcutter/river_canvas_hive as it's serializer returned null
[16mai.2026 10:47:43.311] [main/INFO] [net.minecraft.world.item.crafting.RecipeManager/]: Skipping loading recipe productivebees:expansion_boxes/expansion_box_byg_white_mangrove as it's serializer returned null
[16mai.2026 10:47:43.312] [main/INFO] [net.minecraft.world.item.crafting.RecipeManager/]: Skipping loading recipe industrialforegoing:laser_drill_ore/raw_materials/bauxite as it's serializer returned null
[16mai.2026 10:47:43.312] [main/INFO] [net.minecraft.world.item.crafting.RecipeManager/]: Skipping loading recipe bigreactors:turbine/reinforced/redstoneport_alt as it's serializer returned null
[16mai.2026 10:47:43.312] [main/INFO] [net.minecraft.world.item.crafting.RecipeManager/]: Skipping loading recipe productivebees:corail/woodcutter/magic_canvas_hive as it's serializer returned null
[16mai.2026 10:47:43.313] [main/INFO] [net.minecraft.world.item.crafting.RecipeManager/]: Skipping loading recipe productivebees:hives/advanced_byg_zelkova_beehive_clear as it's serializer returned null
[16mai.2026 10:47:43.313] [main/INFO] [net.minecraft.world.item.crafting.RecipeManager/]: Skipping loading recipe industrialforegoing:laser_drill_ore/raw_materials/sheldonite as it's serializer returned null
[16mai.2026 10:47:43.313] [main/INFO] [net.minecraft.world.item.crafting.RecipeManager/]: Skipping loading recipe productivebees:corail/woodcutter/bamboo_canvas_expansion_box as it's serializer returned null
[16mai.2026 10:47:43.314] [main/INFO] [net.minecraft.world.item.crafting.RecipeManager/]: Skipping loading recipe industrialforegoing:laser_drill_ore/ores/sodalite as it's serializer returned null
[16mai.2026 10:47:43.315] [main/INFO] [net.minecraft.world.item.crafting.RecipeManager/]: Skipping loading recipe productivebees:hives/advanced_byg_zelkova_beehive as it's serializer returned null
[16mai.2026 10:47:43.321] [main/INFO] [net.minecraft.world.item.crafting.RecipeManager/]: Skipping loading recipe productivebees:expansion_boxes/expansion_box_byg_aspen as it's serializer returned null
[16mai.2026 10:47:43.322] [main/INFO] [net.minecraft.world.item.crafting.RecipeManager/]: Skipping loading recipe productivebees:expansion_boxes/expansion_box_regions_unexplored_blackwood as it's serializer returned null
[16mai.2026 10:47:43.322] [main/INFO] [net.minecraft.world.item.crafting.RecipeManager/]: Skipping loading recipe productivebees:hives/advanced_atmospheric_aspen_beehive as it's serializer returned null
[16mai.2026 10:47:43.324] [main/INFO] [net.minecraft.world.item.crafting.RecipeManager/]: Skipping loading recipe productivebees:hives/advanced_atmospheric_kousa_beehive_clear as it's serializer returned null
[16mai.2026 10:47:43.325] [main/INFO] [net.minecraft.world.item.crafting.RecipeManager/]: Skipping loading recipe productivebees:hives/advanced_regions_unexplored_larch_beehive as it's serializer returned null
[16mai.2026 10:47:43.326] [main/INFO] [net.minecraft.world.item.crafting.RecipeManager/]: Skipping loading recipe productivebees:corail/woodcutter/aspen_canvas_hive as it's serializer returned null
[16mai.2026 10:47:43.326] [main/INFO] [net.minecraft.world.item.crafting.RecipeManager/]: Skipping loading recipe bigreactors:turbine/reinforced/casing_upgrade_alt as it's serializer returned null
[16mai.2026 10:47:43.329] [main/INFO] [net.minecraft.world.item.crafting.RecipeManager/]: Skipping loading recipe productivebees:corail/woodcutter/grimwood_canvas_hive as it's serializer returned null
[16mai.2026 10:47:43.334] [main/INFO] [net.minecraft.world.item.crafting.RecipeManager/]: Skipping loading recipe productivebees:hives/advanced_byg_green_enchanted_beehive as it's serializer returned null
[16mai.2026 10:47:43.334] [main/INFO] [net.minecraft.world.item.crafting.RecipeManager/]: Skipping loading recipe productivebees:expansion_boxes/expansion_box_atmospheric_yucca as it's serializer returned null
[16mai.2026 10:47:43.339] [main/INFO] [net.minecraft.world.item.crafting.RecipeManager/]: Skipping loading recipe bigreactors:reactor/reinforced/casing_alt as it's serializer returned null
[16mai.2026 10:47:43.343] [main/INFO] [net.minecraft.world.item.crafting.RecipeManager/]: Skipping loading recipe industrialforegoing:laser_drill_ore/raw_materials/cobalt as it's serializer returned null
[16mai.2026 10:47:43.347] [main/INFO] [net.minecraft.world.item.crafting.RecipeManager/]: Skipping loading recipe bigreactors:reactor/reinforced/solidaccessport_alt as it's serializer returned null
[16mai.2026 10:47:43.347] [main/INFO] [net.minecraft.world.item.crafting.RecipeManager/]: Skipping loading recipe productivebees:expansion_boxes/expansion_box_byg_cypress as it's serializer returned null
[16mai.2026 10:47:43.348] [main/INFO] [net.minecraft.world.item.crafting.RecipeManager/]: Skipping loading recipe productivebees:hives/advanced_biomesoplenty_magic_beehive as it's serializer returned null
[16mai.2026 10:47:43.348] [main/INFO] [net.minecraft.world.item.crafting.RecipeManager/]: Skipping loading recipe productivebees:hives/advanced_biomesoplenty_dead_beehive as it's serializer returned null
[16mai.2026 10:47:43.349] [main/INFO] [net.minecraft.world.item.crafting.RecipeManager/]: Skipping loading recipe productivebees:expansion_boxes/expansion_box_byg_palm as it's serializer returned null
[16mai.2026 10:47:43.350] [main/INFO] [net.minecraft.world.item.crafting.RecipeManager/]: Skipping loading recipe productivebees:expansion_boxes/expansion_box_atmospheric_morado as it's serializer returned null
[16mai.2026 10:47:43.351] [main/INFO] [net.minecraft.world.item.crafting.RecipeManager/]: Skipping loading recipe productivebees:corail/woodcutter/mahogany_canvas_expansion_box as it's serializer returned null
[16mai.2026 10:47:43.351] [main/INFO] [net.minecraft.world.item.crafting.RecipeManager/]: Skipping loading recipe productivebees:corail/woodcutter/willow_canvas_expansion_box as it's serializer returned null
[16mai.2026 10:47:43.352] [main/INFO] [net.minecraft.world.item.crafting.RecipeManager/]: Skipping loading recipe productivebees:hives/advanced_byg_white_mangrove_beehive_clear as it's serializer returned null
[16mai.2026 10:47:43.352] [main/INFO] [net.minecraft.world.item.crafting.RecipeManager/]: Skipping loading recipe productivebees:hives/advanced_atmospheric_yucca_beehive_clear as it's serializer returned null
[16mai.2026 10:47:43.356] [main/INFO] [net.minecraft.world.item.crafting.RecipeManager/]: Skipping loading recipe productivebees:hives/advanced_regions_unexplored_redwood_beehive_clear as it's serializer returned null
[16mai.2026 10:47:43.356] [main/INFO] [net.minecraft.world.item.crafting.RecipeManager/]: Skipping loading recipe productivebees:hives/advanced_endergetic_poise_beehive_clear as it's serializer returned null
[16mai.2026 10:47:43.356] [main/INFO] [net.minecraft.world.item.crafting.RecipeManager/]: Skipping loading recipe productivebees:hives/advanced_regions_unexplored_maple_beehive_clear as it's serializer returned null
[16mai.2026 10:47:43.356] [main/INFO] [net.minecraft.world.item.crafting.RecipeManager/]: Skipping loading recipe productivebees:corail/woodcutter/bamboo_canvas_hive as it's serializer returned null
[16mai.2026 10:47:43.357] [main/INFO] [net.minecraft.world.item.crafting.RecipeManager/]: Skipping loading recipe productivebees:hives/advanced_regions_unexplored_palm_beehive_clear as it's serializer returned null
[16mai.2026 10:47:43.364] [main/INFO] [net.minecraft.world.item.crafting.RecipeManager/]: Skipping loading recipe productivebees:expansion_boxes/expansion_box_byg_lament as it's serializer returned null
[16mai.2026 10:47:43.368] [main/INFO] [net.minecraft.world.item.crafting.RecipeManager/]: Skipping loading recipe productivebees:corail/woodcutter/jungle_canvas_expansion_box as it's serializer returned null
[16mai.2026 10:47:43.369] [main/INFO] [net.minecraft.world.item.crafting.RecipeManager/]: Skipping loading recipe productivebees:expansion_boxes/expansion_box_quark_blossom as it's serializer returned null
[16mai.2026 10:47:43.369] [main/INFO] [net.minecraft.world.item.crafting.RecipeManager/]: Skipping loading recipe productivebees:expansion_boxes/expansion_box_autumnity_maple as it's serializer returned null
[16mai.2026 10:47:43.369] [main/INFO] [net.minecraft.world.item.crafting.RecipeManager/]: Skipping loading recipe mob_grinding_utils:beheading/piglin as it's serializer returned null
[16mai.2026 10:47:43.369] [main/INFO] [net.minecraft.world.item.crafting.RecipeManager/]: Skipping loading recipe bigreactors:reactor/reinforced/redstoneport_alt as it's serializer returned null
[16mai.2026 10:47:43.374] [main/INFO] [net.minecraft.world.item.crafting.RecipeManager/]: Skipping loading recipe productivebees:hives/advanced_biomesoplenty_palm_beehive as it's serializer returned null
[16mai.2026 10:47:43.374] [main/INFO] [net.minecraft.world.item.crafting.RecipeManager/]: Skipping loading recipe productivebees:hives/advanced_byg_witch_hazel_beehive_clear as it's serializer returned null
[16mai.2026 10:47:43.375] [main/INFO] [net.minecraft.world.item.crafting.RecipeManager/]: Skipping loading recipe mob_grinding_utils:beheading/zombified_piglin_brute as it's serializer returned null
[16mai.2026 10:47:43.375] [main/INFO] [net.minecraft.world.item.crafting.RecipeManager/]: Skipping loading recipe productivebees:hives/advanced_regions_unexplored_blue_bioshroom_beehive as it's serializer returned null
[16mai.2026 10:47:43.375] [main/INFO] [net.minecraft.world.item.crafting.RecipeManager/]: Skipping loading recipe productivebees:expansion_boxes/expansion_box_byg_jacaranda as it's serializer returned null
[16mai.2026 10:47:43.376] [main/INFO] [net.minecraft.world.item.crafting.RecipeManager/]: Skipping loading recipe productivebees:hives/advanced_byg_jacaranda_beehive as it's serializer returned null
[16mai.2026 10:47:43.376] [main/INFO] [net.minecraft.world.item.crafting.RecipeManager/]: Skipping loading recipe productivebees:corail/woodcutter/snake_block_canvas_expansion_box as it's serializer returned null
[16mai.2026 10:47:43.379] [main/INFO] [net.minecraft.world.item.crafting.RecipeManager/]: Skipping loading recipe productivebees:hives/advanced_byg_cypress_beehive_clear as it's serializer returned null
[16mai.2026 10:47:43.380] [main/INFO] [net.minecraft.world.item.crafting.RecipeManager/]: Skipping loading recipe productivebees:hives/advanced_biomesoplenty_hellbark_beehive as it's serializer returned null
[16mai.2026 10:47:43.380] [main/INFO] [net.minecraft.world.item.crafting.RecipeManager/]: Skipping loading recipe productivebees:expansion_boxes/expansion_box_regions_unexplored_pine as it's serializer returned null
[16mai.2026 10:47:43.382] [main/INFO] [net.minecraft.world.item.crafting.RecipeManager/]: Skipping loading recipe productivebees:hives/advanced_regions_unexplored_blackwood_beehive as it's serializer returned null
[16mai.2026 10:47:43.390] [main/INFO] [net.minecraft.world.item.crafting.RecipeManager/]: Skipping loading recipe ars_elemental:jeed/life_link as it's serializer returned null
[16mai.2026 10:47:43.397] [main/WARN] [com.simibubi.create.Create/]: Your custom createaddition:rolling/copper_ingot recipe (createaddition:rolling/copper_ingot) specified a duration. Durations have no impact on this type of recipe.
[16mai.2026 10:47:43.397] [main/INFO] [net.minecraft.world.item.crafting.RecipeManager/]: Skipping loading recipe industrialforegoing:laser_drill_ore/raw_materials/tetrahedrite as it's serializer returned null
[16mai.2026 10:47:43.398] [main/INFO] [net.minecraft.world.item.crafting.RecipeManager/]: Skipping loading recipe ars_additions:ritual/ritual_chunk_loading as it's serializer returned null
[16mai.2026 10:47:43.398] [main/INFO] [net.minecraft.world.item.crafting.RecipeManager/]: Skipping loading recipe productivebees:hives/advanced_byg_cika_beehive_clear as it's serializer returned null
[16mai.2026 10:47:43.398] [main/INFO] [net.minecraft.world.item.crafting.RecipeManager/]: Skipping loading recipe productivebees:hives/advanced_byg_ebony_beehive as it's serializer returned null
[16mai.2026 10:47:43.398] [main/INFO] [net.minecraft.world.item.crafting.RecipeManager/]: Skipping loading recipe productivebees:expansion_boxes/expansion_box_byg_bulbis as it's serializer returned null
[16mai.2026 10:47:43.399] [main/INFO] [net.minecraft.world.item.crafting.RecipeManager/]: Skipping loading recipe ars_elemental:jeed/entrhalled as it's serializer returned null
[16mai.2026 10:47:43.399] [main/INFO] [net.minecraft.world.item.crafting.RecipeManager/]: Skipping loading recipe productivebees:expansion_boxes/expansion_box_regions_unexplored_willow as it's serializer returned null
[16mai.2026 10:47:43.399] [main/INFO] [net.minecraft.world.item.crafting.RecipeManager/]: Skipping loading recipe productivebees:hives/advanced_biomesoplenty_dead_beehive_clear as it's serializer returned null
[16mai.2026 10:47:43.399] [main/INFO] [net.minecraft.world.item.crafting.RecipeManager/]: Skipping loading recipe productivebees:hives/advanced_byg_fir_beehive as it's serializer returned null
[16mai.2026 10:47:43.399] [main/INFO] [net.minecraft.world.item.crafting.RecipeManager/]: Skipping loading recipe productivebees:hives/advanced_byg_blue_enchanted_beehive as it's serializer returned null
[16mai.2026 10:47:43.400] [main/INFO] [net.minecraft.world.item.crafting.RecipeManager/]: Skipping loading recipe productivebees:expansion_boxes/expansion_box_regions_unexplored_blue_bioshroom as it's serializer returned null
[16mai.2026 10:47:43.405] [main/INFO] [net.minecraft.world.item.crafting.RecipeManager/]: Skipping loading recipe productivebees:expansion_boxes/expansion_box_byg_ebony as it's serializer returned null
[16mai.2026 10:47:43.405] [main/INFO] [net.minecraft.world.item.crafting.RecipeManager/]: Skipping loading recipe productivebees:hives/advanced_regions_unexplored_pink_bioshroom_beehive as it's serializer returned null
[16mai.2026 10:47:43.409] [main/INFO] [net.minecraft.world.item.crafting.RecipeManager/]: Skipping loading recipe mob_grinding_utils:beheading/spider as it's serializer returned null
[16mai.2026 10:47:43.410] [main/INFO] [net.minecraft.world.item.crafting.RecipeManager/]: Skipping loading recipe productivebees:expansion_boxes/expansion_box_byg_imparius as it's serializer returned null
[16mai.2026 10:47:43.410] [main/INFO] [net.minecraft.world.item.crafting.RecipeManager/]: Skipping loading recipe productivebees:hives/advanced_regions_unexplored_green_bioshroom_beehive as it's serializer returned null
[16mai.2026 10:47:43.410] [main/INFO] [net.minecraft.world.item.crafting.RecipeManager/]: Skipping loading recipe productivebees:expansion_boxes/expansion_box_byg_redwood as it's serializer returned null
[16mai.2026 10:47:43.411] [main/INFO] [net.minecraft.world.item.crafting.RecipeManager/]: Skipping loading recipe productivebees:hives/advanced_regions_unexplored_green_bioshroom_beehive_clear as it's serializer returned null
[16mai.2026 10:47:43.420] [main/INFO] [net.minecraft.world.item.crafting.RecipeManager/]: Skipping loading recipe productivebees:hives/advanced_byg_holly_beehive_clear as it's serializer returned null
[16mai.2026 10:47:43.420] [main/INFO] [net.minecraft.world.item.crafting.RecipeManager/]: Skipping loading recipe productivebees:hives/advanced_regions_unexplored_baobab_beehive_clear as it's serializer returned null
[16mai.2026 10:47:43.420] [main/INFO] [net.minecraft.world.item.crafting.RecipeManager/]: Skipping loading recipe productivebees:expansion_boxes/expansion_box_regions_unexplored_yellow_bioshroom as it's serializer returned null
[16mai.2026 10:47:43.421] [main/INFO] [net.minecraft.world.item.crafting.RecipeManager/]: Skipping loading recipe productivebees:expansion_boxes/expansion_box_biomesoplenty_dead as it's serializer returned null
[16mai.2026 10:47:43.438] [main/INFO] [net.minecraft.world.item.crafting.RecipeManager/]: Skipping loading recipe productivebees:expansion_boxes/expansion_box_regions_unexplored_maple as it's serializer returned null
[16mai.2026 10:47:43.439] [main/INFO] [net.minecraft.world.item.crafting.RecipeManager/]: Skipping loading recipe productivebees:hives/advanced_byg_lament_beehive_clear as it's serializer returned null
[16mai.2026 10:47:43.440] [main/INFO] [net.minecraft.world.item.crafting.RecipeManager/]: Skipping loading recipe productivebees:hives/advanced_atmospheric_grimwood_beehive_clear as it's serializer returned null
[16mai.2026 10:47:43.441] [main/INFO] [net.minecraft.world.item.crafting.RecipeManager/]: Skipping loading recipe productivebees:hives/advanced_regions_unexplored_larch_beehive_clear as it's serializer returned null
[16mai.2026 10:47:43.443] [main/INFO] [net.minecraft.world.item.crafting.RecipeManager/]: Skipping loading recipe productivebees:expansion_boxes/expansion_box_byg_pine as it's serializer returned null
[16mai.2026 10:47:43.445] [main/INFO] [net.minecraft.world.item.crafting.RecipeManager/]: Skipping loading recipe productivebees:hives/advanced_quark_blossom_beehive as it's serializer returned null
[16mai.2026 10:47:43.445] [main/INFO] [net.minecraft.world.item.crafting.RecipeManager/]: Skipping loading recipe productivebees:hives/advanced_regions_unexplored_pine_beehive_clear as it's serializer returned null
[16mai.2026 10:47:43.446] [main/INFO] [net.minecraft.world.item.crafting.RecipeManager/]: Skipping loading recipe productivebees:hives/advanced_regions_unexplored_joshua_beehive_clear as it's serializer returned null
[16mai.2026 10:47:43.446] [main/INFO] [net.minecraft.world.item.crafting.RecipeManager/]: Skipping loading recipe mob_grinding_utils:beheading/blaze as it's serializer returned null
[16mai.2026 10:47:43.457] [main/INFO] [net.minecraft.world.item.crafting.RecipeManager/]: Skipping loading recipe productivebees:hives/advanced_atmospheric_kousa_beehive as it's serializer returned null
[16mai.2026 10:47:43.457] [main/INFO] [net.minecraft.world.item.crafting.RecipeManager/]: Skipping loading recipe productivebees:expansion_boxes/expansion_box_biomesoplenty_umbran as it's serializer returned null
[16mai.2026 10:47:43.469] [main/INFO] [net.minecraft.world.item.crafting.RecipeManager/]: Skipping loading recipe productivebees:hives/advanced_byg_maple_beehive_clear as it's serializer returned null
[16mai.2026 10:47:43.470] [main/INFO] [net.minecraft.world.item.crafting.RecipeManager/]: Skipping loading recipe ars_elemental:jeed/watery_grave as it's serializer returned null
[16mai.2026 10:47:43.471] [main/WARN] [com.simibubi.create.Create/]: Your custom createaddition:rolling/electrum_plate recipe (createaddition:rolling/electrum_plate) specified a duration. Durations have no impact on this type of recipe.
[16mai.2026 10:47:43.471] [main/INFO] [net.minecraft.world.item.crafting.RecipeManager/]: Skipping loading recipe productivebees:hives/advanced_atmospheric_aspen_beehive_clear as it's serializer returned null
[16mai.2026 10:47:43.473] [main/INFO] [net.minecraft.world.item.crafting.RecipeManager/]: Skipping loading recipe productivebees:corail/woodcutter/maple_canvas_hive as it's serializer returned null
[16mai.2026 10:47:43.473] [main/INFO] [net.minecraft.world.item.crafting.RecipeManager/]: Skipping loading recipe productivebees:hives/advanced_byg_willow_beehive_clear as it's serializer returned null
[16mai.2026 10:47:43.473] [main/INFO] [net.minecraft.world.item.crafting.RecipeManager/]: Skipping loading recipe bigreactors:turbine/reinforced/bearing_alt as it's serializer returned null
[16mai.2026 10:47:43.477] [main/INFO] [net.minecraft.world.item.crafting.RecipeManager/]: Skipping loading recipe productivebees:hives/advanced_biomesoplenty_umbran_beehive_clear as it's serializer returned null
[16mai.2026 10:47:43.488] [main/INFO] [net.minecraft.world.item.crafting.RecipeManager/]: Skipping loading recipe productivebees:expansion_boxes/expansion_box_regions_unexplored_mauve as it's serializer returned null
[16mai.2026 10:47:43.489] [main/INFO] [net.minecraft.world.item.crafting.RecipeManager/]: Skipping loading recipe productivebees:hives/advanced_byg_skyris_beehive as it's serializer returned null
[16mai.2026 10:47:43.492] [main/INFO] [net.minecraft.world.item.crafting.RecipeManager/]: Skipping loading recipe productivebees:expansion_boxes/expansion_box_byg_witch_hazel as it's serializer returned null
[16mai.2026 10:47:43.492] [main/INFO] [net.minecraft.world.item.crafting.RecipeManager/]: Skipping loading recipe productivebees:corail/woodcutter/grimwood_canvas_expansion_box as it's serializer returned null
[16mai.2026 10:47:43.492] [main/INFO] [net.minecraft.world.item.crafting.RecipeManager/]: Skipping loading recipe productivebees:hives/advanced_endergetic_poise_beehive as it's serializer returned null
[16mai.2026 10:47:43.493] [main/INFO] [net.minecraft.world.item.crafting.RecipeManager/]: Skipping loading recipe industrialforegoing:laser_drill_ore/raw_materials/galena as it's serializer returned null
[16mai.2026 10:47:43.493] [main/INFO] [net.minecraft.world.item.crafting.RecipeManager/]: Skipping loading recipe productivebees:hives/advanced_byg_imparius_beehive as it's serializer returned null
[16mai.2026 10:47:43.498] [Forge Version Check/INFO] [net.minecraftforge.fml.VersionChecker/]: [dynamiclights] Found status: UP_TO_DATE Current: 1.9+mod Target: null
[16mai.2026 10:47:43.498] [Forge Version Check/INFO] [net.minecraftforge.fml.VersionChecker/]: [controlling] Starting version check at https://updates.blamejared.com/get?n=controlling&gv=1.20.1
[16mai.2026 10:47:43.502] [main/INFO] [net.minecraft.world.item.crafting.RecipeManager/]: Skipping loading recipe productivebees:hives/advanced_byg_embur_beehive_clear as it's serializer returned null
[16mai.2026 10:47:43.506] [main/WARN] [com.simibubi.create.Create/]: Your custom createaddition:rolling/iron_plate recipe (createaddition:rolling/iron_plate) specified a duration. Durations have no impact on this type of recipe.
[16mai.2026 10:47:43.506] [main/INFO] [net.minecraft.world.item.crafting.RecipeManager/]: Skipping loading recipe productivebees:expansion_boxes/expansion_box_regions_unexplored_baobab as it's serializer returned null
[16mai.2026 10:47:43.507] [main/INFO] [net.minecraft.world.item.crafting.RecipeManager/]: Skipping loading recipe ars_elemental:jeed/mana_shield as it's serializer returned null
[16mai.2026 10:47:43.507] [main/INFO] [net.minecraft.world.item.crafting.RecipeManager/]: Skipping loading recipe productivebees:hives/advanced_byg_palm_beehive_clear as it's serializer returned null
[16mai.2026 10:47:43.507] [main/INFO] [net.minecraft.world.item.crafting.RecipeManager/]: Skipping loading recipe productivebees:corail/woodcutter/yucca_canvas_expansion_box as it's serializer returned null
[16mai.2026 10:47:43.507] [main/INFO] [net.minecraft.world.item.crafting.RecipeManager/]: Skipping loading recipe productivebees:hives/advanced_regions_unexplored_baobab_beehive as it's serializer returned null
[16mai.2026 10:47:43.507] [main/INFO] [net.minecraft.world.item.crafting.RecipeManager/]: Skipping loading recipe productivebees:corail/woodcutter/kousa_canvas_expansion_box as it's serializer returned null
[16mai.2026 10:47:43.507] [main/INFO] [net.minecraft.world.item.crafting.RecipeManager/]: Skipping loading recipe bigreactors:reactor/reinforced/fluidaccessport_alt as it's serializer returned null
[16mai.2026 10:47:43.508] [main/INFO] [net.minecraft.world.item.crafting.RecipeManager/]: Skipping loading recipe productivebees:hives/advanced_biomesoplenty_redwood_beehive as it's serializer returned null
[16mai.2026 10:47:43.511] [main/INFO] [net.minecraft.world.item.crafting.RecipeManager/]: Skipping loading recipe productivebees:corail/woodcutter/driftwood_canvas_hive as it's serializer returned null
[16mai.2026 10:47:43.512] [main/INFO] [net.minecraft.world.item.crafting.RecipeManager/]: Skipping loading recipe productivebees:expansion_boxes/expansion_box_byg_ether as it's serializer returned null
[16mai.2026 10:47:43.512] [main/INFO] [net.minecraft.world.item.crafting.RecipeManager/]: Skipping loading recipe productivebees:corail/woodcutter/oak_canvas_hive as it's serializer returned null
[16mai.2026 10:47:43.517] [main/INFO] [net.minecraft.world.item.crafting.RecipeManager/]: Skipping loading recipe productivebees:hives/advanced_atmospheric_yucca_beehive as it's serializer returned null
[16mai.2026 10:47:43.518] [main/WARN] [com.simibubi.create.Create/]: Your custom createaddition:rolling/gold_plate recipe (createaddition:rolling/gold_plate) specified a duration. Durations have no impact on this type of recipe.
[16mai.2026 10:47:43.532] [main/INFO] [net.minecraft.world.item.crafting.RecipeManager/]: Skipping loading recipe productivebees:corail/woodcutter/fir_canvas_expansion_box as it's serializer returned null
[16mai.2026 10:47:43.536] [main/INFO] [net.minecraft.world.item.crafting.RecipeManager/]: Skipping loading recipe productivebees:corail/woodcutter/warped_canvas_hive as it's serializer returned null
[16mai.2026 10:47:43.536] [main/INFO] [net.minecraft.world.item.crafting.RecipeManager/]: Skipping loading recipe industrialforegoing:laser_drill_fluid/oil as it's serializer returned null
[16mai.2026 10:47:43.536] [main/INFO] [net.minecraft.world.item.crafting.RecipeManager/]: Skipping loading recipe productivebees:expansion_boxes/expansion_box_regions_unexplored_joshua as it's serializer returned null
[16mai.2026 10:47:43.540] [main/INFO] [net.minecraft.world.item.crafting.RecipeManager/]: Skipping loading recipe productivebees:hives/advanced_byg_willow_beehive as it's serializer returned null
[16mai.2026 10:47:43.541] [main/INFO] [net.minecraft.world.item.crafting.RecipeManager/]: Skipping loading recipe productivebees:expansion_boxes/expansion_box_byg_mahogany as it's serializer returned null
[16mai.2026 10:47:43.541] [main/INFO] [net.minecraft.world.item.crafting.RecipeManager/]: Skipping loading recipe productivebees:hives/advanced_regions_unexplored_yellow_bioshroom_beehive_clear as it's serializer returned null
[16mai.2026 10:47:43.542] [main/INFO] [net.minecraft.world.item.crafting.RecipeManager/]: Skipping loading recipe ars_elemental:jeed/hellfire_burn as it's serializer returned null
[16mai.2026 10:47:43.543] [main/INFO] [net.minecraft.world.item.crafting.RecipeManager/]: Skipping loading recipe productivebees:hives/advanced_regions_unexplored_palm_beehive as it's serializer returned null
[16mai.2026 10:47:43.543] [main/INFO] [net.minecraft.world.item.crafting.RecipeManager/]: Skipping loading recipe industrialforegoing:laser_drill_ore/raw_materials/cinnabar as it's serializer returned null
[16mai.2026 10:47:43.544] [main/INFO] [net.minecraft.world.item.crafting.RecipeManager/]: Skipping loading recipe productivebees:corail/woodcutter/willow_canvas_hive as it's serializer returned null
[16mai.2026 10:47:43.545] [main/INFO] [net.minecraft.world.item.crafting.RecipeManager/]: Skipping loading recipe productivebees:hives/advanced_biomesoplenty_fir_beehive as it's serializer returned null
[16mai.2026 10:47:43.546] [main/INFO] [net.minecraft.world.item.crafting.RecipeManager/]: Skipping loading recipe productivebees:hives/advanced_regions_unexplored_mauve_beehive as it's serializer returned null
[16mai.2026 10:47:43.560] [main/INFO] [net.minecraft.world.item.crafting.RecipeManager/]: Skipping loading recipe productivebees:hives/advanced_byg_redwood_beehive_clear as it's serializer returned null
[16mai.2026 10:47:43.561] [main/INFO] [net.minecraft.world.item.crafting.RecipeManager/]: Skipping loading recipe productivebees:expansion_boxes/expansion_box_biomesoplenty_hellbark as it's serializer returned null
[16mai.2026 10:47:43.562] [main/INFO] [net.minecraft.world.item.crafting.RecipeManager/]: Skipping loading recipe industrialforegoing:laser_drill_ore/raw_materials/yellorite as it's serializer returned null
[16mai.2026 10:47:43.565] [main/INFO] [net.minecraft.world.item.crafting.RecipeManager/]: Skipping loading recipe productivebees:hives/advanced_regions_unexplored_kapok_beehive_clear as it's serializer returned null
[16mai.2026 10:47:43.565] [main/INFO] [net.minecraft.world.item.crafting.RecipeManager/]: Skipping loading recipe productivebees:hives/advanced_regions_unexplored_cypress_beehive_clear as it's serializer returned null
[16mai.2026 10:47:43.565] [main/INFO] [net.minecraft.world.item.crafting.RecipeManager/]: Skipping loading recipe productivebees:expansion_boxes/expansion_box_regions_unexplored_kapok as it's serializer returned null
[16mai.2026 10:47:43.566] [main/INFO] [net.minecraft.world.item.crafting.RecipeManager/]: Skipping loading recipe botany_pots:ars_elemental/flashing_archwood as it's serializer returned null
[16mai.2026 10:47:43.566] [main/INFO] [net.minecraft.world.item.crafting.RecipeManager/]: Skipping loading recipe productivebees:hives/advanced_byg_lament_beehive as it's serializer returned null
[16mai.2026 10:47:43.567] [main/INFO] [net.minecraft.world.item.crafting.RecipeManager/]: Skipping loading recipe productivebees:hives/advanced_environmental_wisteria_beehive as it's serializer returned null
[16mai.2026 10:47:43.568] [main/WARN] [com.simibubi.create.Create/]: Your custom createaddition:rolling/iron_ingot recipe (createaddition:rolling/iron_ingot) specified a duration. Durations have no impact on this type of recipe.
[16mai.2026 10:47:43.569] [main/INFO] [net.minecraft.world.item.crafting.RecipeManager/]: Skipping loading recipe productivebees:hives/advanced_byg_witch_hazel_beehive as it's serializer returned null
[16mai.2026 10:47:43.569] [main/INFO] [net.minecraft.world.item.crafting.RecipeManager/]: Skipping loading recipe industrialforegoing:laser_drill_ore/ores/niter as it's serializer returned null
[16mai.2026 10:47:43.569] [main/INFO] [net.minecraft.world.item.crafting.RecipeManager/]: Skipping loading recipe productivebees:hives/advanced_regions_unexplored_blue_bioshroom_beehive_clear as it's serializer returned null
[16mai.2026 10:47:43.569] [main/INFO] [net.minecraft.world.item.crafting.RecipeManager/]: Skipping loading recipe productivebees:corail/woodcutter/comb_canvas_expansion_box as it's serializer returned null
[16mai.2026 10:47:43.569] [main/INFO] [net.minecraft.world.item.crafting.RecipeManager/]: Skipping loading recipe productivebees:corail/woodcutter/mangrove_canvas_hive as it's serializer returned null
[16mai.2026 10:47:43.574] [main/INFO] [net.minecraft.world.item.crafting.RecipeManager/]: Skipping loading recipe productivebees:hives/advanced_autumnity_maple_beehive as it's serializer returned null
[16mai.2026 10:47:43.583] [main/INFO] [net.minecraft.world.item.crafting.RecipeManager/]: Skipping loading recipe productivebees:hives/advanced_autumnity_maple_beehive_clear as it's serializer returned null
[16mai.2026 10:47:43.583] [main/INFO] [net.minecraft.world.item.crafting.RecipeManager/]: Skipping loading recipe productivebees:hives/advanced_byg_nightshade_beehive as it's serializer returned null
[16mai.2026 10:47:43.584] [main/INFO] [net.minecraft.world.item.crafting.RecipeManager/]: Skipping loading recipe mob_grinding_utils:beheading/cave_spider as it's serializer returned null
[16mai.2026 10:47:43.588] [main/INFO] [net.minecraft.world.item.crafting.RecipeManager/]: Skipping loading recipe productivebees:hives/advanced_upgrade_aquatic_driftwood_beehive as it's serializer returned null
[16mai.2026 10:47:43.589] [main/INFO] [net.minecraft.world.item.crafting.RecipeManager/]: Skipping loading recipe bigreactors:turbine/reinforced/shaft_alt as it's serializer returned null
[16mai.2026 10:47:43.589] [main/INFO] [net.minecraft.world.item.crafting.RecipeManager/]: Skipping loading recipe productivebees:hives/advanced_regions_unexplored_willow_beehive as it's serializer returned null
[16mai.2026 10:47:43.597] [main/INFO] [net.minecraft.world.item.crafting.RecipeManager/]: Skipping loading recipe industrialforegoing:laser_drill_ore/raw_materials/ardite as it's serializer returned null
[16mai.2026 10:47:43.597] [main/INFO] [net.minecraft.world.item.crafting.RecipeManager/]: Skipping loading recipe productivebees:hives/advanced_quark_azalea_beehive as it's serializer returned null
[16mai.2026 10:47:43.601] [main/INFO] [net.minecraft.world.item.crafting.RecipeManager/]: Skipping loading recipe productivebees:corail/woodcutter/kousa_canvas_hive as it's serializer returned null
[16mai.2026 10:47:43.601] [main/INFO] [net.minecraft.world.item.crafting.RecipeManager/]: Skipping loading recipe productivebees:hives/advanced_byg_mahogany_beehive_clear as it's serializer returned null
[16mai.2026 10:47:43.601] [main/INFO] [net.minecraft.world.item.crafting.RecipeManager/]: Skipping loading recipe productivebees:hives/advanced_byg_cypress_beehive as it's serializer returned null
[16mai.2026 10:47:43.601] [main/INFO] [net.minecraft.world.item.crafting.RecipeManager/]: Skipping loading recipe productivebees:corail/woodcutter/dead_canvas_hive as it's serializer returned null
[16mai.2026 10:47:43.601] [main/WARN] [com.simibubi.create.Create/]: Your custom createaddition:rolling/gold_ingot recipe (createaddition:rolling/gold_ingot) specified a duration. Durations have no impact on this type of recipe.
[16mai.2026 10:47:43.601] [main/INFO] [net.minecraft.world.item.crafting.RecipeManager/]: Skipping loading recipe productivebees:hives/advanced_byg_green_enchanted_beehive_clear as it's serializer returned null
[16mai.2026 10:47:43.601] [main/INFO] [net.minecraft.world.item.crafting.RecipeManager/]: Skipping loading recipe productivebees:hives/advanced_regions_unexplored_mauve_beehive_clear as it's serializer returned null
[16mai.2026 10:47:43.602] [main/INFO] [net.minecraft.world.item.crafting.RecipeManager/]: Skipping loading recipe productivebees:corail/woodcutter/cherry_canvas_hive as it's serializer returned null
[16mai.2026 10:47:43.602] [main/INFO] [net.minecraft.world.item.crafting.RecipeManager/]: Skipping loading recipe productivebees:hives/advanced_byg_redwood_beehive as it's serializer returned null
[16mai.2026 10:47:43.607] [main/INFO] [net.minecraft.world.item.crafting.RecipeManager/]: Skipping loading recipe productivebees:hives/advanced_byg_bulbis_beehive as it's serializer returned null
[16mai.2026 10:47:43.611] [main/INFO] [net.minecraft.world.item.crafting.RecipeManager/]: Skipping loading recipe productivebees:corail/woodcutter/jacaranda_canvas_hive as it's serializer returned null
[16mai.2026 10:47:43.614] [main/INFO] [net.minecraft.world.item.crafting.RecipeManager/]: Skipping loading recipe productivebees:corail/woodcutter/magic_canvas_expansion_box as it's serializer returned null
[16mai.2026 10:47:43.614] [main/INFO] [net.minecraft.world.item.crafting.RecipeManager/]: Skipping loading recipe industrialforegoing:laser_drill_ore/ores/arcane as it's serializer returned null
[16mai.2026 10:47:43.614] [main/INFO] [net.minecraft.world.item.crafting.RecipeManager/]: Skipping loading recipe productivebees:corail/woodcutter/maple_canvas_expansion_box as it's serializer returned null
[16mai.2026 10:47:43.623] [main/INFO] [net.minecraft.world.item.crafting.RecipeManager/]: Skipping loading recipe productivebees:hives/advanced_byg_fir_beehive_clear as it's serializer returned null
[16mai.2026 10:47:43.623] [main/INFO] [net.minecraft.world.item.crafting.RecipeManager/]: Skipping loading recipe productivebees:hives/advanced_biomesoplenty_redwood_beehive_clear as it's serializer returned null
[16mai.2026 10:47:43.623] [main/INFO] [net.minecraft.world.item.crafting.RecipeManager/]: Skipping loading recipe productivebees:corail/woodcutter/hellbark_canvas_hive as it's serializer returned null
[16mai.2026 10:47:43.623] [main/INFO] [net.minecraft.world.item.crafting.RecipeManager/]: Skipping loading recipe productivebees:expansion_boxes/expansion_box_upgrade_aquatic_river as it's serializer returned null
[16mai.2026 10:47:43.624] [main/INFO] [net.minecraft.world.item.crafting.RecipeManager/]: Skipping loading recipe industrialforegoing:laser_drill_ore/raw_materials/pyrite as it's serializer returned null
[16mai.2026 10:47:43.632] [main/INFO] [net.minecraft.world.item.crafting.RecipeManager/]: Skipping loading recipe productivebees:corail/woodcutter/palm_canvas_expansion_box as it's serializer returned null
[16mai.2026 10:47:43.633] [main/INFO] [net.minecraft.world.item.crafting.RecipeManager/]: Skipping loading recipe productivebees:corail/woodcutter/redwood_canvas_expansion_box as it's serializer returned null
[16mai.2026 10:47:43.636] [main/INFO] [net.minecraft.world.item.crafting.RecipeManager/]: Skipping loading recipe productivebees:hives/advanced_biomesoplenty_fir_beehive_clear as it's serializer returned null
[16mai.2026 10:47:43.640] [main/INFO] [net.minecraft.world.item.crafting.RecipeManager/]: Skipping loading recipe productivebees:expansion_boxes/expansion_box_regions_unexplored_palm as it's serializer returned null
[16mai.2026 10:47:43.640] [main/INFO] [net.minecraft.world.item.crafting.RecipeManager/]: Skipping loading recipe productivebees:hives/advanced_atmospheric_morado_beehive_clear as it's serializer returned null
[16mai.2026 10:47:43.640] [main/INFO] [net.minecraft.world.item.crafting.RecipeManager/]: Skipping loading recipe mob_grinding_utils:beheading/enderman as it's serializer returned null
[16mai.2026 10:47:43.640] [main/INFO] [net.minecraft.world.item.crafting.RecipeManager/]: Skipping loading recipe productivebees:corail/woodcutter/hellbark_canvas_expansion_box as it's serializer returned null
[16mai.2026 10:47:43.641] [main/INFO] [net.minecraft.world.item.crafting.RecipeManager/]: Skipping loading recipe productivebees:expansion_boxes/expansion_box_regions_unexplored_larch as it's serializer returned null
[16mai.2026 10:47:43.641] [main/INFO] [net.minecraft.world.item.crafting.RecipeManager/]: Skipping loading recipe productivebees:expansion_boxes/expansion_box_endergetic_poise as it's serializer returned null
[16mai.2026 10:47:43.646] [main/INFO] [net.minecraft.world.item.crafting.RecipeManager/]: Skipping loading recipe productivebees:expansion_boxes/expansion_box_regions_unexplored_green_bioshroom as it's serializer returned null
[16mai.2026 10:47:43.646] [main/INFO] [net.minecraft.world.item.crafting.RecipeManager/]: Skipping loading recipe productivebees:hives/advanced_biomesoplenty_jacaranda_beehive as it's serializer returned null
[16mai.2026 10:47:43.646] [main/INFO] [net.minecraft.world.item.crafting.RecipeManager/]: Skipping loading recipe productivebees:expansion_boxes/expansion_box_byg_nightshade as it's serializer returned null
[16mai.2026 10:47:43.647] [main/INFO] [net.minecraft.world.item.crafting.RecipeManager/]: Skipping loading recipe productivebees:hives/advanced_byg_ether_beehive as it's serializer returned null
[16mai.2026 10:47:43.647] [main/INFO] [net.minecraft.world.item.crafting.RecipeManager/]: Skipping loading recipe productivebees:expansion_boxes/expansion_box_biomesoplenty_palm as it's serializer returned null
[16mai.2026 10:47:43.647] [main/INFO] [net.minecraft.world.item.crafting.RecipeManager/]: Skipping loading recipe productivebees:hives/advanced_byg_ether_beehive_clear as it's serializer returned null
[16mai.2026 10:47:43.647] [main/WARN] [com.simibubi.create.Create/]: Your custom createaddition:rolling/copper_plate recipe (createaddition:rolling/copper_plate) specified a duration. Durations have no impact on this type of recipe.
[16mai.2026 10:47:43.647] [main/INFO] [net.minecraft.world.item.crafting.RecipeManager/]: Skipping loading recipe productivebees:corail/woodcutter/mangrove_canvas_expansion_box as it's serializer returned null
[16mai.2026 10:47:43.654] [main/INFO] [net.minecraft.world.item.crafting.RecipeManager/]: Skipping loading recipe productivebees:corail/woodcutter/palm_canvas_hive as it's serializer returned null
[16mai.2026 10:47:43.655] [main/INFO] [net.minecraft.world.item.crafting.RecipeManager/]: Skipping loading recipe productivebees:hives/advanced_byg_sythian_beehive_clear as it's serializer returned null
[16mai.2026 10:47:43.661] [main/INFO] [net.minecraft.world.item.crafting.RecipeManager/]: Skipping loading recipe productivebees:hives/advanced_regions_unexplored_eucalyptus_beehive as it's serializer returned null
[16mai.2026 10:47:43.666] [main/INFO] [net.minecraft.world.item.crafting.RecipeManager/]: Skipping loading recipe bigreactors:reactor/reinforced/fuelrod_alt_ingots_yellorium as it's serializer returned null
[16mai.2026 10:47:43.666] [main/INFO] [net.minecraft.world.item.crafting.RecipeManager/]: Skipping loading recipe productivebees:corail/woodcutter/dark_oak_canvas_hive as it's serializer returned null
[16mai.2026 10:47:43.670] [main/INFO] [net.minecraft.world.item.crafting.RecipeManager/]: Skipping loading recipe productivebees:expansion_boxes/expansion_box_byg_embur as it's serializer returned null
[16mai.2026 10:47:43.674] [main/INFO] [net.minecraft.world.item.crafting.RecipeManager/]: Skipping loading recipe productivebees:expansion_boxes/expansion_box_byg_blue_enchanted as it's serializer returned null
[16mai.2026 10:47:43.674] [main/INFO] [net.minecraft.world.item.crafting.RecipeManager/]: Skipping loading recipe productivebees:hives/advanced_byg_aspen_beehive_clear as it's serializer returned null
[16mai.2026 10:47:43.674] [main/INFO] [net.minecraft.world.item.crafting.RecipeManager/]: Skipping loading recipe productivebees:hives/advanced_quark_blossom_beehive_clear as it's serializer returned null
[16mai.2026 10:47:43.675] [main/INFO] [net.minecraft.world.item.crafting.RecipeManager/]: Skipping loading recipe productivebees:hives/advanced_regions_unexplored_socotra_beehive as it's serializer returned null
[16mai.2026 10:47:43.675] [main/INFO] [net.minecraft.world.item.crafting.RecipeManager/]: Skipping loading recipe productivebees:expansion_boxes/expansion_box_biomesoplenty_fir as it's serializer returned null
[16mai.2026 10:47:43.683] [main/INFO] [net.minecraft.world.item.crafting.RecipeManager/]: Skipping loading recipe productivebees:corail/woodcutter/umbran_canvas_expansion_box as it's serializer returned null
[16mai.2026 10:47:43.688] [main/INFO] [net.minecraft.world.item.crafting.RecipeManager/]: Loaded 161 recipes
[16mai.2026 10:47:43.759] [main/ERROR] [net.minecraft.server.ServerAdvancementManager/]: Parsing error loading custom advancement industrialforegoing:recipes/misc/simulated_hydroponic_bed: Unknown item id 'forge:plastic'
[16mai.2026 10:47:43.769] [Forge Version Check/INFO] [net.minecraftforge.fml.VersionChecker/]: [controlling] Found status: BETA Current: 12.0.2 Target: 12.0.2
[16mai.2026 10:47:43.769] [Forge Version Check/INFO] [net.minecraftforge.fml.VersionChecker/]: [forge] Starting version check at https://files.minecraftforge.net/net/minecraftforge/forge/promotions_slim.json
[16mai.2026 10:47:43.847] [main/INFO] [net.minecraft.advancements.AdvancementList/]: Loaded 10867 advancements
[16mai.2026 10:47:43.858] [main/INFO] [placebo/]: Registered 26 additional recipes.
[16mai.2026 10:47:43.881] [main/INFO] [top.theillusivec4.curios.Curios/]: Loaded 17 curio slots
[16mai.2026 10:47:43.884] [main/ERROR] [top.theillusivec4.curios.Curios/]: talisman is not a registered slot type!
[16mai.2026 10:47:43.884] [main/INFO] [top.theillusivec4.curios.Curios/]: Loaded 11 curio entities
[16mai.2026 10:47:43.906] [main/INFO] [Silent Gear/TraitManager]: Reloading trait files
[16mai.2026 10:47:43.906] [main/INFO] [Silent Gear/]: Deserializing trait silentcompat:abyssal_synergy in pack SilentCompat-forge-1.20.1-1.4.0.jar
[16mai.2026 10:47:43.907] [main/INFO] [Silent Gear/]: Deserializing trait silentgear:accelerate in pack silent-gear-1.20.1-3.6.7.jar
[16mai.2026 10:47:43.907] [main/INFO] [Silent Gear/]: Deserializing trait silentgear:adamant in pack silent-gear-1.20.1-3.6.7.jar
[16mai.2026 10:47:43.908] [main/INFO] [Silent Gear/]: Deserializing trait silentcompat:adrenaline in pack SilentCompat-forge-1.20.1-1.4.0.jar
[16mai.2026 10:47:43.908] [main/INFO] [Silent Gear/]: Deserializing trait silentcompat:alf_burst in pack SilentCompat-forge-1.20.1-1.4.0.jar
[16mai.2026 10:47:43.908] [main/INFO] [Silent Gear/]: Deserializing trait silentcompat:alf_enhanced in pack SilentCompat-forge-1.20.1-1.4.0.jar
[16mai.2026 10:47:43.909] [main/INFO] [Silent Gear/]: Deserializing trait silentcompat:amplifying in pack SilentCompat-forge-1.20.1-1.4.0.jar
[16mai.2026 10:47:43.909] [main/INFO] [Silent Gear/]: Deserializing trait silentgear:ancient in pack silent-gear-1.20.1-3.6.7.jar
[16mai.2026 10:47:43.909] [main/INFO] [Silent Gear/]: Deserializing trait silentcompat:anti_illager in pack SilentCompat-forge-1.20.1-1.4.0.jar
[16mai.2026 10:47:43.909] [main/INFO] [Silent Gear/]: Deserializing trait silentcompat:aqua_affinity in pack SilentCompat-forge-1.20.1-1.4.0.jar
[16mai.2026 10:47:43.909] [main/INFO] [Silent Gear/]: Deserializing trait silentgear:aquatic in pack silent-gear-1.20.1-3.6.7.jar
[16mai.2026 10:47:43.909] [main/INFO] [Silent Gear/]: Deserializing trait silentcompat:attracting in pack SilentCompat-forge-1.20.1-1.4.0.jar
[16mai.2026 10:47:43.909] [main/INFO] [Silent Gear/]: Deserializing trait silentgear:bastion in pack silent-gear-1.20.1-3.6.7.jar
[16mai.2026 10:47:43.910] [main/INFO] [Silent Gear/]: Deserializing trait silentgear:bending in pack silent-gear-1.20.1-3.6.7.jar
[16mai.2026 10:47:43.910] [main/INFO] [Silent Gear/]: Deserializing trait silentcompat:blast_resistant in pack SilentCompat-forge-1.20.1-1.4.0.jar
[16mai.2026 10:47:43.910] [main/INFO] [Silent Gear/]: Deserializing trait silentcompat:blinding in pack SilentCompat-forge-1.20.1-1.4.0.jar
[16mai.2026 10:47:43.910] [main/INFO] [Silent Gear/]: Deserializing trait silentcompat:bludgeoning in pack SilentCompat-forge-1.20.1-1.4.0.jar
[16mai.2026 10:47:43.910] [main/INFO] [Silent Gear/]: Deserializing trait silentgear:bounce in pack silent-gear-1.20.1-3.6.7.jar
[16mai.2026 10:47:43.910] [main/INFO] [Silent Gear/]: Deserializing trait silentcompat:branding in pack SilentCompat-forge-1.20.1-1.4.0.jar
[16mai.2026 10:47:43.910] [main/INFO] [Silent Gear/]: Deserializing trait silentgear:brilliant in pack silent-gear-1.20.1-3.6.7.jar
[16mai.2026 10:47:43.910] [main/INFO] [Silent Gear/]: Deserializing trait silentgear:brittle in pack silent-gear-1.20.1-3.6.7.jar
[16mai.2026 10:47:43.910] [main/INFO] [Silent Gear/]: Deserializing trait silentgear:bulky in pack silent-gear-1.20.1-3.6.7.jar
[16mai.2026 10:47:43.910] [main/INFO] [Silent Gear/]: Deserializing trait silentcompat:bulwark in pack SilentCompat-forge-1.20.1-1.4.0.jar
[16mai.2026 10:47:43.910] [main/INFO] [Silent Gear/]: Deserializing trait silentcompat:bunny_jump in pack SilentCompat-forge-1.20.1-1.4.0.jar
[16mai.2026 10:47:43.910] [main/INFO] [Silent Gear/]: Deserializing trait silentgear:chilled in pack silent-gear-1.20.1-3.6.7.jar
[16mai.2026 10:47:43.910] [main/INFO] [Silent Gear/]: Deserializing trait silentgear:chipping in pack silent-gear-1.20.1-3.6.7.jar
[16mai.2026 10:47:43.910] [main/INFO] [Silent Gear/]: Deserializing trait silentcompat:chocolate_chipping in pack SilentCompat-forge-1.20.1-1.4.0.jar
[16mai.2026 10:47:43.910] [main/INFO] [Silent Gear/]: Deserializing trait silentcompat:chorus_harvest in pack SilentCompat-forge-1.20.1-1.4.0.jar
[16mai.2026 10:47:43.910] [main/INFO] [Silent Gear/]: Deserializing trait silentcompat:cold in pack SilentCompat-forge-1.20.1-1.4.0.jar
[16mai.2026 10:47:43.910] [main/INFO] [Silent Gear/]: Deserializing trait silentgear:confetti in pack silent-gear-1.20.1-3.6.7.jar
[16mai.2026 10:47:43.911] [main/INFO] [Silent Gear/]: Deserializing trait silentcompat:corrosive in pack SilentCompat-forge-1.20.1-1.4.0.jar
[16mai.2026 10:47:43.911] [main/INFO] [Silent Gear/]: Deserializing trait silentgear:crackler in pack silent-gear-1.20.1-3.6.7.jar
[16mai.2026 10:47:43.911] [main/INFO] [Silent Gear/]: Deserializing trait silentgear:crude in pack silent-gear-1.20.1-3.6.7.jar
[16mai.2026 10:47:43.911] [main/INFO] [Silent Gear/]: Deserializing trait silentgear:crushing in pack silent-gear-1.20.1-3.6.7.jar
[16mai.2026 10:47:43.911] [main/INFO] [Silent Gear/]: Deserializing trait silentcompat:crystalline_magic in pack SilentCompat-forge-1.20.1-1.4.0.jar
[16mai.2026 10:47:43.911] [main/INFO] [Silent Gear/]: Deserializing trait silentgear:cure_poison in pack silent-gear-1.20.1-3.6.7.jar
[16mai.2026 10:47:43.911] [main/INFO] [Silent Gear/]: Deserializing trait silentgear:cure_wither in pack silent-gear-1.20.1-3.6.7.jar
[16mai.2026 10:47:43.911] [main/INFO] [Silent Gear/]: Deserializing trait silentgear:cursed in pack silent-gear-1.20.1-3.6.7.jar
[16mai.2026 10:47:43.911] [main/INFO] [Silent Gear/]: Deserializing trait silentcompat:cushion in pack SilentCompat-forge-1.20.1-1.4.0.jar
[16mai.2026 10:47:43.911] [main/INFO] [Silent Gear/]: Deserializing trait silentcompat:dark_ward in pack SilentCompat-forge-1.20.1-1.4.0.jar
[16mai.2026 10:47:43.911] [main/INFO] [Silent Gear/]: Deserializing trait silentcompat:deadly_venom in pack SilentCompat-forge-1.20.1-1.4.0.jar
[16mai.2026 10:47:43.911] [main/INFO] [Silent Gear/]: Deserializing trait silentcompat:decay in pack SilentCompat-forge-1.20.1-1.4.0.jar
[16mai.2026 10:47:43.911] [main/INFO] [Silent Gear/]: Deserializing trait silentcompat:dense in pack SilentCompat-forge-1.20.1-1.4.0.jar
[16mai.2026 10:47:43.911] [main/INFO] [Silent Gear/]: Deserializing trait silentcompat:devouring in pack SilentCompat-forge-1.20.1-1.4.0.jar
[16mai.2026 10:47:43.911] [main/INFO] [Silent Gear/]: Deserializing trait silentcompat:diurnal in pack SilentCompat-forge-1.20.1-1.4.0.jar
[16mai.2026 10:47:43.912] [main/INFO] [Silent Gear/]: Deserializing trait silentcompat:dodging in pack SilentCompat-forge-1.20.1-1.4.0.jar
[16mai.2026 10:47:43.912] [main/INFO] [Silent Gear/]: Deserializing trait silentcompat:draconic in pack SilentCompat-forge-1.20.1-1.4.0.jar
[16mai.2026 10:47:43.912] [main/INFO] [Silent Gear/]: Deserializing trait silentcompat:emu_dodge in pack SilentCompat-forge-1.20.1-1.4.0.jar
[16mai.2026 10:47:43.912] [main/INFO] [Silent Gear/]: Deserializing trait silentcompat:end_boon in pack SilentCompat-forge-1.20.1-1.4.0.jar
[16mai.2026 10:47:43.913] [main/INFO] [Silent Gear/]: Deserializing trait silentcompat:end_bound in pack SilentCompat-forge-1.20.1-1.4.0.jar
[16mai.2026 10:47:43.913] [main/INFO] [Silent Gear/]: Deserializing trait silentcompat:ender_flu in pack SilentCompat-forge-1.20.1-1.4.0.jar
[16mai.2026 10:47:43.913] [main/INFO] [Silent Gear/]: Deserializing trait silentgear:eroded in pack silent-gear-1.20.1-3.6.7.jar
[16mai.2026 10:47:43.913] [main/INFO] [Silent Gear/]: Deserializing trait silentcompat:essence_harvest in pack SilentCompat-forge-1.20.1-1.4.0.jar
[16mai.2026 10:47:43.913] [main/INFO] [Silent Gear/]: Deserializing trait silentcompat:explosive_resistance in pack SilentCompat-forge-1.20.1-1.4.0.jar
[16mai.2026 10:47:43.913] [main/INFO] [Silent Gear/]: Deserializing trait silentcompat:feather_falling in pack SilentCompat-forge-1.20.1-1.4.0.jar
[16mai.2026 10:47:43.913] [main/INFO] [Silent Gear/]: Deserializing trait silentcompat:featherweight in pack SilentCompat-forge-1.20.1-1.4.0.jar
[16mai.2026 10:47:43.913] [main/INFO] [Silent Gear/]: Deserializing trait silentgear:fiery in pack silent-gear-1.20.1-3.6.7.jar
[16mai.2026 10:47:43.913] [main/INFO] [Silent Gear/]: Deserializing trait silentcompat:fire_react in pack SilentCompat-forge-1.20.1-1.4.0.jar
[16mai.2026 10:47:43.913] [main/INFO] [Silent Gear/]: Deserializing trait silentgear:fireproof in pack silent-gear-1.20.1-3.6.7.jar
[16mai.2026 10:47:43.913] [main/INFO] [Silent Gear/]: Deserializing trait silentgear:flame_ward in pack silent-gear-1.20.1-3.6.7.jar
[16mai.2026 10:47:43.913] [main/INFO] [Silent Gear/]: Deserializing trait silentgear:flammable in pack silent-gear-1.20.1-3.6.7.jar
[16mai.2026 10:47:43.913] [main/INFO] [Silent Gear/]: Deserializing trait silentcompat:fleet_footed in pack SilentCompat-forge-1.20.1-1.4.0.jar
[16mai.2026 10:47:43.914] [main/INFO] [Silent Gear/]: Deserializing trait silentcompat:flesh_harvest in pack SilentCompat-forge-1.20.1-1.4.0.jar
[16mai.2026 10:47:43.914] [main/INFO] [Silent Gear/]: Deserializing trait silentgear:flexible in pack silent-gear-1.20.1-3.6.7.jar
[16mai.2026 10:47:43.914] [main/INFO] [Silent Gear/]: Deserializing trait silentgear:floatstoner in pack silent-gear-1.20.1-3.6.7.jar
[16mai.2026 10:47:43.914] [main/INFO] [Silent Gear/]: Deserializing trait silentcompat:freezing in pack SilentCompat-forge-1.20.1-1.4.0.jar
[16mai.2026 10:47:43.914] [main/INFO] [Silent Gear/]: Deserializing trait silentcompat:gaia_burst in pack SilentCompat-forge-1.20.1-1.4.0.jar
[16mai.2026 10:47:43.914] [main/INFO] [Silent Gear/]: Deserializing trait silentgear:gold_digger in pack silent-gear-1.20.1-3.6.7.jar
[16mai.2026 10:47:43.914] [main/INFO] [Silent Gear/]: Deserializing trait silentcompat:gooey in pack SilentCompat-forge-1.20.1-1.4.0.jar
[16mai.2026 10:47:43.914] [main/INFO] [Silent Gear/]: Deserializing trait silentgear:greedy in pack silent-gear-1.20.1-3.6.7.jar
[16mai.2026 10:47:43.914] [main/INFO] [Silent Gear/]: Deserializing trait silentgear:hard in pack silent-gear-1.20.1-3.6.7.jar
[16mai.2026 10:47:43.914] [main/INFO] [Silent Gear/]: Deserializing trait silentgear:heavy in pack silent-gear-1.20.1-3.6.7.jar
[16mai.2026 10:47:43.914] [main/INFO] [Silent Gear/]: Deserializing trait silentgear:holy in pack silent-gear-1.20.1-3.6.7.jar
[16mai.2026 10:47:43.914] [main/INFO] [Silent Gear/]: Deserializing trait silentcompat:hungering_strike in pack SilentCompat-forge-1.20.1-1.4.0.jar
[16mai.2026 10:47:43.914] [main/INFO] [Silent Gear/]: Deserializing trait silentgear:ignite in pack silent-gear-1.20.1-3.6.7.jar
[16mai.2026 10:47:43.914] [main/INFO] [Silent Gear/]: Deserializing trait silentgear:imperial in pack silent-gear-1.20.1-3.6.7.jar
[16mai.2026 10:47:43.914] [main/INFO] [Silent Gear/]: Deserializing trait silentgear:indestructible in pack silent-gear-1.20.1-3.6.7.jar
[16mai.2026 10:47:43.914] [main/INFO] [Silent Gear/]: Deserializing trait silentcompat:iron_shed in pack SilentCompat-forge-1.20.1-1.4.0.jar
[16mai.2026 10:47:43.915] [main/INFO] [Silent Gear/]: Deserializing trait silentcompat:ironwood_magic in pack SilentCompat-forge-1.20.1-1.4.0.jar
[16mai.2026 10:47:43.915] [main/INFO] [Silent Gear/]: Deserializing trait silentcompat:irradiating in pack SilentCompat-forge-1.20.1-1.4.0.jar
[16mai.2026 10:47:43.915] [main/INFO] [Silent Gear/]: Deserializing trait silentgear:jabberwocky in pack silent-gear-1.20.1-3.6.7.jar
[16mai.2026 10:47:43.915] [main/INFO] [Silent Gear/]: Deserializing trait silentgear:jagged in pack silent-gear-1.20.1-3.6.7.jar
[16mai.2026 10:47:43.915] [main/INFO] [Silent Gear/]: Deserializing trait silentcompat:jolt_hit in pack SilentCompat-forge-1.20.1-1.4.0.jar
[16mai.2026 10:47:43.915] [main/INFO] [Silent Gear/]: Deserializing trait silentcompat:jump_boost in pack SilentCompat-forge-1.20.1-1.4.0.jar
[16mai.2026 10:47:43.915] [main/INFO] [Silent Gear/]: Deserializing trait silentgear:kitty_vision in pack silent-gear-1.20.1-3.6.7.jar
[16mai.2026 10:47:43.915] [main/INFO] [Silent Gear/]: Deserializing trait silentcompat:knightly in pack SilentCompat-forge-1.20.1-1.4.0.jar
[16mai.2026 10:47:43.915] [main/INFO] [Silent Gear/]: Deserializing trait silentcompat:knockback in pack SilentCompat-forge-1.20.1-1.4.0.jar
[16mai.2026 10:47:43.915] [main/INFO] [Silent Gear/]: Deserializing trait silentcompat:knockout in pack SilentCompat-forge-1.20.1-1.4.0.jar
[16mai.2026 10:47:43.915] [main/INFO] [Silent Gear/]: Deserializing trait silentcompat:lava_vision in pack SilentCompat-forge-1.20.1-1.4.0.jar
[16mai.2026 10:47:43.915] [main/INFO] [Silent Gear/]: Deserializing trait silentgear:light in pack silent-gear-1.20.1-3.6.7.jar
[16mai.2026 10:47:43.915] [main/INFO] [Silent Gear/]: Deserializing trait silentcompat:looting in pack SilentCompat-forge-1.20.1-1.4.0.jar
[16mai.2026 10:47:43.915] [main/INFO] [Silent Gear/]: Deserializing trait silentgear:lucky in pack silent-gear-1.20.1-3.6.7.jar
[16mai.2026 10:47:43.915] [main/INFO] [Silent Gear/]: Deserializing trait silentcompat:lucky_break in pack SilentCompat-forge-1.20.1-1.4.0.jar
[16mai.2026 10:47:43.916] [main/INFO] [Silent Gear/]: Deserializing trait silentgear:lustrous in pack silent-gear-1.20.1-3.6.7.jar
[16mai.2026 10:47:43.916] [main/INFO] [Silent Gear/]: Deserializing trait silentgear:magmatic in pack silent-gear-1.20.1-3.6.7.jar
[16mai.2026 10:47:43.916] [main/INFO] [Silent Gear/]: Deserializing trait silentgear:magnetic in pack silent-gear-1.20.1-3.6.7.jar
[16mai.2026 10:47:43.916] [main/INFO] [Silent Gear/]: Deserializing trait silentcompat:magnetizing in pack SilentCompat-forge-1.20.1-1.4.0.jar
[16mai.2026 10:47:43.916] [main/INFO] [Silent Gear/]: Deserializing trait silentgear:malleable in pack silent-gear-1.20.1-3.6.7.jar
[16mai.2026 10:47:43.916] [main/INFO] [Silent Gear/]: Deserializing trait silentcompat:mana_boost in pack SilentCompat-forge-1.20.1-1.4.0.jar
[16mai.2026 10:47:43.917] [main/INFO] [Silent Gear/]: Deserializing trait silentcompat:mana_burst in pack SilentCompat-forge-1.20.1-1.4.0.jar
[16mai.2026 10:47:43.917] [main/INFO] [Silent Gear/]: Deserializing trait silentcompat:mana_harvest in pack SilentCompat-forge-1.20.1-1.4.0.jar
[16mai.2026 10:47:43.917] [main/INFO] [Silent Gear/]: Deserializing trait silentcompat:mana_regen in pack SilentCompat-forge-1.20.1-1.4.0.jar
[16mai.2026 10:47:43.917] [main/INFO] [Silent Gear/]: Deserializing trait silentcompat:mana_repair in pack SilentCompat-forge-1.20.1-1.4.0.jar
[16mai.2026 10:47:43.917] [main/INFO] [Silent Gear/]: Deserializing trait silentcompat:masticator_thorns in pack SilentCompat-forge-1.20.1-1.4.0.jar
[16mai.2026 10:47:43.917] [main/INFO] [Silent Gear/]: Deserializing trait silentcompat:mending in pack SilentCompat-forge-1.20.1-1.4.0.jar
[16mai.2026 10:47:43.917] [main/INFO] [Silent Gear/]: Deserializing trait silentgear:mighty in pack silent-gear-1.20.1-3.6.7.jar
[16mai.2026 10:47:43.917] [main/INFO] [Silent Gear/]: Deserializing trait silentcompat:monstrous in pack SilentCompat-forge-1.20.1-1.4.0.jar
[16mai.2026 10:47:43.917] [main/INFO] [Silent Gear/]: Deserializing trait silentgear:moonwalker in pack silent-gear-1.20.1-3.6.7.jar
[16mai.2026 10:47:43.917] [main/INFO] [Silent Gear/]: Deserializing trait silentgear:multi_break in pack silent-gear-1.20.1-3.6.7.jar
[16mai.2026 10:47:43.917] [main/INFO] [Silent Gear/]: Deserializing trait silentcompat:naga_magic in pack SilentCompat-forge-1.20.1-1.4.0.jar
[16mai.2026 10:47:43.917] [main/INFO] [Silent Gear/]: Deserializing trait silentgear:nc_radiation_protection in pack silent-gear-1.20.1-3.6.7.jar
[16mai.2026 10:47:43.918] [main/INFO] [Silent Gear/]: Deserializing trait silentcompat:neptunes_might in pack SilentCompat-forge-1.20.1-1.4.0.jar
[16mai.2026 10:47:43.918] [main/INFO] [Silent Gear/]: Deserializing trait silentcompat:nocturnal in pack SilentCompat-forge-1.20.1-1.4.0.jar
[16mai.2026 10:47:43.918] [main/INFO] [Silent Gear/]: Deserializing trait silentgear:organic in pack silent-gear-1.20.1-3.6.7.jar
[16mai.2026 10:47:43.918] [main/INFO] [Silent Gear/]: Deserializing trait silentcompat:pixie in pack SilentCompat-forge-1.20.1-1.4.0.jar
[16mai.2026 10:47:43.918] [main/INFO] [Silent Gear/]: Deserializing trait silentcompat:projectile_resistance in pack SilentCompat-forge-1.20.1-1.4.0.jar
[16mai.2026 10:47:43.918] [main/INFO] [Silent Gear/]: Deserializing trait silentcompat:prosperity in pack SilentCompat-forge-1.20.1-1.4.0.jar
[16mai.2026 10:47:43.918] [main/INFO] [Silent Gear/]: Deserializing trait silentcompat:purifying in pack SilentCompat-forge-1.20.1-1.4.0.jar
[16mai.2026 10:47:43.918] [main/INFO] [Silent Gear/]: Deserializing trait silentgear:racker in pack silent-gear-1.20.1-3.6.7.jar
[16mai.2026 10:47:43.918] [main/INFO] [Silent Gear/]: Deserializing trait silentgear:reach in pack silent-gear-1.20.1-3.6.7.jar
[16mai.2026 10:47:43.918] [main/INFO] [Silent Gear/]: Deserializing trait silentgear:red_card in pack silent-gear-1.20.1-3.6.7.jar
[16mai.2026 10:47:43.918] [main/INFO] [Silent Gear/]: Deserializing trait silentgear:refractive in pack silent-gear-1.20.1-3.6.7.jar
[16mai.2026 10:47:43.918] [main/INFO] [Silent Gear/]: Deserializing trait silentgear:renew in pack silent-gear-1.20.1-3.6.7.jar
[16mai.2026 10:47:43.918] [main/INFO] [Silent Gear/]: Deserializing trait silentcompat:restoration in pack SilentCompat-forge-1.20.1-1.4.0.jar
[16mai.2026 10:47:43.918] [main/INFO] [Silent Gear/]: Deserializing trait silentcompat:retaliating_blast in pack SilentCompat-forge-1.20.1-1.4.0.jar
[16mai.2026 10:47:43.919] [main/INFO] [Silent Gear/]: Deserializing trait silentcompat:retracting in pack SilentCompat-forge-1.20.1-1.4.0.jar
[16mai.2026 10:47:43.919] [main/INFO] [Silent Gear/]: Deserializing trait silentgear:road_maker in pack silent-gear-1.20.1-3.6.7.jar
[16mai.2026 10:47:43.919] [main/INFO] [Silent Gear/]: Deserializing trait silentgear:rustic in pack silent-gear-1.20.1-3.6.7.jar
[16mai.2026 10:47:43.919] [main/INFO] [Silent Gear/]: Deserializing trait silentcompat:scorching in pack SilentCompat-forge-1.20.1-1.4.0.jar
[16mai.2026 10:47:43.919] [main/INFO] [Silent Gear/]: Deserializing trait silentgear:sharp in pack silent-gear-1.20.1-3.6.7.jar
[16mai.2026 10:47:43.919] [main/INFO] [Silent Gear/]: Deserializing trait silentgear:silky in pack silent-gear-1.20.1-3.6.7.jar
[16mai.2026 10:47:43.919] [main/INFO] [Silent Gear/]: Deserializing trait silentcompat:slow_immune in pack SilentCompat-forge-1.20.1-1.4.0.jar
[16mai.2026 10:47:43.919] [main/INFO] [Silent Gear/]: Deserializing trait silentgear:snow_walker in pack silent-gear-1.20.1-3.6.7.jar
[16mai.2026 10:47:43.919] [main/INFO] [Silent Gear/]: Deserializing trait silentgear:soft in pack silent-gear-1.20.1-3.6.7.jar
[16mai.2026 10:47:43.919] [main/INFO] [Silent Gear/]: Deserializing trait silentcompat:soul_steal in pack SilentCompat-forge-1.20.1-1.4.0.jar
[16mai.2026 10:47:43.919] [main/INFO] [Silent Gear/]: Deserializing trait silentcompat:spell_damage in pack SilentCompat-forge-1.20.1-1.4.0.jar
[16mai.2026 10:47:43.920] [main/INFO] [Silent Gear/]: Deserializing trait silentgear:spoon in pack silent-gear-1.20.1-3.6.7.jar
[16mai.2026 10:47:43.920] [main/INFO] [Silent Gear/]: Deserializing trait silentcompat:steeleaf_magic in pack SilentCompat-forge-1.20.1-1.4.0.jar
[16mai.2026 10:47:43.920] [main/INFO] [Silent Gear/]: Deserializing trait silentgear:stellar in pack silent-gear-1.20.1-3.6.7.jar
[16mai.2026 10:47:43.920] [main/INFO] [Silent Gear/]: Deserializing trait silentcompat:stunning in pack SilentCompat-forge-1.20.1-1.4.0.jar
[16mai.2026 10:47:43.920] [main/INFO] [Silent Gear/]: Deserializing trait silentgear:sturdy in pack silent-gear-1.20.1-3.6.7.jar
[16mai.2026 10:47:43.920] [main/INFO] [Silent Gear/]: Deserializing trait silentcompat:sunspot in pack SilentCompat-forge-1.20.1-1.4.0.jar
[16mai.2026 10:47:43.920] [main/INFO] [Silent Gear/]: Deserializing trait silentcompat:swift_sneak in pack SilentCompat-forge-1.20.1-1.4.0.jar
[16mai.2026 10:47:43.920] [main/INFO] [Silent Gear/]: Deserializing trait silentgear:swift_swim in pack silent-gear-1.20.1-3.6.7.jar
[16mai.2026 10:47:43.920] [main/INFO] [Silent Gear/]: Deserializing trait silentcompat:swiftness in pack SilentCompat-forge-1.20.1-1.4.0.jar
[16mai.2026 10:47:43.920] [main/INFO] [Silent Gear/]: Deserializing trait silentgear:synergistic in pack silent-gear-1.20.1-3.6.7.jar
[16mai.2026 10:47:43.920] [main/INFO] [Silent Gear/]: Deserializing trait silentgear:terminus in pack silent-gear-1.20.1-3.6.7.jar
[16mai.2026 10:47:43.920] [main/INFO] [Silent Gear/]: Deserializing trait silentcompat:thorns in pack SilentCompat-forge-1.20.1-1.4.0.jar
[16mai.2026 10:47:43.921] [main/INFO] [Silent Gear/]: Deserializing trait silentgear:turtle in pack silent-gear-1.20.1-3.6.7.jar
[16mai.2026 10:47:43.921] [main/INFO] [Silent Gear/]: Deserializing trait silentcompat:umbral_blast in pack SilentCompat-forge-1.20.1-1.4.0.jar
[16mai.2026 10:47:43.921] [main/INFO] [Silent Gear/]: Deserializing trait silentcompat:unstable_magic in pack SilentCompat-forge-1.20.1-1.4.0.jar
[16mai.2026 10:47:43.921] [main/INFO] [Silent Gear/]: Deserializing trait silentgear:venom in pack silent-gear-1.20.1-3.6.7.jar
[16mai.2026 10:47:43.922] [main/INFO] [Silent Gear/]: Deserializing trait silentcompat:vigorous in pack SilentCompat-forge-1.20.1-1.4.0.jar
[16mai.2026 10:47:43.922] [main/INFO] [Silent Gear/]: Deserializing trait silentgear:void_ward in pack silent-gear-1.20.1-3.6.7.jar
[16mai.2026 10:47:43.922] [main/INFO] [Silent Gear/]: Deserializing trait silentcompat:volatile in pack SilentCompat-forge-1.20.1-1.4.0.jar
[16mai.2026 10:47:43.922] [main/INFO] [Silent Gear/]: Deserializing trait silentcompat:vorpal in pack SilentCompat-forge-1.20.1-1.4.0.jar
[16mai.2026 10:47:43.922] [main/INFO] [Silent Gear/]: Deserializing trait silentgear:vulcan in pack silent-gear-1.20.1-3.6.7.jar
[16mai.2026 10:47:43.922] [main/INFO] [Silent Gear/]: Deserializing trait silentcompat:weakening in pack SilentCompat-forge-1.20.1-1.4.0.jar
[16mai.2026 10:47:43.922] [main/INFO] [Silent Gear/]: Deserializing trait silentgear:widen in pack silent-gear-1.20.1-3.6.7.jar
[16mai.2026 10:47:43.922] [main/INFO] [Silent Gear/]: Deserializing trait silentcompat:wither_skull in pack SilentCompat-forge-1.20.1-1.4.0.jar
[16mai.2026 10:47:43.922] [main/INFO] [Silent Gear/]: Deserializing trait silentcompat:withering in pack SilentCompat-forge-1.20.1-1.4.0.jar
[16mai.2026 10:47:43.922] [main/INFO] [Silent Gear/]: Deserializing trait silentcompat:worm_protection in pack SilentCompat-forge-1.20.1-1.4.0.jar
[16mai.2026 10:47:43.922] [main/INFO] [Silent Gear/]: Deserializing trait silentcompat:yeti_strength in pack SilentCompat-forge-1.20.1-1.4.0.jar
[16mai.2026 10:47:43.922] [main/INFO] [Silent Gear/TraitManager]: Registered 163 traits
[16mai.2026 10:47:43.923] [main/INFO] [Silent Gear/PartManager]: Reloading part files
[16mai.2026 10:47:43.923] [main/INFO] [Silent Gear/]: Deserializing part silentgear:adornment in pack silent-gear-1.20.1-3.6.7.jar
[16mai.2026 10:47:43.927] [main/INFO] [Silent Gear/PartManager]: Registered part serializer 'silentgear:compound_part'
[16mai.2026 10:47:43.927] [main/INFO] [Silent Gear/PartManager]: Registered part serializer 'silentgear:misc_upgrade'
[16mai.2026 10:47:43.931] [main/INFO] [Silent Gear/]: Deserializing part silentgear:arrow_heads in pack silent-gear-1.20.1-3.6.7.jar
[16mai.2026 10:47:43.936] [main/INFO] [Silent Gear/]: Deserializing part silentgear:axe_head in pack silent-gear-1.20.1-3.6.7.jar
[16mai.2026 10:47:43.936] [main/INFO] [Silent Gear/]: Deserializing part silentgear:binding in pack silent-gear-1.20.1-3.6.7.jar
[16mai.2026 10:47:43.936] [main/INFO] [Silent Gear/]: Deserializing part silentgear:boot_plates in pack silent-gear-1.20.1-3.6.7.jar
[16mai.2026 10:47:43.936] [main/INFO] [Silent Gear/]: Deserializing part silentgear:bow_limbs in pack silent-gear-1.20.1-3.6.7.jar
[16mai.2026 10:47:43.936] [main/INFO] [Silent Gear/]: Deserializing part silentgear:bowstring in pack silent-gear-1.20.1-3.6.7.jar
[16mai.2026 10:47:43.936] [main/INFO] [Silent Gear/]: Deserializing part silentgear:bracelet_band in pack silent-gear-1.20.1-3.6.7.jar
[16mai.2026 10:47:43.936] [main/INFO] [Silent Gear/]: Deserializing part silentgear:chestplate_plates in pack silent-gear-1.20.1-3.6.7.jar
[16mai.2026 10:47:43.936] [main/INFO] [Silent Gear/]: Deserializing part silentgear:coating in pack silent-gear-1.20.1-3.6.7.jar
[16mai.2026 10:47:43.936] [main/INFO] [Silent Gear/]: Deserializing part silentgear:crossbow_limbs in pack silent-gear-1.20.1-3.6.7.jar
[16mai.2026 10:47:43.937] [main/INFO] [Silent Gear/]: Deserializing part silentgear:dagger_blade in pack silent-gear-1.20.1-3.6.7.jar
[16mai.2026 10:47:43.937] [main/INFO] [Silent Gear/]: Deserializing part silentgear:elytra_wings in pack silent-gear-1.20.1-3.6.7.jar
[16mai.2026 10:47:43.937] [main/INFO] [Silent Gear/]: Deserializing part silentgear:excavator_head in pack silent-gear-1.20.1-3.6.7.jar
[16mai.2026 10:47:43.937] [main/INFO] [Silent Gear/]: Deserializing part silentgear:fishing_reel_and_hook in pack silent-gear-1.20.1-3.6.7.jar
[16mai.2026 10:47:43.937] [main/INFO] [Silent Gear/]: Deserializing part silentgear:fletching in pack silent-gear-1.20.1-3.6.7.jar
[16mai.2026 10:47:43.937] [main/INFO] [Silent Gear/]: Deserializing part silentgear:grip in pack silent-gear-1.20.1-3.6.7.jar
[16mai.2026 10:47:43.937] [main/INFO] [Silent Gear/]: Deserializing part silentgear:hammer_head in pack silent-gear-1.20.1-3.6.7.jar
[16mai.2026 10:47:43.937] [main/INFO] [Silent Gear/]: Deserializing part silentgear:helmet_plates in pack silent-gear-1.20.1-3.6.7.jar
[16mai.2026 10:47:43.937] [main/INFO] [Silent Gear/]: Deserializing part silentgear:hoe_head in pack silent-gear-1.20.1-3.6.7.jar
[16mai.2026 10:47:43.937] [main/INFO] [Silent Gear/]: Deserializing part silentgear:katana_blade in pack silent-gear-1.20.1-3.6.7.jar
[16mai.2026 10:47:43.937] [main/INFO] [Silent Gear/]: Deserializing part silentgear:knife_blade in pack silent-gear-1.20.1-3.6.7.jar
[16mai.2026 10:47:43.937] [main/INFO] [Silent Gear/]: Deserializing part silentgear:legging_plates in pack silent-gear-1.20.1-3.6.7.jar
[16mai.2026 10:47:43.937] [main/INFO] [Silent Gear/]: Deserializing part silentgear:lining in pack silent-gear-1.20.1-3.6.7.jar
[16mai.2026 10:47:43.937] [main/INFO] [Silent Gear/]: Deserializing part silentgear:machete_blade in pack silent-gear-1.20.1-3.6.7.jar
[16mai.2026 10:47:43.938] [main/INFO] [Silent Gear/]: Deserializing part silentgear:mattock_head in pack silent-gear-1.20.1-3.6.7.jar
[16mai.2026 10:47:43.938] [main/INFO] [Silent Gear/]: Deserializing part silentgear:misc/red_card in pack silent-gear-1.20.1-3.6.7.jar
[16mai.2026 10:47:43.939] [main/INFO] [Silent Gear/]: Deserializing part silentgear:misc/road_maker in pack silent-gear-1.20.1-3.6.7.jar
[16mai.2026 10:47:43.939] [main/INFO] [Silent Gear/]: Deserializing part silentgear:misc/spoon in pack silent-gear-1.20.1-3.6.7.jar
[16mai.2026 10:47:43.939] [main/INFO] [Silent Gear/]: Deserializing part silentgear:misc/wide_plate in pack silent-gear-1.20.1-3.6.7.jar
[16mai.2026 10:47:43.939] [main/INFO] [Silent Gear/]: Deserializing part silentgear:paxel_head in pack silent-gear-1.20.1-3.6.7.jar
[16mai.2026 10:47:43.939] [main/INFO] [Silent Gear/]: Deserializing part silentgear:pickaxe_head in pack silent-gear-1.20.1-3.6.7.jar
[16mai.2026 10:47:43.939] [main/INFO] [Silent Gear/]: Deserializing part silentgear:prospector_hammer_head in pack silent-gear-1.20.1-3.6.7.jar
[16mai.2026 10:47:43.939] [main/INFO] [Silent Gear/]: Deserializing part silentgear:ring_shank in pack silent-gear-1.20.1-3.6.7.jar
[16mai.2026 10:47:43.940] [main/INFO] [Silent Gear/]: Deserializing part silentgear:rod in pack silent-gear-1.20.1-3.6.7.jar
[16mai.2026 10:47:43.940] [main/INFO] [Silent Gear/]: Deserializing part silentgear:saw_blade in pack silent-gear-1.20.1-3.6.7.jar
[16mai.2026 10:47:43.940] [main/INFO] [Silent Gear/]: Deserializing part silentgear:shears_blades in pack silent-gear-1.20.1-3.6.7.jar
[16mai.2026 10:47:43.940] [main/INFO] [Silent Gear/]: Deserializing part silentgear:shield_plate in pack silent-gear-1.20.1-3.6.7.jar
[16mai.2026 10:47:43.940] [main/INFO] [Silent Gear/]: Deserializing part silentgear:shovel_head in pack silent-gear-1.20.1-3.6.7.jar
[16mai.2026 10:47:43.940] [main/INFO] [Silent Gear/]: Deserializing part silentgear:sickle_blade in pack silent-gear-1.20.1-3.6.7.jar
[16mai.2026 10:47:43.940] [main/INFO] [Silent Gear/]: Deserializing part silentgear:slingshot_limbs in pack silent-gear-1.20.1-3.6.7.jar
[16mai.2026 10:47:43.940] [main/INFO] [Silent Gear/]: Deserializing part silentgear:spear_tip in pack silent-gear-1.20.1-3.6.7.jar
[16mai.2026 10:47:43.940] [main/INFO] [Silent Gear/]: Deserializing part silentgear:sword_blade in pack silent-gear-1.20.1-3.6.7.jar
[16mai.2026 10:47:43.940] [main/INFO] [Silent Gear/]: Deserializing part silentgear:tip in pack silent-gear-1.20.1-3.6.7.jar
[16mai.2026 10:47:43.940] [main/INFO] [Silent Gear/]: Deserializing part silentgear:trident_prongs in pack silent-gear-1.20.1-3.6.7.jar
[16mai.2026 10:47:43.940] [main/INFO] [Silent Gear/PartManager]: Registered 45 parts
[16mai.2026 10:47:43.941] [main/INFO] [Silent Gear/MaterialManager]: Reloading material files
[16mai.2026 10:47:43.941] [main/INFO] [Silent Gear/]: Deserializing material silentcompat:abiding_alloy in pack SilentCompat-forge-1.20.1-1.4.0.jar
[16mai.2026 10:47:43.944] [main/INFO] [Silent Gear/MaterialManager]: Registered material serializer 'silentgear:standard'
[16mai.2026 10:47:43.944] [main/INFO] [Silent Gear/MaterialManager]: Registered material serializer 'silentgear:compound'
[16mai.2026 10:47:43.945] [main/INFO] [Silent Gear/MaterialManager]: Registered material serializer 'silentgear:custom_compound'
[16mai.2026 10:47:43.945] [main/INFO] [Silent Gear/MaterialManager]: Registered material serializer 'silentgear:crafted'
[16mai.2026 10:47:43.948] [main/INFO] [Silent Gear/]: Deserializing material silentcompat:acril in pack SilentCompat-forge-1.20.1-1.4.0.jar
[16mai.2026 10:47:43.948] [main/INFO] [Silent Gear/]: Deserializing material silentcompat:adamanite in pack SilentCompat-forge-1.20.1-1.4.0.jar
[16mai.2026 10:47:43.949] [main/INFO] [Silent Gear/]: Deserializing material silentcompat:alfsteel in pack SilentCompat-forge-1.20.1-1.4.0.jar
[16mai.2026 10:47:43.949] [main/INFO] [Silent Gear/]: Deserializing material silentcompat:algal_brick in pack SilentCompat-forge-1.20.1-1.4.0.jar
[16mai.2026 10:47:43.949] [main/INFO] [Silent Gear/]: Deserializing material silentgear:allthemodium in pack KubeJS Resource Pack [data]
[16mai.2026 10:47:43.949] [main/WARN] [Silent Gear/]: Material has no harvest tier, guessing it as "minecraft:netherite"
[16mai.2026 10:47:43.950] [main/INFO] [Silent Gear/]: Deserializing material silentcompat:allurite in pack SilentCompat-forge-1.20.1-1.4.0.jar
[16mai.2026 10:47:43.950] [main/INFO] [Silent Gear/]: Deserializing material silentcompat:alpha_yeti_fur in pack SilentCompat-forge-1.20.1-1.4.0.jar
[16mai.2026 10:47:43.950] [main/WARN] [Silent Gear/]: Material has no harvest tier, guessing it as "minecraft:wood"
[16mai.2026 10:47:43.950] [main/INFO] [Silent Gear/]: Deserializing material silentgear:aluminum in pack silent-gear-1.20.1-3.6.7.jar
[16mai.2026 10:47:43.950] [main/INFO] [Silent Gear/]: Deserializing material silentgear:aluminum_steel in pack silent-gear-1.20.1-3.6.7.jar
[16mai.2026 10:47:43.950] [main/INFO] [Silent Gear/]: Deserializing material silentgear:amethyst in pack silent-gear-1.20.1-3.6.7.jar
[16mai.2026 10:47:43.951] [main/INFO] [Silent Gear/]: Deserializing material silentcompat:andesite_alloy in pack SilentCompat-forge-1.20.1-1.4.0.jar
[16mai.2026 10:47:43.951] [main/INFO] [Silent Gear/]: Deserializing material silentcompat:anti_matter in pack SilentCompat-forge-1.20.1-1.4.0.jar
[16mai.2026 10:47:43.951] [main/INFO] [Silent Gear/]: Deserializing material silentcompat:aquite in pack SilentCompat-forge-1.20.1-1.4.0.jar
[16mai.2026 10:47:43.951] [main/INFO] [Silent Gear/]: Deserializing material silentcompat:arcane_ingot in pack SilentCompat-forge-1.20.1-1.4.0.jar
[16mai.2026 10:47:43.951] [main/INFO] [Silent Gear/]: Deserializing material silentcompat:arcmetal in pack SilentCompat-forge-1.20.1-1.4.0.jar
[16mai.2026 10:47:43.952] [main/INFO] [Silent Gear/]: Deserializing material silentcompat:arctic_fur in pack SilentCompat-forge-1.20.1-1.4.0.jar
[16mai.2026 10:47:43.952] [main/WARN] [Silent Gear/]: Material has no harvest tier, guessing it as "minecraft:wood"
[16mai.2026 10:47:43.952] [main/INFO] [Silent Gear/]: Deserializing material silentcompat:awakened_supremium in pack SilentCompat-forge-1.20.1-1.4.0.jar
[16mai.2026 10:47:43.953] [main/INFO] [Silent Gear/]: Deserializing material silentgear:azure_electrum in pack silent-gear-1.20.1-3.6.7.jar
[16mai.2026 10:47:43.953] [main/INFO] [Silent Gear/]: Deserializing material silentcompat:azure_neodymium in pack SilentCompat-forge-1.20.1-1.4.0.jar
[16mai.2026 10:47:43.953] [main/INFO] [Silent Gear/]: Deserializing material silentgear:azure_silver in pack silent-gear-1.20.1-3.6.7.jar
[16mai.2026 10:47:43.953] [main/INFO] [Silent Gear/]: Deserializing material silentgear:bamboo in pack silent-gear-1.20.1-3.6.7.jar
[16mai.2026 10:47:43.953] [main/INFO] [Silent Gear/]: Deserializing material silentgear:barrier in pack silent-gear-1.20.1-3.6.7.jar
[16mai.2026 10:47:43.954] [main/INFO] [Silent Gear/]: Deserializing material silentgear:basalt in pack silent-gear-1.20.1-3.6.7.jar
[16mai.2026 10:47:43.954] [main/INFO] [Silent Gear/]: Deserializing material silentcompat:bear_fur in pack SilentCompat-forge-1.20.1-1.4.0.jar
[16mai.2026 10:47:43.954] [main/WARN] [Silent Gear/]: Material has no harvest tier, guessing it as "minecraft:wood"
[16mai.2026 10:47:43.954] [main/INFO] [Silent Gear/]: Deserializing material silentcompat:bee_stinger in pack SilentCompat-forge-1.20.1-1.4.0.jar
[16mai.2026 10:47:43.954] [main/INFO] [Silent Gear/]: Deserializing material silentgear:bismuth in pack silent-gear-1.20.1-3.6.7.jar
[16mai.2026 10:47:43.955] [main/INFO] [Silent Gear/]: Deserializing material silentgear:bismuth_brass in pack silent-gear-1.20.1-3.6.7.jar
[16mai.2026 10:47:43.955] [main/INFO] [Silent Gear/]: Deserializing material silentgear:bismuth_steel in pack silent-gear-1.20.1-3.6.7.jar
[16mai.2026 10:47:43.955] [main/INFO] [Silent Gear/]: Deserializing material silentcompat:bison_fur in pack SilentCompat-forge-1.20.1-1.4.0.jar
[16mai.2026 10:47:43.955] [main/WARN] [Silent Gear/]: Material has no harvest tier, guessing it as "minecraft:wood"
[16mai.2026 10:47:43.955] [main/INFO] [Silent Gear/]: Deserializing material silentgear:blackstone in pack silent-gear-1.20.1-3.6.7.jar
[16mai.2026 10:47:43.955] [main/INFO] [Silent Gear/]: Deserializing material silentcompat:blast_proof_plating in pack SilentCompat-forge-1.20.1-1.4.0.jar
[16mai.2026 10:47:43.955] [main/INFO] [Silent Gear/]: Deserializing material silentcompat:blaze_fiber in pack SilentCompat-forge-1.20.1-1.4.0.jar
[16mai.2026 10:47:43.956] [main/WARN] [Silent Gear/]: Material has no harvest tier, guessing it as "minecraft:wood"
[16mai.2026 10:47:43.956] [main/INFO] [Silent Gear/]: Deserializing material silentgear:blaze_gold in pack silent-gear-1.20.1-3.6.7.jar
[16mai.2026 10:47:43.956] [main/INFO] [Silent Gear/]: Deserializing material silentgear:blaze_rod in pack silent-gear-1.20.1-3.6.7.jar
[16mai.2026 10:47:43.957] [main/INFO] [Silent Gear/]: Deserializing material silentcompat:blood_sac in pack SilentCompat-forge-1.20.1-1.4.0.jar
[16mai.2026 10:47:43.957] [main/WARN] [Silent Gear/]: Material has no harvest tier, guessing it as "minecraft:wood"
[16mai.2026 10:47:43.957] [main/INFO] [Silent Gear/]: Deserializing material silentgear:bone in pack silent-gear-1.20.1-3.6.7.jar
[16mai.2026 10:47:43.957] [main/INFO] [Silent Gear/]: Deserializing material silentcompat:boron in pack SilentCompat-forge-1.20.1-1.4.0.jar
[16mai.2026 10:47:43.957] [main/INFO] [Silent Gear/]: Deserializing material silentgear:brass in pack silent-gear-1.20.1-3.6.7.jar
[16mai.2026 10:47:43.958] [main/INFO] [Silent Gear/]: Deserializing material silentgear:bronze in pack silent-gear-1.20.1-3.6.7.jar
[16mai.2026 10:47:43.958] [main/INFO] [Silent Gear/]: Deserializing material silentcompat:brute_tusk in pack SilentCompat-forge-1.20.1-1.4.0.jar
[16mai.2026 10:47:43.958] [main/INFO] [Silent Gear/]: Deserializing material silentcompat:bunny_steel in pack SilentCompat-forge-1.20.1-1.4.0.jar
[16mai.2026 10:47:43.958] [main/INFO] [Silent Gear/]: Deserializing material silentcompat:calorite in pack SilentCompat-forge-1.20.1-1.4.0.jar
[16mai.2026 10:47:43.958] [main/INFO] [Silent Gear/]: Deserializing material silentcompat:capsid_alloy in pack SilentCompat-forge-1.20.1-1.4.0.jar
[16mai.2026 10:47:43.959] [main/INFO] [Silent Gear/]: Deserializing material silentcompat:carminite in pack SilentCompat-forge-1.20.1-1.4.0.jar
[16mai.2026 10:47:43.959] [main/INFO] [Silent Gear/]: Deserializing material silentcompat:cast_iron in pack SilentCompat-forge-1.20.1-1.4.0.jar
[16mai.2026 10:47:43.959] [main/INFO] [Silent Gear/]: Deserializing material silentcompat:celeslar in pack SilentCompat-forge-1.20.1-1.4.0.jar
[16mai.2026 10:47:43.959] [main/INFO] [Silent Gear/]: Deserializing material silentcompat:centipede_leg in pack SilentCompat-forge-1.20.1-1.4.0.jar
[16mai.2026 10:47:43.959] [main/INFO] [Silent Gear/]: Deserializing material silentcompat:cerebral_plate in pack SilentCompat-forge-1.20.1-1.4.0.jar
[16mai.2026 10:47:43.959] [main/INFO] [Silent Gear/]: Deserializing material silentcompat:certus_quartz in pack SilentCompat-forge-1.20.1-1.4.0.jar
[16mai.2026 10:47:43.959] [main/INFO] [Silent Gear/]: Deserializing material silentcompat:chains in pack SilentCompat-forge-1.20.1-1.4.0.jar
[16mai.2026 10:47:43.960] [main/WARN] [Silent Gear/]: Material has no harvest tier, guessing it as "minecraft:wood"
[16mai.2026 10:47:43.960] [main/INFO] [Silent Gear/]: Deserializing material silentcompat:chalyblux in pack SilentCompat-forge-1.20.1-1.4.0.jar
[16mai.2026 10:47:43.960] [main/INFO] [Silent Gear/]: Deserializing material silentcompat:charoite in pack SilentCompat-forge-1.20.1-1.4.0.jar
[16mai.2026 10:47:43.960] [main/INFO] [Silent Gear/]: Deserializing material silentcompat:chocolate in pack SilentCompat-forge-1.20.1-1.4.0.jar
[16mai.2026 10:47:43.960] [main/INFO] [Silent Gear/]: Deserializing material silentcompat:chromium in pack SilentCompat-forge-1.20.1-1.4.0.jar
[16mai.2026 10:47:43.960] [main/INFO] [Silent Gear/]: Deserializing material silentcompat:cindershell_shard in pack SilentCompat-forge-1.20.1-1.4.0.jar
[16mai.2026 10:47:43.960] [main/INFO] [Silent Gear/]: Deserializing material silentcompat:cloggrum in pack SilentCompat-forge-1.20.1-1.4.0.jar
[16mai.2026 10:47:43.960] [main/INFO] [Silent Gear/]: Deserializing material silentcompat:cloth in pack SilentCompat-forge-1.20.1-1.4.0.jar
[16mai.2026 10:47:43.960] [main/WARN] [Silent Gear/]: Material has no harvest tier, guessing it as "minecraft:wood"
[16mai.2026 10:47:43.961] [main/INFO] [Silent Gear/]: Deserializing material silentcompat:cobalt in pack SilentCompat-forge-1.20.1-1.4.0.jar
[16mai.2026 10:47:43.961] [main/INFO] [Silent Gear/]: Deserializing material silentcompat:cockroach_wing in pack SilentCompat-forge-1.20.1-1.4.0.jar
[16mai.2026 10:47:43.961] [main/WARN] [Silent Gear/]: Material has no harvest tier, guessing it as "minecraft:wood"
[16mai.2026 10:47:43.963] [main/INFO] [Silent Gear/]: Deserializing material silentgear:compressed_iron in pack silent-gear-1.20.1-3.6.7.jar
[16mai.2026 10:47:43.963] [main/INFO] [Silent Gear/]: Deserializing material silentcompat:constantan in pack SilentCompat-forge-1.20.1-1.4.0.jar
[16mai.2026 10:47:43.963] [main/INFO] [Silent Gear/]: Deserializing material silentgear:copper in pack silent-gear-1.20.1-3.6.7.jar
[16mai.2026 10:47:43.964] [main/INFO] [Silent Gear/]: Deserializing material silentcompat:corrosive_additive in pack SilentCompat-forge-1.20.1-1.4.0.jar
[16mai.2026 10:47:43.964] [main/INFO] [Silent Gear/]: Deserializing material silentcompat:cosmos_aurora in pack SilentCompat-forge-1.20.1-1.4.0.jar
[16mai.2026 10:47:43.964] [main/INFO] [Silent Gear/]: Deserializing material silentgear:crimson_iron in pack silent-gear-1.20.1-3.6.7.jar
[16mai.2026 10:47:43.964] [main/INFO] [Silent Gear/]: Deserializing material silentgear:crimson_steel in pack silent-gear-1.20.1-3.6.7.jar
[16mai.2026 10:47:43.964] [main/INFO] [Silent Gear/]: Deserializing material silentcompat:crocodile in pack SilentCompat-forge-1.20.1-1.4.0.jar
[16mai.2026 10:47:43.964] [main/WARN] [Silent Gear/]: Material has no harvest tier, guessing it as "minecraft:wood"
[16mai.2026 10:47:43.964] [main/INFO] [Silent Gear/]: Deserializing material silentcompat:crude_cladding in pack SilentCompat-forge-1.20.1-1.4.0.jar
[16mai.2026 10:47:43.964] [main/INFO] [Silent Gear/]: Deserializing material silentcompat:cryptic_end_rod in pack SilentCompat-forge-1.20.1-1.4.0.jar
[16mai.2026 10:47:43.964] [main/INFO] [Silent Gear/]: Deserializing material silentcompat:crystalline_alloy in pack SilentCompat-forge-1.20.1-1.4.0.jar
[16mai.2026 10:47:43.964] [main/INFO] [Silent Gear/]: Deserializing material silentcompat:dark_chocolate in pack SilentCompat-forge-1.20.1-1.4.0.jar
[16mai.2026 10:47:43.965] [main/INFO] [Silent Gear/]: Deserializing material silentcompat:dark_cryopla in pack SilentCompat-forge-1.20.1-1.4.0.jar
[16mai.2026 10:47:43.965] [main/INFO] [Silent Gear/]: Deserializing material silentcompat:desh in pack SilentCompat-forge-1.20.1-1.4.0.jar
[16mai.2026 10:47:43.965] [main/INFO] [Silent Gear/]: Deserializing material silentgear:diamond in pack silent-gear-1.20.1-3.6.7.jar
[16mai.2026 10:47:43.966] [main/INFO] [Silent Gear/]: Deserializing material silentgear:dimerald in pack silent-gear-1.20.1-3.6.7.jar
[16mai.2026 10:47:43.966] [main/INFO] [Silent Gear/]: Deserializing material silentcompat:diopside in pack SilentCompat-forge-1.20.1-1.4.0.jar
[16mai.2026 10:47:43.966] [main/INFO] [Silent Gear/]: Deserializing material silentcompat:ditchbulb_paste in pack SilentCompat-forge-1.20.1-1.4.0.jar
[16mai.2026 10:47:43.967] [main/INFO] [Silent Gear/]: Deserializing material silentcompat:dragon_scale in pack SilentCompat-forge-1.20.1-1.4.0.jar
[16mai.2026 10:47:43.967] [main/INFO] [Silent Gear/]: Deserializing material silentcompat:dried_kelp in pack SilentCompat-forge-1.20.1-1.4.0.jar
[16mai.2026 10:47:43.967] [main/WARN] [Silent Gear/]: Material has no harvest tier, guessing it as "minecraft:wood"
[16mai.2026 10:47:43.967] [main/INFO] [Silent Gear/]: Deserializing material silentcompat:dropbear_claw in pack SilentCompat-forge-1.20.1-1.4.0.jar
[16mai.2026 10:47:43.967] [main/INFO] [Silent Gear/]: Deserializing material silentcompat:echo in pack SilentCompat-forge-1.20.1-1.4.0.jar
[16mai.2026 10:47:43.967] [main/INFO] [Silent Gear/]: Deserializing material silentcompat:echo_shard in pack SilentCompat-forge-1.20.1-1.4.0.jar
[16mai.2026 10:47:43.967] [main/INFO] [Silent Gear/]: Deserializing material silentcompat:elastic_tendon in pack SilentCompat-forge-1.20.1-1.4.0.jar
[16mai.2026 10:47:43.967] [main/WARN] [Silent Gear/]: Material has no harvest tier, guessing it as "minecraft:wood"
[16mai.2026 10:47:43.967] [main/INFO] [Silent Gear/]: Deserializing material silentgear:electrum in pack silent-gear-1.20.1-3.6.7.jar
[16mai.2026 10:47:43.968] [main/INFO] [Silent Gear/]: Deserializing material silentcompat:elementium in pack SilentCompat-forge-1.20.1-1.4.0.jar
[16mai.2026 10:47:43.968] [main/INFO] [Silent Gear/]: Deserializing material silentgear:emerald in pack silent-gear-1.20.1-3.6.7.jar
[16mai.2026 10:47:43.968] [main/INFO] [Silent Gear/]: Deserializing material silentcompat:emu_feather in pack SilentCompat-forge-1.20.1-1.4.0.jar
[16mai.2026 10:47:43.968] [main/WARN] [Silent Gear/]: Material has no harvest tier, guessing it as "minecraft:wood"
[16mai.2026 10:47:43.968] [main/INFO] [Silent Gear/]: Deserializing material silentcompat:end_fiber in pack SilentCompat-forge-1.20.1-1.4.0.jar
[16mai.2026 10:47:43.968] [main/WARN] [Silent Gear/]: Material has no harvest tier, guessing it as "minecraft:wood"
[16mai.2026 10:47:43.968] [main/INFO] [Silent Gear/]: Deserializing material silentgear:end_rod in pack silent-gear-1.20.1-3.6.7.jar
[16mai.2026 10:47:43.968] [main/INFO] [Silent Gear/]: Deserializing material silentgear:end_stone in pack silent-gear-1.20.1-3.6.7.jar
[16mai.2026 10:47:43.968] [main/INFO] [Silent Gear/]: Deserializing material silentcompat:ender_pearl in pack SilentCompat-forge-1.20.1-1.4.0.jar
[16mai.2026 10:47:43.968] [main/WARN] [Silent Gear/]: Material has no harvest tier, guessing it as "minecraft:wood"
[16mai.2026 10:47:43.968] [main/INFO] [Silent Gear/]: Deserializing material silentgear:enderium in pack silent-gear-1.20.1-3.6.7.jar
[16mai.2026 10:47:43.968] [main/INFO] [Silent Gear/]: Deserializing material silentcompat:entwine_rod in pack SilentCompat-forge-1.20.1-1.4.0.jar
[16mai.2026 10:47:43.969] [main/INFO] [Silent Gear/]: Deserializing material silentcompat:estalt in pack SilentCompat-forge-1.20.1-1.4.0.jar
[16mai.2026 10:47:43.969] [main/INFO] [Silent Gear/]: Deserializing material silentcompat:europium in pack SilentCompat-forge-1.20.1-1.4.0.jar
[16mai.2026 10:47:43.969] [main/INFO] [Silent Gear/]: Deserializing material silentgear:example in pack silent-gear-1.20.1-3.6.7.jar
[16mai.2026 10:47:43.969] [main/INFO] [Silent Gear/]: Deserializing material silentcompat:exotic_flesh in pack SilentCompat-forge-1.20.1-1.4.0.jar
[16mai.2026 10:47:43.969] [main/INFO] [Silent Gear/]: Deserializing material silentcompat:farseer_arm in pack SilentCompat-forge-1.20.1-1.4.0.jar
[16mai.2026 10:47:43.969] [main/INFO] [Silent Gear/]: Deserializing material silentgear:feather in pack silent-gear-1.20.1-3.6.7.jar
[16mai.2026 10:47:43.969] [main/INFO] [Silent Gear/]: Deserializing material silentcompat:fiery_ingot in pack SilentCompat-forge-1.20.1-1.4.0.jar
[16mai.2026 10:47:43.969] [main/INFO] [Silent Gear/]: Deserializing material silentgear:fine_silk in pack silent-gear-1.20.1-3.6.7.jar
[16mai.2026 10:47:43.969] [main/INFO] [Silent Gear/]: Deserializing material silentgear:fine_silk_cloth in pack silent-gear-1.20.1-3.6.7.jar
[16mai.2026 10:47:43.969] [main/INFO] [Silent Gear/]: Deserializing material silentcompat:fish_bones in pack SilentCompat-forge-1.20.1-1.4.0.jar
[16mai.2026 10:47:43.970] [main/INFO] [Silent Gear/]: Deserializing material silentgear:flax in pack silent-gear-1.20.1-3.6.7.jar
[16mai.2026 10:47:43.970] [main/INFO] [Silent Gear/]: Deserializing material silentgear:flint in pack silent-gear-1.20.1-3.6.7.jar
[16mai.2026 10:47:43.970] [main/INFO] [Silent Gear/]: Deserializing material silentgear:fluffy_string in pack silent-gear-1.20.1-3.6.7.jar
[16mai.2026 10:47:43.970] [main/INFO] [Silent Gear/]: Deserializing material silentcompat:fluix in pack SilentCompat-forge-1.20.1-1.4.0.jar
[16mai.2026 10:47:43.970] [main/INFO] [Silent Gear/]: Deserializing material silentcompat:forgotten in pack SilentCompat-forge-1.20.1-1.4.0.jar
[16mai.2026 10:47:43.970] [main/INFO] [Silent Gear/]: Deserializing material silentcompat:fortunes_favor in pack SilentCompat-forge-1.20.1-1.4.0.jar
[16mai.2026 10:47:43.970] [main/INFO] [Silent Gear/]: Deserializing material silentcompat:frigidite in pack SilentCompat-forge-1.20.1-1.4.0.jar
[16mai.2026 10:47:43.971] [main/INFO] [Silent Gear/]: Deserializing material silentcompat:froststalker_horn in pack SilentCompat-forge-1.20.1-1.4.0.jar
[16mai.2026 10:47:43.972] [main/INFO] [Silent Gear/]: Deserializing material silentcompat:froststeel in pack SilentCompat-forge-1.20.1-1.4.0.jar
[16mai.2026 10:47:43.972] [main/INFO] [Silent Gear/]: Deserializing material silentcompat:gaia in pack SilentCompat-forge-1.20.1-1.4.0.jar
[16mai.2026 10:47:43.972] [main/INFO] [Silent Gear/]: Deserializing material silentcompat:gaia_steel in pack SilentCompat-forge-1.20.1-1.4.0.jar
[16mai.2026 10:47:43.972] [main/INFO] [Silent Gear/]: Deserializing material silentcompat:gazelle_horn in pack SilentCompat-forge-1.20.1-1.4.0.jar
[16mai.2026 10:47:43.973] [main/INFO] [Silent Gear/]: Deserializing material silentcompat:glowsilk in pack SilentCompat-forge-1.20.1-1.4.0.jar
[16mai.2026 10:47:43.973] [main/WARN] [Silent Gear/]: Material has no harvest tier, guessing it as "minecraft:wood"
[16mai.2026 10:47:43.973] [main/INFO] [Silent Gear/]: Deserializing material silentgear:glowstone in pack silent-gear-1.20.1-3.6.7.jar
[16mai.2026 10:47:43.973] [main/INFO] [Silent Gear/]: Deserializing material silentgear:gold in pack silent-gear-1.20.1-3.6.7.jar
[16mai.2026 10:47:43.973] [main/INFO] [Silent Gear/]: Deserializing material silentcompat:goo_ball in pack SilentCompat-forge-1.20.1-1.4.0.jar
[16mai.2026 10:47:43.973] [main/INFO] [Silent Gear/]: Deserializing material silentcompat:heart_of_the_sea in pack SilentCompat-forge-1.20.1-1.4.0.jar
[16mai.2026 10:47:43.973] [main/WARN] [Silent Gear/]: Material has no harvest tier, guessing it as "minecraft:wood"
[16mai.2026 10:47:43.973] [main/INFO] [Silent Gear/]: Deserializing material silentcompat:hemolymph_sac in pack SilentCompat-forge-1.20.1-1.4.0.jar
[16mai.2026 10:47:43.973] [main/WARN] [Silent Gear/]: Material has no harvest tier, guessing it as "minecraft:wood"
[16mai.2026 10:47:43.973] [main/INFO] [Silent Gear/]: Deserializing material silentgear:high_carbon_steel in pack silent-gear-1.20.1-3.6.7.jar
[16mai.2026 10:47:43.973] [main/INFO] [Silent Gear/]: Deserializing material silentcompat:honey_crystal in pack SilentCompat-forge-1.20.1-1.4.0.jar
[16mai.2026 10:47:43.973] [main/INFO] [Silent Gear/]: Deserializing material silentcompat:horizonite in pack SilentCompat-forge-1.20.1-1.4.0.jar
[16mai.2026 10:47:43.973] [main/INFO] [Silent Gear/]: Deserializing material silentgear:hybrid_gem in pack silent-gear-1.20.1-3.6.7.jar
[16mai.2026 10:47:43.975] [main/INFO] [Silent Gear/]: Deserializing material silentcompat:ignitium in pack SilentCompat-forge-1.20.1-1.4.0.jar
[16mai.2026 10:47:43.975] [main/INFO] [Silent Gear/]: Deserializing material silentcompat:imperium in pack SilentCompat-forge-1.20.1-1.4.0.jar
[16mai.2026 10:47:43.975] [main/INFO] [Silent Gear/]: Deserializing material silentcompat:inferium in pack SilentCompat-forge-1.20.1-1.4.0.jar
[16mai.2026 10:47:43.975] [main/INFO] [Silent Gear/]: Deserializing material silentgear:invar in pack silent-gear-1.20.1-3.6.7.jar
[16mai.2026 10:47:43.975] [main/INFO] [Silent Gear/]: Deserializing material silentcompat:iridium in pack SilentCompat-forge-1.20.1-1.4.0.jar
[16mai.2026 10:47:43.975] [main/INFO] [Silent Gear/]: Deserializing material silentgear:iron in pack silent-gear-1.20.1-3.6.7.jar
[16mai.2026 10:47:43.976] [main/INFO] [Silent Gear/]: Deserializing material silentcompat:ironwood_ingot in pack SilentCompat-forge-1.20.1-1.4.0.jar
[16mai.2026 10:47:43.976] [main/INFO] [Silent Gear/]: Deserializing material silentcompat:knightly_ingot in pack SilentCompat-forge-1.20.1-1.4.0.jar
[16mai.2026 10:47:43.976] [main/INFO] [Silent Gear/]: Deserializing material silentcompat:komodo_spit in pack SilentCompat-forge-1.20.1-1.4.0.jar
[16mai.2026 10:47:43.976] [main/WARN] [Silent Gear/]: Material has no harvest tier, guessing it as "minecraft:wood"
[16mai.2026 10:47:43.976] [main/INFO] [Silent Gear/]: Deserializing material silentgear:lapis_lazuli in pack silent-gear-1.20.1-3.6.7.jar
[16mai.2026 10:47:43.976] [main/INFO] [Silent Gear/]: Deserializing material silentgear:lead in pack silent-gear-1.20.1-3.6.7.jar
[16mai.2026 10:47:43.976] [main/INFO] [Silent Gear/]: Deserializing material silentgear:leather in pack silent-gear-1.20.1-3.6.7.jar
[16mai.2026 10:47:43.976] [main/INFO] [Silent Gear/]: Deserializing material silentgear:leaves in pack silent-gear-1.20.1-3.6.7.jar
[16mai.2026 10:47:43.976] [main/INFO] [Silent Gear/]: Deserializing material silentcompat:living_flesh in pack SilentCompat-forge-1.20.1-1.4.0.jar
[16mai.2026 10:47:43.976] [main/INFO] [Silent Gear/]: Deserializing material silentcompat:lost_tentacle in pack SilentCompat-forge-1.20.1-1.4.0.jar
[16mai.2026 10:47:43.976] [main/WARN] [Silent Gear/]: Material has no harvest tier, guessing it as "minecraft:wood"
[16mai.2026 10:47:43.976] [main/INFO] [Silent Gear/]: Deserializing material silentcompat:lumiere in pack SilentCompat-forge-1.20.1-1.4.0.jar
[16mai.2026 10:47:43.977] [main/INFO] [Silent Gear/]: Deserializing material silentgear:lumium in pack silent-gear-1.20.1-3.6.7.jar
[16mai.2026 10:47:43.977] [main/INFO] [Silent Gear/]: Deserializing material silentcompat:lunium_nova in pack SilentCompat-forge-1.20.1-1.4.0.jar
[16mai.2026 10:47:43.977] [main/INFO] [Silent Gear/]: Deserializing material silentcompat:magebloom_fiber in pack SilentCompat-forge-1.20.1-1.4.0.jar
[16mai.2026 10:47:43.977] [main/WARN] [Silent Gear/]: Material has no harvest tier, guessing it as "minecraft:wood"
[16mai.2026 10:47:43.977] [main/INFO] [Silent Gear/]: Deserializing material silentcompat:magma_cream in pack SilentCompat-forge-1.20.1-1.4.0.jar
[16mai.2026 10:47:43.977] [main/INFO] [Silent Gear/]: Deserializing material silentcompat:magnesium in pack SilentCompat-forge-1.20.1-1.4.0.jar
[16mai.2026 10:47:43.977] [main/INFO] [Silent Gear/]: Deserializing material silentcompat:maj_enderium in pack SilentCompat-forge-1.20.1-1.4.0.jar
[16mai.2026 10:47:43.977] [main/INFO] [Silent Gear/]: Deserializing material silentcompat:mana_weave in pack SilentCompat-forge-1.20.1-1.4.0.jar
[16mai.2026 10:47:43.977] [main/WARN] [Silent Gear/]: Material has no harvest tier, guessing it as "minecraft:wood"
[16mai.2026 10:47:43.977] [main/INFO] [Silent Gear/]: Deserializing material silentcompat:manasteel in pack SilentCompat-forge-1.20.1-1.4.0.jar
[16mai.2026 10:47:43.977] [main/INFO] [Silent Gear/]: Deserializing material silentcompat:masticator_scales in pack SilentCompat-forge-1.20.1-1.4.0.jar
[16mai.2026 10:47:43.978] [main/WARN] [Silent Gear/]: Material has no harvest tier, guessing it as "minecraft:wood"
[16mai.2026 10:47:43.978] [main/INFO] [Silent Gear/]: Deserializing material silentcompat:melodium in pack SilentCompat-forge-1.20.1-1.4.0.jar
[16mai.2026 10:47:43.978] [main/INFO] [Silent Gear/]: Deserializing material silentgear:metal_alloy in pack silent-gear-1.20.1-3.6.7.jar
[16mai.2026 10:47:43.978] [main/INFO] [Silent Gear/]: Deserializing material silentcompat:midnight_abyssal in pack SilentCompat-forge-1.20.1-1.4.0.jar
[16mai.2026 10:47:43.978] [main/INFO] [Silent Gear/]: Deserializing material silentcompat:midnight_iron in pack SilentCompat-forge-1.20.1-1.4.0.jar
[16mai.2026 10:47:43.978] [main/INFO] [Silent Gear/]: Deserializing material silentcompat:mimicream in pack SilentCompat-forge-1.20.1-1.4.0.jar
[16mai.2026 10:47:43.978] [main/WARN] [Silent Gear/]: Material has no harvest tier, guessing it as "minecraft:wood"
[16mai.2026 10:47:43.978] [main/INFO] [Silent Gear/]: Deserializing material silentgear:mixed_fabric in pack silent-gear-1.20.1-3.6.7.jar
[16mai.2026 10:47:43.978] [main/INFO] [Silent Gear/]: Deserializing material silentcompat:mogmoss in pack SilentCompat-forge-1.20.1-1.4.0.jar
[16mai.2026 10:47:43.978] [main/INFO] [Silent Gear/]: Deserializing material silentcompat:monsterous_horn in pack SilentCompat-forge-1.20.1-1.4.0.jar
[16mai.2026 10:47:43.979] [main/WARN] [Silent Gear/]: Material has no harvest tier, guessing it as "minecraft:wood"
[16mai.2026 10:47:43.979] [main/INFO] [Silent Gear/]: Deserializing material silentcompat:moose_antler in pack SilentCompat-forge-1.20.1-1.4.0.jar
[16mai.2026 10:47:43.979] [main/WARN] [Silent Gear/]: Material has no harvest tier, guessing it as "minecraft:wood"
[16mai.2026 10:47:43.979] [main/INFO] [Silent Gear/]: Deserializing material silentcompat:mossy_tooth in pack SilentCompat-forge-1.20.1-1.4.0.jar
[16mai.2026 10:47:43.979] [main/INFO] [Silent Gear/]: Deserializing material silentcompat:mythril in pack SilentCompat-forge-1.20.1-1.4.0.jar
[16mai.2026 10:47:43.979] [main/INFO] [Silent Gear/]: Deserializing material silentcompat:naga_scale in pack SilentCompat-forge-1.20.1-1.4.0.jar
[16mai.2026 10:47:43.979] [main/WARN] [Silent Gear/]: Material has no harvest tier, guessing it as "minecraft:wood"
[16mai.2026 10:47:43.979] [main/INFO] [Silent Gear/]: Deserializing material silentcompat:nautilus_shell in pack SilentCompat-forge-1.20.1-1.4.0.jar
[16mai.2026 10:47:43.979] [main/WARN] [Silent Gear/]: Material has no harvest tier, guessing it as "minecraft:wood"
[16mai.2026 10:47:43.979] [main/INFO] [Silent Gear/]: Deserializing material silentcompat:necrathene in pack SilentCompat-forge-1.20.1-1.4.0.jar
[16mai.2026 10:47:43.979] [main/INFO] [Silent Gear/]: Deserializing material silentcompat:neptunium in pack SilentCompat-forge-1.20.1-1.4.0.jar
[16mai.2026 10:47:43.979] [main/INFO] [Silent Gear/]: Deserializing material silentcompat:nether_brass in pack SilentCompat-forge-1.20.1-1.4.0.jar
[16mai.2026 10:47:43.979] [main/INFO] [Silent Gear/]: Deserializing material silentcompat:nether_star in pack SilentCompat-forge-1.20.1-1.4.0.jar
[16mai.2026 10:47:43.979] [main/WARN] [Silent Gear/]: Material has no harvest tier, guessing it as "minecraft:wood"
[16mai.2026 10:47:43.980] [main/INFO] [Silent Gear/]: Deserializing material silentgear:netherite in pack silent-gear-1.20.1-3.6.7.jar
[16mai.2026 10:47:43.980] [main/INFO] [Silent Gear/]: Deserializing material silentgear:netherrack in pack silent-gear-1.20.1-3.6.7.jar
[16mai.2026 10:47:43.980] [main/INFO] [Silent Gear/]: Deserializing material silentgear:netherwood in pack silent-gear-1.20.1-3.6.7.jar
[16mai.2026 10:47:43.980] [main/INFO] [Silent Gear/]: Deserializing material silentgear:nickel in pack silent-gear-1.20.1-3.6.7.jar
[16mai.2026 10:47:43.980] [main/INFO] [Silent Gear/]: Deserializing material silentcompat:nlatstone in pack SilentCompat-forge-1.20.1-1.4.0.jar
[16mai.2026 10:47:43.980] [main/INFO] [Silent Gear/]: Deserializing material silentgear:obsidian in pack silent-gear-1.20.1-3.6.7.jar
[16mai.2026 10:47:43.980] [main/INFO] [Silent Gear/]: Deserializing material silentcompat:ooze in pack SilentCompat-forge-1.20.1-1.4.0.jar
[16mai.2026 10:47:43.981] [main/WARN] [Silent Gear/]: Material has no harvest tier, guessing it as "minecraft:wood"
[16mai.2026 10:47:43.981] [main/INFO] [Silent Gear/]: Deserializing material silentcompat:oracle_jelly in pack SilentCompat-forge-1.20.1-1.4.0.jar
[16mai.2026 10:47:43.981] [main/WARN] [Silent Gear/]: Material has no harvest tier, guessing it as "minecraft:wood"
[16mai.2026 10:47:43.981] [main/INFO] [Silent Gear/]: Deserializing material silentgear:osmium in pack silent-gear-1.20.1-3.6.7.jar
[16mai.2026 10:47:43.981] [main/INFO] [Silent Gear/]: Deserializing material silentcompat:ostrum in pack SilentCompat-forge-1.20.1-1.4.0.jar
[16mai.2026 10:47:43.981] [main/INFO] [Silent Gear/]: Deserializing material silentcompat:outback_leather in pack SilentCompat-forge-1.20.1-1.4.0.jar
[16mai.2026 10:47:43.981] [main/WARN] [Silent Gear/]: Material has no harvest tier, guessing it as "minecraft:wood"
[16mai.2026 10:47:43.982] [main/INFO] [Silent Gear/]: Deserializing material silentcompat:palladium in pack SilentCompat-forge-1.20.1-1.4.0.jar
[16mai.2026 10:47:43.982] [main/INFO] [Silent Gear/]: Deserializing material silentgear:paper in pack silent-gear-1.20.1-3.6.7.jar
[16mai.2026 10:47:43.982] [main/INFO] [Silent Gear/]: Deserializing material silentcompat:pendorite in pack SilentCompat-forge-1.20.1-1.4.0.jar
[16mai.2026 10:47:43.982] [main/INFO] [Silent Gear/]: Deserializing material silentgear:phantom_membrane in pack silent-gear-1.20.1-3.6.7.jar
[16mai.2026 10:47:43.982] [main/INFO] [Silent Gear/]: Deserializing material silentcompat:phantoplasm in pack SilentCompat-forge-1.20.1-1.4.0.jar
[16mai.2026 10:47:43.982] [main/INFO] [Silent Gear/]: Deserializing material silentcompat:plasteel in pack SilentCompat-forge-1.20.1-1.4.0.jar
[16mai.2026 10:47:43.982] [main/INFO] [Silent Gear/]: Deserializing material silentcompat:plastick in pack SilentCompat-forge-1.20.1-1.4.0.jar
[16mai.2026 10:47:43.982] [main/WARN] [Silent Gear/]: Material has no harvest tier, guessing it as "minecraft:wood"
[16mai.2026 10:47:43.982] [main/INFO] [Silent Gear/]: Deserializing material silentgear:platinum in pack silent-gear-1.20.1-3.6.7.jar
[16mai.2026 10:47:43.982] [main/INFO] [Silent Gear/]: Deserializing material silentcompat:plumbumanite in pack SilentCompat-forge-1.20.1-1.4.0.jar
[16mai.2026 10:47:43.983] [main/INFO] [Silent Gear/]: Deserializing material silentcompat:plutonium in pack SilentCompat-forge-1.20.1-1.4.0.jar
[16mai.2026 10:47:43.983] [main/INFO] [Silent Gear/]: Deserializing material silentcompat:polonium in pack SilentCompat-forge-1.20.1-1.4.0.jar
[16mai.2026 10:47:43.983] [main/INFO] [Silent Gear/]: Deserializing material silentcompat:precious_opal in pack SilentCompat-forge-1.20.1-1.4.0.jar
[16mai.2026 10:47:43.983] [main/INFO] [Silent Gear/]: Deserializing material silentcompat:prismalium in pack SilentCompat-forge-1.20.1-1.4.0.jar
[16mai.2026 10:47:43.983] [main/INFO] [Silent Gear/]: Deserializing material silentgear:prismarine in pack silent-gear-1.20.1-3.6.7.jar
[16mai.2026 10:47:43.983] [main/INFO] [Silent Gear/]: Deserializing material silentcompat:prudentium in pack SilentCompat-forge-1.20.1-1.4.0.jar
[16mai.2026 10:47:43.983] [main/INFO] [Silent Gear/]: Deserializing material silentcompat:purity in pack SilentCompat-forge-1.20.1-1.4.0.jar
[16mai.2026 10:47:43.983] [main/INFO] [Silent Gear/]: Deserializing material silentcompat:pyrope in pack SilentCompat-forge-1.20.1-1.4.0.jar
[16mai.2026 10:47:43.983] [main/INFO] [Silent Gear/]: Deserializing material silentgear:quartz in pack silent-gear-1.20.1-3.6.7.jar
[16mai.2026 10:47:43.983] [main/INFO] [Silent Gear/]: Deserializing material silentcompat:racoon_tail in pack SilentCompat-forge-1.20.1-1.4.0.jar
[16mai.2026 10:47:43.983] [main/WARN] [Silent Gear/]: Material has no harvest tier, guessing it as "minecraft:wood"
[16mai.2026 10:47:43.983] [main/INFO] [Silent Gear/]: Deserializing material silentgear:redstone in pack silent-gear-1.20.1-3.6.7.jar
[16mai.2026 10:47:43.983] [main/INFO] [Silent Gear/]: Deserializing material silentgear:redstone_alloy in pack silent-gear-1.20.1-3.6.7.jar
[16mai.2026 10:47:43.984] [main/INFO] [Silent Gear/]: Deserializing material silentgear:refined_glowstone in pack silent-gear-1.20.1-3.6.7.jar
[16mai.2026 10:47:43.984] [main/INFO] [Silent Gear/]: Deserializing material silentgear:refined_iron in pack silent-gear-1.20.1-3.6.7.jar
[16mai.2026 10:47:43.984] [main/INFO] [Silent Gear/]: Deserializing material silentgear:refined_obsidian in pack silent-gear-1.20.1-3.6.7.jar
[16mai.2026 10:47:43.984] [main/INFO] [Silent Gear/]: Deserializing material silentcompat:regalium in pack SilentCompat-forge-1.20.1-1.4.0.jar
[16mai.2026 10:47:43.984] [main/INFO] [Silent Gear/]: Deserializing material silentcompat:reinforced_echo_shard in pack SilentCompat-forge-1.20.1-1.4.0.jar
[16mai.2026 10:47:43.984] [main/INFO] [Silent Gear/]: Deserializing material silentcompat:rhodium in pack SilentCompat-forge-1.20.1-1.4.0.jar
[16mai.2026 10:47:43.984] [main/INFO] [Silent Gear/]: Deserializing material silentcompat:roadrunner_feather in pack SilentCompat-forge-1.20.1-1.4.0.jar
[16mai.2026 10:47:43.984] [main/WARN] [Silent Gear/]: Material has no harvest tier, guessing it as "minecraft:wood"
[16mai.2026 10:47:43.984] [main/INFO] [Silent Gear/]: Deserializing material silentcompat:rocky_shell in pack SilentCompat-forge-1.20.1-1.4.0.jar
[16mai.2026 10:47:43.984] [main/WARN] [Silent Gear/]: Material has no harvest tier, guessing it as "minecraft:wood"
[16mai.2026 10:47:43.984] [main/INFO] [Silent Gear/]: Deserializing material silentcompat:rose_gold in pack SilentCompat-forge-1.20.1-1.4.0.jar
[16mai.2026 10:47:43.985] [main/INFO] [Silent Gear/]: Deserializing material silentcompat:rotten_flesh in pack SilentCompat-forge-1.20.1-1.4.0.jar
[16mai.2026 10:47:43.985] [main/WARN] [Silent Gear/]: Material has no harvest tier, guessing it as "minecraft:wood"
[16mai.2026 10:47:43.985] [main/INFO] [Silent Gear/]: Deserializing material silentgear:sandstone in pack silent-gear-1.20.1-3.6.7.jar
[16mai.2026 10:47:43.985] [main/INFO] [Silent Gear/]: Deserializing material silentgear:sandstone/red in pack silent-gear-1.20.1-3.6.7.jar
[16mai.2026 10:47:43.985] [main/INFO] [Silent Gear/]: Deserializing material silentcompat:scandium in pack SilentCompat-forge-1.20.1-1.4.0.jar
[16mai.2026 10:47:43.985] [main/INFO] [Silent Gear/]: Deserializing material silentcompat:scarlet_neodymium in pack SilentCompat-forge-1.20.1-1.4.0.jar
[16mai.2026 10:47:43.985] [main/INFO] [Silent Gear/]: Deserializing material silentcompat:sculk_alloy in pack SilentCompat-forge-1.20.1-1.4.0.jar
[16mai.2026 10:47:43.985] [main/INFO] [Silent Gear/]: Deserializing material silentcompat:sculk_bone in pack SilentCompat-forge-1.20.1-1.4.0.jar
[16mai.2026 10:47:43.985] [main/INFO] [Silent Gear/]: Deserializing material silentcompat:sculk_vine in pack SilentCompat-forge-1.20.1-1.4.0.jar
[16mai.2026 10:47:43.985] [main/WARN] [Silent Gear/]: Material has no harvest tier, guessing it as "minecraft:wood"
[16mai.2026 10:47:43.986] [main/INFO] [Silent Gear/]: Deserializing material silentcompat:serpent_tooth in pack SilentCompat-forge-1.20.1-1.4.0.jar
[16mai.2026 10:47:43.986] [main/INFO] [Silent Gear/]: Deserializing material silentcompat:serrated_shark_tooth in pack SilentCompat-forge-1.20.1-1.4.0.jar
[16mai.2026 10:47:43.986] [main/INFO] [Silent Gear/]: Deserializing material silentcompat:shark_tooth in pack SilentCompat-forge-1.20.1-1.4.0.jar
[16mai.2026 10:47:43.986] [main/INFO] [Silent Gear/]: Deserializing material silentgear:sheet_metal in pack silent-gear-1.20.1-3.6.7.jar
[16mai.2026 10:47:43.986] [main/INFO] [Silent Gear/]: Deserializing material silentgear:signalum in pack silent-gear-1.20.1-3.6.7.jar
[16mai.2026 10:47:43.986] [main/INFO] [Silent Gear/]: Deserializing material silentcompat:silicon in pack SilentCompat-forge-1.20.1-1.4.0.jar
[16mai.2026 10:47:43.986] [main/INFO] [Silent Gear/]: Deserializing material silentgear:silver in pack silent-gear-1.20.1-3.6.7.jar
[16mai.2026 10:47:43.986] [main/INFO] [Silent Gear/]: Deserializing material silentgear:sinew in pack silent-gear-1.20.1-3.6.7.jar
[16mai.2026 10:47:43.986] [main/INFO] [Silent Gear/]: Deserializing material silentgear:slime in pack silent-gear-1.20.1-3.6.7.jar
[16mai.2026 10:47:43.986] [main/INFO] [Silent Gear/]: Deserializing material silentcompat:solarmetal in pack SilentCompat-forge-1.20.1-1.4.0.jar
[16mai.2026 10:47:43.986] [main/INFO] [Silent Gear/]: Deserializing material silentcompat:solimrith in pack SilentCompat-forge-1.20.1-1.4.0.jar
[16mai.2026 10:47:43.987] [main/INFO] [Silent Gear/]: Deserializing material silentcompat:soul_crystal in pack SilentCompat-forge-1.20.1-1.4.0.jar
[16mai.2026 10:47:43.987] [main/INFO] [Silent Gear/]: Deserializing material silentcompat:soul_steel in pack SilentCompat-forge-1.20.1-1.4.0.jar
[16mai.2026 10:47:43.987] [main/INFO] [Silent Gear/]: Deserializing material silentcompat:source_gem in pack SilentCompat-forge-1.20.1-1.4.0.jar
[16mai.2026 10:47:43.987] [main/INFO] [Silent Gear/]: Deserializing material silentcompat:source_steel in pack SilentCompat-forge-1.20.1-1.4.0.jar
[16mai.2026 10:47:43.987] [main/INFO] [Silent Gear/]: Deserializing material silentcompat:spiked_scute in pack SilentCompat-forge-1.20.1-1.4.0.jar
[16mai.2026 10:47:43.987] [main/WARN] [Silent Gear/]: Material has no harvest tier, guessing it as "minecraft:wood"
[16mai.2026 10:47:43.987] [main/INFO] [Silent Gear/]: Deserializing material silentcompat:starlight_mythril in pack SilentCompat-forge-1.20.1-1.4.0.jar
[16mai.2026 10:47:43.987] [main/INFO] [Silent Gear/]: Deserializing material silentgear:steel in pack silent-gear-1.20.1-3.6.7.jar
[16mai.2026 10:47:43.987] [main/INFO] [Silent Gear/]: Deserializing material silentcompat:steeleaf_ingot in pack SilentCompat-forge-1.20.1-1.4.0.jar
[16mai.2026 10:47:43.987] [main/INFO] [Silent Gear/]: Deserializing material silentcompat:stellar in pack SilentCompat-forge-1.20.1-1.4.0.jar
[16mai.2026 10:47:43.987] [main/INFO] [Silent Gear/]: Deserializing material silentcompat:stellarium in pack SilentCompat-forge-1.20.1-1.4.0.jar
[16mai.2026 10:47:43.988] [main/INFO] [Silent Gear/]: Deserializing material silentcompat:stellium in pack SilentCompat-forge-1.20.1-1.4.0.jar
[16mai.2026 10:47:43.988] [main/INFO] [Silent Gear/]: Deserializing material silentgear:stone in pack silent-gear-1.20.1-3.6.7.jar
[16mai.2026 10:47:43.988] [main/INFO] [Silent Gear/]: Deserializing material silentgear:stone/andesite in pack silent-gear-1.20.1-3.6.7.jar
[16mai.2026 10:47:43.988] [main/INFO] [Silent Gear/]: Deserializing material silentgear:stone/diorite in pack silent-gear-1.20.1-3.6.7.jar
[16mai.2026 10:47:43.988] [main/INFO] [Silent Gear/]: Deserializing material silentgear:stone/granite in pack silent-gear-1.20.1-3.6.7.jar
[16mai.2026 10:47:43.988] [main/INFO] [Silent Gear/]: Deserializing material silentcompat:straddlite in pack SilentCompat-forge-1.20.1-1.4.0.jar
[16mai.2026 10:47:43.988] [main/INFO] [Silent Gear/]: Deserializing material silentgear:string in pack silent-gear-1.20.1-3.6.7.jar
[16mai.2026 10:47:43.988] [main/INFO] [Silent Gear/]: Deserializing material silentcompat:sunmetal_brick in pack SilentCompat-forge-1.20.1-1.4.0.jar
[16mai.2026 10:47:43.988] [main/INFO] [Silent Gear/]: Deserializing material silentcompat:supremium in pack SilentCompat-forge-1.20.1-1.4.0.jar
[16mai.2026 10:47:43.988] [main/INFO] [Silent Gear/]: Deserializing material silentcompat:tarantula_hawk_wing in pack SilentCompat-forge-1.20.1-1.4.0.jar
[16mai.2026 10:47:43.988] [main/WARN] [Silent Gear/]: Material has no harvest tier, guessing it as "minecraft:wood"
[16mai.2026 10:47:43.988] [main/INFO] [Silent Gear/]: Deserializing material silentcompat:tectonic_shard in pack SilentCompat-forge-1.20.1-1.4.0.jar
[16mai.2026 10:47:43.988] [main/INFO] [Silent Gear/]: Deserializing material silentcompat:tellurium in pack SilentCompat-forge-1.20.1-1.4.0.jar
[16mai.2026 10:47:43.988] [main/INFO] [Silent Gear/]: Deserializing material silentgear:terracotta in pack silent-gear-1.20.1-3.6.7.jar
[16mai.2026 10:47:43.989] [main/INFO] [Silent Gear/]: Deserializing material silentgear:terracotta/black in pack silent-gear-1.20.1-3.6.7.jar
[16mai.2026 10:47:43.989] [main/INFO] [Silent Gear/]: Deserializing material silentgear:terracotta/blue in pack silent-gear-1.20.1-3.6.7.jar
[16mai.2026 10:47:43.989] [main/INFO] [Silent Gear/]: Deserializing material silentgear:terracotta/brown in pack silent-gear-1.20.1-3.6.7.jar
[16mai.2026 10:47:43.989] [main/INFO] [Silent Gear/]: Deserializing material silentgear:terracotta/cyan in pack silent-gear-1.20.1-3.6.7.jar
[16mai.2026 10:47:43.989] [main/INFO] [Silent Gear/]: Deserializing material silentgear:terracotta/gray in pack silent-gear-1.20.1-3.6.7.jar
[16mai.2026 10:47:43.989] [main/INFO] [Silent Gear/]: Deserializing material silentgear:terracotta/green in pack silent-gear-1.20.1-3.6.7.jar
[16mai.2026 10:47:43.989] [main/INFO] [Silent Gear/]: Deserializing material silentgear:terracotta/light_blue in pack silent-gear-1.20.1-3.6.7.jar
[16mai.2026 10:47:43.989] [main/INFO] [Silent Gear/]: Deserializing material silentgear:terracotta/light_gray in pack silent-gear-1.20.1-3.6.7.jar
[16mai.2026 10:47:43.990] [main/INFO] [Silent Gear/]: Deserializing material silentgear:terracotta/lime in pack silent-gear-1.20.1-3.6.7.jar
[16mai.2026 10:47:43.990] [main/INFO] [Silent Gear/]: Deserializing material silentgear:terracotta/magenta in pack silent-gear-1.20.1-3.6.7.jar
[16mai.2026 10:47:43.990] [main/INFO] [Silent Gear/]: Deserializing material silentgear:terracotta/orange in pack silent-gear-1.20.1-3.6.7.jar
[16mai.2026 10:47:43.990] [main/INFO] [Silent Gear/]: Deserializing material silentgear:terracotta/pink in pack silent-gear-1.20.1-3.6.7.jar
[16mai.2026 10:47:43.990] [main/INFO] [Silent Gear/]: Deserializing material silentgear:terracotta/purple in pack silent-gear-1.20.1-3.6.7.jar
[16mai.2026 10:47:43.991] [main/INFO] [Silent Gear/]: Deserializing material silentgear:terracotta/red in pack silent-gear-1.20.1-3.6.7.jar
[16mai.2026 10:47:43.991] [main/INFO] [Silent Gear/]: Deserializing material silentgear:terracotta/white in pack silent-gear-1.20.1-3.6.7.jar
[16mai.2026 10:47:43.991] [main/INFO] [Silent Gear/]: Deserializing material silentgear:terracotta/yellow in pack silent-gear-1.20.1-3.6.7.jar
[16mai.2026 10:47:43.991] [main/INFO] [Silent Gear/]: Deserializing material silentcompat:terrasteel in pack SilentCompat-forge-1.20.1-1.4.0.jar
[16mai.2026 10:47:43.991] [main/INFO] [Silent Gear/]: Deserializing material silentcompat:tertium in pack SilentCompat-forge-1.20.1-1.4.0.jar
[16mai.2026 10:47:43.991] [main/INFO] [Silent Gear/]: Deserializing material silentcompat:thlanium in pack SilentCompat-forge-1.20.1-1.4.0.jar
[16mai.2026 10:47:43.992] [main/INFO] [Silent Gear/]: Deserializing material silentcompat:thorium in pack SilentCompat-forge-1.20.1-1.4.0.jar
[16mai.2026 10:47:43.992] [main/INFO] [Silent Gear/]: Deserializing material silentcompat:thulium in pack SilentCompat-forge-1.20.1-1.4.0.jar
[16mai.2026 10:47:43.992] [main/INFO] [Silent Gear/]: Deserializing material silentgear:tin in pack silent-gear-1.20.1-3.6.7.jar
[16mai.2026 10:47:43.992] [main/INFO] [Silent Gear/]: Deserializing material silentgear:titanium in pack silent-gear-1.20.1-3.6.7.jar
[16mai.2026 10:47:43.992] [main/INFO] [Silent Gear/]: Deserializing material silentcompat:tungsten in pack SilentCompat-forge-1.20.1-1.4.0.jar
[16mai.2026 10:47:43.992] [main/INFO] [Silent Gear/]: Deserializing material silentgear:turtle in pack silent-gear-1.20.1-3.6.7.jar
[16mai.2026 10:47:43.992] [main/INFO] [Silent Gear/]: Deserializing material silentcompat:twisting_vines in pack SilentCompat-forge-1.20.1-1.4.0.jar
[16mai.2026 10:47:43.993] [main/INFO] [Silent Gear/]: Deserializing material silentgear:tyrian_steel in pack silent-gear-1.20.1-3.6.7.jar
[16mai.2026 10:47:43.993] [main/INFO] [Silent Gear/]: Deserializing material silentgear:unobtainium in pack KubeJS Resource Pack [data]
[16mai.2026 10:47:43.993] [main/WARN] [Silent Gear/]: Material has no harvest tier, guessing it as "minecraft:netherite"
[16mai.2026 10:47:43.993] [main/INFO] [Silent Gear/]: Deserializing material silentcompat:unobtanium in pack SilentCompat-forge-1.20.1-1.4.0.jar
[16mai.2026 10:47:43.993] [main/INFO] [Silent Gear/]: Deserializing material silentcompat:unstable_compound in pack SilentCompat-forge-1.20.1-1.4.0.jar
[16mai.2026 10:47:43.993] [main/WARN] [Silent Gear/]: Material has no harvest tier, guessing it as "minecraft:wood"
[16mai.2026 10:47:43.993] [main/INFO] [Silent Gear/]: Deserializing material silentcompat:uranium in pack SilentCompat-forge-1.20.1-1.4.0.jar
[16mai.2026 10:47:43.993] [main/INFO] [Silent Gear/]: Deserializing material silentgear:uranium in pack silent-gear-1.20.1-3.6.7.jar
[16mai.2026 10:47:43.993] [main/INFO] [Silent Gear/]: Deserializing material silentcompat:utherium_crystal in pack SilentCompat-forge-1.20.1-1.4.0.jar
[16mai.2026 10:47:43.994] [main/INFO] [Silent Gear/]: Deserializing material silentcompat:venom_sac in pack SilentCompat-forge-1.20.1-1.4.0.jar
[16mai.2026 10:47:43.994] [main/WARN] [Silent Gear/]: Material has no harvest tier, guessing it as "minecraft:wood"
[16mai.2026 10:47:43.994] [main/INFO] [Silent Gear/]: Deserializing material silentcompat:vibranite in pack SilentCompat-forge-1.20.1-1.4.0.jar
[16mai.2026 10:47:43.994] [main/INFO] [Silent Gear/]: Deserializing material silentgear:vibranium in pack KubeJS Resource Pack [data]
[16mai.2026 10:47:43.994] [main/WARN] [Silent Gear/]: Material has no harvest tier, guessing it as "minecraft:netherite"
[16mai.2026 10:47:43.994] [main/INFO] [Silent Gear/]: Deserializing material silentcompat:viculeam in pack SilentCompat-forge-1.20.1-1.4.0.jar
[16mai.2026 10:47:43.994] [main/INFO] [Silent Gear/]: Deserializing material silentgear:vine in pack silent-gear-1.20.1-3.6.7.jar
[16mai.2026 10:47:43.994] [main/INFO] [Silent Gear/]: Deserializing material silentcompat:void in pack SilentCompat-forge-1.20.1-1.4.0.jar
[16mai.2026 10:47:43.995] [main/INFO] [Silent Gear/]: Deserializing material silentcompat:void_core in pack SilentCompat-forge-1.20.1-1.4.0.jar
[16mai.2026 10:47:43.995] [main/WARN] [Silent Gear/]: Material has no harvest tier, guessing it as "minecraft:wood"
[16mai.2026 10:47:43.995] [main/INFO] [Silent Gear/]: Deserializing material silentcompat:void_worm in pack SilentCompat-forge-1.20.1-1.4.0.jar
[16mai.2026 10:47:43.996] [main/INFO] [Silent Gear/]: Deserializing material silentcompat:voidmetal in pack SilentCompat-forge-1.20.1-1.4.0.jar
[16mai.2026 10:47:43.996] [main/INFO] [Silent Gear/]: Deserializing material silentcompat:wardstone_brick in pack SilentCompat-forge-1.20.1-1.4.0.jar
[16mai.2026 10:47:43.997] [main/INFO] [Silent Gear/]: Deserializing material silentcompat:weeping_vines in pack SilentCompat-forge-1.20.1-1.4.0.jar
[16mai.2026 10:47:43.997] [main/INFO] [Silent Gear/]: Deserializing material silentcompat:whale_tooth in pack SilentCompat-forge-1.20.1-1.4.0.jar
[16mai.2026 10:47:43.997] [main/WARN] [Silent Gear/]: Material has no harvest tier, guessing it as "minecraft:wood"
[16mai.2026 10:47:43.997] [main/INFO] [Silent Gear/]: Deserializing material silentcompat:wildfire_crown_fragment in pack SilentCompat-forge-1.20.1-1.4.0.jar
[16mai.2026 10:47:43.997] [main/WARN] [Silent Gear/]: Material has no harvest tier, guessing it as "minecraft:wood"
[16mai.2026 10:47:43.997] [main/INFO] [Silent Gear/]: Deserializing material silentcompat:wither_bone in pack SilentCompat-forge-1.20.1-1.4.0.jar
[16mai.2026 10:47:43.997] [main/INFO] [Silent Gear/]: Deserializing material silentcompat:witherite in pack SilentCompat-forge-1.20.1-1.4.0.jar
[16mai.2026 10:47:43.997] [main/INFO] [Silent Gear/]: Deserializing material silentgear:wood in pack silent-gear-1.20.1-3.6.7.jar
[16mai.2026 10:47:43.997] [main/INFO] [Silent Gear/]: Deserializing material silentgear:wood/acacia in pack silent-gear-1.20.1-3.6.7.jar
[16mai.2026 10:47:43.997] [main/INFO] [Silent Gear/]: Deserializing material silentgear:wood/birch in pack silent-gear-1.20.1-3.6.7.jar
[16mai.2026 10:47:43.997] [main/INFO] [Silent Gear/]: Deserializing material silentgear:wood/crimson in pack silent-gear-1.20.1-3.6.7.jar
[16mai.2026 10:47:43.997] [main/INFO] [Silent Gear/]: Deserializing material silentgear:wood/dark_oak in pack silent-gear-1.20.1-3.6.7.jar
[16mai.2026 10:47:43.997] [main/INFO] [Silent Gear/]: Deserializing material silentgear:wood/jungle in pack silent-gear-1.20.1-3.6.7.jar
[16mai.2026 10:47:43.997] [main/INFO] [Silent Gear/]: Deserializing material silentgear:wood/oak in pack silent-gear-1.20.1-3.6.7.jar
[16mai.2026 10:47:43.998] [main/INFO] [Silent Gear/]: Deserializing material silentgear:wood/rough in pack silent-gear-1.20.1-3.6.7.jar
[16mai.2026 10:47:43.998] [main/INFO] [Silent Gear/]: Deserializing material silentgear:wood/spruce in pack silent-gear-1.20.1-3.6.7.jar
[16mai.2026 10:47:43.998] [main/INFO] [Silent Gear/]: Deserializing material silentgear:wood/warped in pack silent-gear-1.20.1-3.6.7.jar
[16mai.2026 10:47:43.998] [main/INFO] [Silent Gear/]: Deserializing material silentgear:wool in pack silent-gear-1.20.1-3.6.7.jar
[16mai.2026 10:47:43.998] [main/INFO] [Silent Gear/]: Deserializing material silentgear:wool/black in pack silent-gear-1.20.1-3.6.7.jar
[16mai.2026 10:47:43.998] [main/INFO] [Silent Gear/]: Deserializing material silentgear:wool/blue in pack silent-gear-1.20.1-3.6.7.jar
[16mai.2026 10:47:43.998] [main/INFO] [Silent Gear/]: Deserializing material silentgear:wool/brown in pack silent-gear-1.20.1-3.6.7.jar
[16mai.2026 10:47:43.998] [main/INFO] [Silent Gear/]: Deserializing material silentgear:wool/cyan in pack silent-gear-1.20.1-3.6.7.jar
[16mai.2026 10:47:43.998] [main/INFO] [Silent Gear/]: Deserializing material silentgear:wool/gray in pack silent-gear-1.20.1-3.6.7.jar
[16mai.2026 10:47:43.998] [main/INFO] [Silent Gear/]: Deserializing material silentgear:wool/green in pack silent-gear-1.20.1-3.6.7.jar
[16mai.2026 10:47:43.998] [main/INFO] [Silent Gear/]: Deserializing material silentgear:wool/light_blue in pack silent-gear-1.20.1-3.6.7.jar
[16mai.2026 10:47:43.998] [main/INFO] [Silent Gear/]: Deserializing material silentgear:wool/light_gray in pack silent-gear-1.20.1-3.6.7.jar
[16mai.2026 10:47:43.998] [main/INFO] [Silent Gear/]: Deserializing material silentgear:wool/lime in pack silent-gear-1.20.1-3.6.7.jar
[16mai.2026 10:47:43.998] [main/INFO] [Silent Gear/]: Deserializing material silentgear:wool/magenta in pack silent-gear-1.20.1-3.6.7.jar
[16mai.2026 10:47:43.998] [main/INFO] [Silent Gear/]: Deserializing material silentgear:wool/orange in pack silent-gear-1.20.1-3.6.7.jar
[16mai.2026 10:47:43.998] [main/INFO] [Silent Gear/]: Deserializing material silentgear:wool/pink in pack silent-gear-1.20.1-3.6.7.jar
[16mai.2026 10:47:43.998] [main/INFO] [Silent Gear/]: Deserializing material silentgear:wool/purple in pack silent-gear-1.20.1-3.6.7.jar
[16mai.2026 10:47:43.999] [main/INFO] [Silent Gear/]: Deserializing material silentgear:wool/red in pack silent-gear-1.20.1-3.6.7.jar
[16mai.2026 10:47:43.999] [main/INFO] [Silent Gear/]: Deserializing material silentgear:wool/white in pack silent-gear-1.20.1-3.6.7.jar
[16mai.2026 10:47:43.999] [main/INFO] [Silent Gear/]: Deserializing material silentgear:wool/yellow in pack silent-gear-1.20.1-3.6.7.jar
[16mai.2026 10:47:43.999] [main/INFO] [Silent Gear/]: Deserializing material silentcompat:xelkive in pack SilentCompat-forge-1.20.1-1.4.0.jar
[16mai.2026 10:47:43.999] [main/INFO] [Silent Gear/]: Deserializing material silentcompat:xeproda in pack SilentCompat-forge-1.20.1-1.4.0.jar
[16mai.2026 10:47:43.999] [main/INFO] [Silent Gear/]: Deserializing material silentcompat:yeti_hide in pack SilentCompat-forge-1.20.1-1.4.0.jar
[16mai.2026 10:47:43.999] [main/WARN] [Silent Gear/]: Material has no harvest tier, guessing it as "minecraft:wood"
[16mai.2026 10:47:43.999] [main/INFO] [Silent Gear/]: Deserializing material silentcompat:yttrium in pack SilentCompat-forge-1.20.1-1.4.0.jar
[16mai.2026 10:47:43.999] [main/INFO] [Silent Gear/]: Deserializing material silentcompat:zapolgium in pack SilentCompat-forge-1.20.1-1.4.0.jar
[16mai.2026 10:47:43.999] [main/INFO] [Silent Gear/]: Deserializing material silentgear:zinc in pack silent-gear-1.20.1-3.6.7.jar
[16mai.2026 10:47:43.999] [main/INFO] [Silent Gear/]: Deserializing material silentcompat:zirconium in pack SilentCompat-forge-1.20.1-1.4.0.jar
[16mai.2026 10:47:44.003] [Forge Version Check/INFO] [net.minecraftforge.fml.VersionChecker/]: [forge] Found status: UP_TO_DATE Current: 47.4.10 Target: null
[16mai.2026 10:47:44.003] [Forge Version Check/INFO] [net.minecraftforge.fml.VersionChecker/]: [silentgear] Starting version check at https://raw.githubusercontent.com/SilentChaos512/Silent-Gear/1.19.x/update.json
[16mai.2026 10:47:44.019] [Forge Version Check/INFO] [net.minecraftforge.fml.VersionChecker/]: [silentgear] Found status: BETA Current: 3.6.7 Target: null
[16mai.2026 10:47:44.020] [Forge Version Check/INFO] [net.minecraftforge.fml.VersionChecker/]: [fastitemframes] Starting version check at https://raw.githubusercontent.com/Fuzss/modresources/main/update/fastitemframes.json
[16mai.2026 10:47:44.041] [Forge Version Check/INFO] [net.minecraftforge.fml.VersionChecker/]: [fastitemframes] Found status: UP_TO_DATE Current: 20.1.5 Target: null
[16mai.2026 10:47:44.041] [Forge Version Check/INFO] [net.minecraftforge.fml.VersionChecker/]: [bookshelf] Starting version check at https://updates.blamejared.com/get?n=bookshelf&gv=1.20.1
[16mai.2026 10:47:44.067] [main/INFO] [enderio/]: Data loader for eio_soul/spawner loaded 73 jsons
[16mai.2026 10:47:44.067] [main/INFO] [enderio/]: Data loader for eio_soul/engine loaded 5 jsons
[16mai.2026 10:47:44.071] [main/INFO] [Apotheosis : Enchantment/]: Registered 31 enchanting_stats.
[16mai.2026 10:47:44.077] [main/INFO] [placebo/]: Registered 16 gear_sets.
[16mai.2026 10:47:44.078] [main/INFO] [Apotheosis : Adventure/]: Registered 6 rarities.
[16mai.2026 10:47:44.083] [main/INFO] [Apotheosis : Adventure/]: Registered 87 affixes.
[16mai.2026 10:47:44.087] [main/WARN] [Apotheosis : Adventure/]: Insufficient number of affixes to satisfy the loot rules (ignoring backup rules) of rarity apotheosis:mythic for category helmetRequired: 3; Provided: 2
[16mai.2026 10:47:44.087] [main/WARN] [Apotheosis : Adventure/]: Insufficient number of affixes to satisfy the loot rules (ignoring backup rules) of rarity apotheosis:mythic for category bootsRequired: 3; Provided: 2
[16mai.2026 10:47:44.088] [main/WARN] [Apotheosis : Adventure/]: Insufficient number of affixes to satisfy the loot rules (ignoring backup rules) of rarity apotheosis:ancient for category bowRequired: 5; Provided: 4
[16mai.2026 10:47:44.088] [main/WARN] [Apotheosis : Adventure/]: Insufficient number of affixes to satisfy the loot rules (ignoring backup rules) of rarity apotheosis:ancient for category crossbowRequired: 5; Provided: 4
[16mai.2026 10:47:44.088] [main/WARN] [Apotheosis : Adventure/]: Insufficient number of affixes to satisfy the loot rules (ignoring backup rules) of rarity apotheosis:ancient for category pickaxeRequired: 5; Provided: 4
[16mai.2026 10:47:44.088] [main/WARN] [Apotheosis : Adventure/]: Insufficient number of affixes to satisfy the loot rules (ignoring backup rules) of rarity apotheosis:ancient for category shovelRequired: 5; Provided: 4
[16mai.2026 10:47:44.088] [main/WARN] [Apotheosis : Adventure/]: Insufficient number of affixes to satisfy the loot rules (ignoring backup rules) of rarity apotheosis:ancient for category helmetRequired: 4; Provided: 2
[16mai.2026 10:47:44.088] [main/WARN] [Apotheosis : Adventure/]: Insufficient number of affixes to satisfy the loot rules (ignoring backup rules) of rarity apotheosis:ancient for category bootsRequired: 4; Provided: 2
[16mai.2026 10:47:44.094] [main/INFO] [Apotheosis : Adventure/]: Registered 32 gems.
[16mai.2026 10:47:44.098] [main/INFO] [Apotheosis : Adventure/]: Registered 67 affix_loot_entries.
[16mai.2026 10:47:44.099] [main/INFO] [botania/]: Loaded 30 Loonium configurations
[16mai.2026 10:47:44.101] [main/INFO] [Apotheosis : Adventure/]: Registered 17 bosses.
[16mai.2026 10:47:44.103] [main/INFO] [Apotheosis : Adventure/]: Registered 8 rogue_spawners.
[16mai.2026 10:47:44.104] [main/INFO] [Apotheosis : Adventure/]: Registered 5 minibosses.
[16mai.2026 10:47:44.106] [main/INFO] [Apotheosis : Village/]: Registered 28 wanderer_trades.
[16mai.2026 10:47:44.332] [Forge Version Check/INFO] [net.minecraftforge.fml.VersionChecker/]: [bookshelf] Found status: BETA Current: 20.2.15 Target: 20.2.15
[16mai.2026 10:47:44.332] [Forge Version Check/INFO] [net.minecraftforge.fml.VersionChecker/]: [mcwdoors] Starting version check at https://raw.githubusercontent.com/sketchmacaw/macawsmods/master/doors.json
[16mai.2026 10:47:44.349] [Forge Version Check/INFO] [net.minecraftforge.fml.VersionChecker/]: [mcwdoors] Found status: AHEAD Current: 1.1.5 Target: null
[16mai.2026 10:47:44.349] [Forge Version Check/INFO] [net.minecraftforge.fml.VersionChecker/]: [mcwfences] Starting version check at https://raw.githubusercontent.com/sketchmacaw/macawsmods/master/fences.json
[16mai.2026 10:47:44.366] [Forge Version Check/INFO] [net.minecraftforge.fml.VersionChecker/]: [mcwfences] Found status: UP_TO_DATE Current: 1.2.1 Target: null
[16mai.2026 10:47:44.366] [Forge Version Check/INFO] [net.minecraftforge.fml.VersionChecker/]: [dungeons_enhanced] Starting version check at https://raw.githubusercontent.com/Ametrin-Studios/DungeonsEnhanced/refs/heads/master/update.json
[16mai.2026 10:47:44.377] [main/INFO] [rechiseled/]: Loaded 274 chiseling recipes
[16mai.2026 10:47:44.383] [Forge Version Check/INFO] [net.minecraftforge.fml.VersionChecker/]: [dungeons_enhanced] Found status: UP_TO_DATE Current: 5.4.3 Target: null
[16mai.2026 10:47:44.384] [Forge Version Check/INFO] [net.minecraftforge.fml.VersionChecker/]: [bigreactors] Starting version check at https://raw.githubusercontent.com/ZeroNoRyouki/ModUpdates/master/ExtremeReactors2.json
[16mai.2026 10:47:44.502] [main/INFO] [Cucumber Library/]: Loaded cucumber-tags.json in 1 ms
[16mai.2026 10:47:44.510] [main/WARN] [ModernFix/]: Initial datapack load took 5.903 s
[16mai.2026 10:47:44.552] [Forge Version Check/INFO] [net.minecraftforge.fml.VersionChecker/]: [bigreactors] Found status: OUTDATED Current: 1.20.1-2.0.84 Target: 1.20.1-2.0.97
[16mai.2026 10:47:44.552] [Forge Version Check/INFO] [net.minecraftforge.fml.VersionChecker/]: [cucumber] Starting version check at https://api.blakesmods.com/v2/mods/cucumber/1.20/updates
[16mai.2026 10:47:44.700] [Forge Version Check/INFO] [net.minecraftforge.fml.VersionChecker/]: [cucumber] Found status: UP_TO_DATE Current: 7.0.16 Target: null
[16mai.2026 10:47:44.701] [Forge Version Check/INFO] [net.minecraftforge.fml.VersionChecker/]: [copycats] Starting version check at https://raw.githubusercontent.com/copycats-plus/copycats/multiloader/update.json
[16mai.2026 10:47:44.718] [Forge Version Check/INFO] [net.minecraftforge.fml.VersionChecker/]: [copycats] Found status: AHEAD Current: 3.0.7+mc.1.20.1-forge Target: null
[16mai.2026 10:47:44.718] [Forge Version Check/INFO] [net.minecraftforge.fml.VersionChecker/]: [mcwpaintings] Starting version check at https://raw.githubusercontent.com/sketchmacaw/macawsmods/master/paintings.json
[16mai.2026 10:47:44.731] [Forge Version Check/INFO] [net.minecraftforge.fml.VersionChecker/]: [mcwpaintings] Found status: AHEAD Current: 1.1.0 Target: null
[16mai.2026 10:47:44.731] [Forge Version Check/INFO] [net.minecraftforge.fml.VersionChecker/]: [clumps] Starting version check at https://updates.blamejared.com/get?n=clumps&gv=1.20.1
[16mai.2026 10:47:44.839] [Server thread/INFO] [net.minecraft.server.dedicated.DedicatedServer/]: Starting minecraft server version 1.20.1
[16mai.2026 10:47:44.840] [Server thread/INFO] [net.minecraft.server.dedicated.DedicatedServer/]: Loading properties
[16mai.2026 10:47:44.840] [Server thread/INFO] [net.minecraft.server.dedicated.DedicatedServer/]: Default game type: SURVIVAL
[16mai.2026 10:47:44.840] [Server thread/INFO] [net.minecraft.server.MinecraftServer/]: Generating keypair
[16mai.2026 10:47:44.888] [Server thread/INFO] [net.minecraft.server.dedicated.DedicatedServer/]: Starting Minecraft server on *:25565
[16mai.2026 10:47:44.912] [Server thread/INFO] [net.minecraft.server.network.ServerConnectionListener/]: Using default channel type
[16mai.2026 10:47:44.975] [Server thread/WARN] [net.minecraft.server.dedicated.DedicatedServer/]: **** SERVER IS RUNNING IN OFFLINE/INSECURE MODE!
[16mai.2026 10:47:44.975] [Server thread/WARN] [net.minecraft.server.dedicated.DedicatedServer/]: The server will make no attempt to authenticate usernames. Beware.
[16mai.2026 10:47:44.975] [Server thread/WARN] [net.minecraft.server.dedicated.DedicatedServer/]: While this makes the game possible to play without internet access, it also opens up the ability for hackers to connect with any username they choose.
[16mai.2026 10:47:44.975] [Server thread/WARN] [net.minecraft.server.dedicated.DedicatedServer/]: To change this, set "online-mode" to "true" in the server.properties file.
[16mai.2026 10:47:44.989] [Forge Version Check/INFO] [net.minecraftforge.fml.VersionChecker/]: [clumps] Found status: BETA Current: 12.0.0.4 Target: 12.0.0.4
[16mai.2026 10:47:44.989] [Forge Version Check/INFO] [net.minecraftforge.fml.VersionChecker/]: [moonlight] Starting version check at https://api.modrinth.com/updates/moonlight/forge_updates.json
[16mai.2026 10:47:44.992] [Server thread/INFO] [com.tom.storagemod.StorageMod/]: Loaded Tom's Simple Storage config file toms_storage-server.toml
[16mai.2026 10:47:45.046] [Server thread/INFO] [FluxNetworks/Energy]: Energy blacklist loaded: 1 block entries, 0 item entries
[16mai.2026 10:47:45.048] [Server thread/WARN] [net.minecraftforge.common.ForgeConfigSpec/CORE]: Configuration file /Users/mac407/Desktop/server-files-ModpackResenheiro/config/ars_elemental/glyph_watery_grave.toml is not correct. Correcting
[16mai.2026 10:47:45.049] [Server thread/WARN] [net.minecraftforge.common.ForgeConfigSpec/CORE]: Incorrect key general was corrected from null to its default, SimpleCommentedConfig:{}. 
[16mai.2026 10:47:45.049] [Server thread/WARN] [net.minecraftforge.common.ForgeConfigSpec/CORE]: Incorrect key general.enabled was corrected from null to its default, true. 
[16mai.2026 10:47:45.049] [Server thread/WARN] [net.minecraftforge.common.ForgeConfigSpec/CORE]: Incorrect key general.cost was corrected from null to its default, 25. 
[16mai.2026 10:47:45.049] [Server thread/WARN] [net.minecraftforge.common.ForgeConfigSpec/CORE]: Incorrect key general.starter was corrected from null to its default, false. 
[16mai.2026 10:47:45.049] [Server thread/WARN] [net.minecraftforge.common.ForgeConfigSpec/CORE]: Incorrect key general.per_spell_limit was corrected from null to its default, 2147483647. 
[16mai.2026 10:47:45.049] [Server thread/WARN] [net.minecraftforge.common.ForgeConfigSpec/CORE]: Incorrect key general.glyph_tier was corrected from null to its default, 2. 
[16mai.2026 10:47:45.050] [Server thread/WARN] [net.minecraftforge.common.ForgeConfigSpec/CORE]: Incorrect key general.augment_limits was corrected from null to its default, [ars_nouveau:glyph_amplify=2]. 
[16mai.2026 10:47:45.050] [Server thread/WARN] [net.minecraftforge.common.ForgeConfigSpec/CORE]: Incorrect key general.augment_cost_overrides was corrected from null to its default, []. 
[16mai.2026 10:47:45.050] [Server thread/WARN] [net.minecraftforge.common.ForgeConfigSpec/CORE]: Incorrect key general.invalid_combos was corrected from null to its default, []. 
[16mai.2026 10:47:45.050] [Server thread/WARN] [net.minecraftforge.common.ForgeConfigSpec/CORE]: Incorrect key general.potion_time was corrected from null to its default, 30. 
[16mai.2026 10:47:45.050] [Server thread/WARN] [net.minecraftforge.common.ForgeConfigSpec/CORE]: Incorrect key general.extend_time was corrected from null to its default, 8. 
[16mai.2026 10:47:45.050] [Server thread/WARN] [net.minecraftforge.common.ForgeConfigSpec/CORE]: Incorrect key general.damage was corrected from null to its default, 5.0. 
[16mai.2026 10:47:45.050] [Server thread/WARN] [net.minecraftforge.common.ForgeConfigSpec/CORE]: Incorrect key general.amplify was corrected from null to its default, 2.0. 
[16mai.2026 10:47:45.051] [Server thread/WARN] [net.minecraftforge.common.ForgeConfigSpec/CORE]: Configuration file /Users/mac407/Desktop/server-files-ModpackResenheiro/config/ars_elemental/glyph_bubble_shield.toml is not correct. Correcting
[16mai.2026 10:47:45.051] [Server thread/WARN] [net.minecraftforge.common.ForgeConfigSpec/CORE]: Incorrect key general was corrected from null to its default, SimpleCommentedConfig:{}. 
[16mai.2026 10:47:45.051] [Server thread/WARN] [net.minecraftforge.common.ForgeConfigSpec/CORE]: Incorrect key general.enabled was corrected from null to its default, true. 
[16mai.2026 10:47:45.051] [Server thread/WARN] [net.minecraftforge.common.ForgeConfigSpec/CORE]: Incorrect key general.cost was corrected from null to its default, 400. 
[16mai.2026 10:47:45.051] [Server thread/WARN] [net.minecraftforge.common.ForgeConfigSpec/CORE]: Incorrect key general.starter was corrected from null to its default, false. 
[16mai.2026 10:47:45.051] [Server thread/WARN] [net.minecraftforge.common.ForgeConfigSpec/CORE]: Incorrect key general.per_spell_limit was corrected from null to its default, 2147483647. 
[16mai.2026 10:47:45.051] [Server thread/WARN] [net.minecraftforge.common.ForgeConfigSpec/CORE]: Incorrect key general.glyph_tier was corrected from null to its default, 2. 
[16mai.2026 10:47:45.051] [Server thread/WARN] [net.minecraftforge.common.ForgeConfigSpec/CORE]: Incorrect key general.augment_limits was corrected from null to its default, []. 
[16mai.2026 10:47:45.051] [Server thread/WARN] [net.minecraftforge.common.ForgeConfigSpec/CORE]: Incorrect key general.augment_cost_overrides was corrected from null to its default, []. 
[16mai.2026 10:47:45.051] [Server thread/WARN] [net.minecraftforge.common.ForgeConfigSpec/CORE]: Incorrect key general.invalid_combos was corrected from null to its default, []. 
[16mai.2026 10:47:45.051] [Server thread/WARN] [net.minecraftforge.common.ForgeConfigSpec/CORE]: Incorrect key general.potion_time was corrected from null to its default, 30. 
[16mai.2026 10:47:45.051] [Server thread/WARN] [net.minecraftforge.common.ForgeConfigSpec/CORE]: Incorrect key general.extend_time was corrected from null to its default, 8. 
[16mai.2026 10:47:45.052] [Server thread/WARN] [net.minecraftforge.common.ForgeConfigSpec/CORE]: Incorrect key general.absorption_cost was corrected from null to its default, 350. 
[16mai.2026 10:47:45.052] [Server thread/WARN] [net.minecraftforge.common.ForgeConfigSpec/CORE]: Configuration file /Users/mac407/Desktop/server-files-ModpackResenheiro/config/ars_elemental/glyph_conjure_terrain.toml is not correct. Correcting
[16mai.2026 10:47:45.052] [Server thread/WARN] [net.minecraftforge.common.ForgeConfigSpec/CORE]: Incorrect key general was corrected from null to its default, SimpleCommentedConfig:{}. 
[16mai.2026 10:47:45.052] [Server thread/WARN] [net.minecraftforge.common.ForgeConfigSpec/CORE]: Incorrect key general.enabled was corrected from null to its default, true. 
[16mai.2026 10:47:45.052] [Server thread/WARN] [net.minecraftforge.common.ForgeConfigSpec/CORE]: Incorrect key general.cost was corrected from null to its default, 20. 
[16mai.2026 10:47:45.052] [Server thread/WARN] [net.minecraftforge.common.ForgeConfigSpec/CORE]: Incorrect key general.starter was corrected from null to its default, false. 
[16mai.2026 10:47:45.053] [Server thread/WARN] [net.minecraftforge.common.ForgeConfigSpec/CORE]: Incorrect key general.per_spell_limit was corrected from null to its default, 2147483647. 
[16mai.2026 10:47:45.053] [Server thread/WARN] [net.minecraftforge.common.ForgeConfigSpec/CORE]: Incorrect key general.glyph_tier was corrected from null to its default, 1. 
[16mai.2026 10:47:45.053] [Server thread/WARN] [net.minecraftforge.common.ForgeConfigSpec/CORE]: Incorrect key general.augment_limits was corrected from null to its default, [ars_nouveau:glyph_amplify=2]. 
[16mai.2026 10:47:45.053] [Server thread/WARN] [net.minecraftforge.common.ForgeConfigSpec/CORE]: Incorrect key general.augment_cost_overrides was corrected from null to its default, []. 
[16mai.2026 10:47:45.053] [Server thread/WARN] [net.minecraftforge.common.ForgeConfigSpec/CORE]: Incorrect key general.invalid_combos was corrected from null to its default, []. 
[16mai.2026 10:47:45.053] [Server thread/WARN] [net.minecraftforge.common.ForgeConfigSpec/CORE]: Configuration file /Users/mac407/Desktop/server-files-ModpackResenheiro/config/ars_elemental/glyph_charm.toml is not correct. Correcting
[16mai.2026 10:47:45.054] [Server thread/WARN] [net.minecraftforge.common.ForgeConfigSpec/CORE]: Incorrect key general was corrected from null to its default, SimpleCommentedConfig:{}. 
[16mai.2026 10:47:45.054] [Server thread/WARN] [net.minecraftforge.common.ForgeConfigSpec/CORE]: Incorrect key general.enabled was corrected from null to its default, true. 
[16mai.2026 10:47:45.054] [Server thread/WARN] [net.minecraftforge.common.ForgeConfigSpec/CORE]: Incorrect key general.cost was corrected from null to its default, 30. 
[16mai.2026 10:47:45.054] [Server thread/WARN] [net.minecraftforge.common.ForgeConfigSpec/CORE]: Incorrect key general.starter was corrected from null to its default, false. 
[16mai.2026 10:47:45.054] [Server thread/WARN] [net.minecraftforge.common.ForgeConfigSpec/CORE]: Incorrect key general.per_spell_limit was corrected from null to its default, 2147483647. 
[16mai.2026 10:47:45.054] [Server thread/WARN] [net.minecraftforge.common.ForgeConfigSpec/CORE]: Incorrect key general.glyph_tier was corrected from null to its default, 2. 
[16mai.2026 10:47:45.054] [Server thread/WARN] [net.minecraftforge.common.ForgeConfigSpec/CORE]: Incorrect key general.augment_limits was corrected from null to its default, []. 
[16mai.2026 10:47:45.054] [Server thread/WARN] [net.minecraftforge.common.ForgeConfigSpec/CORE]: Incorrect key general.augment_cost_overrides was corrected from null to its default, []. 
[16mai.2026 10:47:45.054] [Server thread/WARN] [net.minecraftforge.common.ForgeConfigSpec/CORE]: Incorrect key general.invalid_combos was corrected from null to its default, []. 
[16mai.2026 10:47:45.054] [Server thread/WARN] [net.minecraftforge.common.ForgeConfigSpec/CORE]: Incorrect key general.potion_time was corrected from null to its default, 30. 
[16mai.2026 10:47:45.054] [Server thread/WARN] [net.minecraftforge.common.ForgeConfigSpec/CORE]: Incorrect key general.extend_time was corrected from null to its default, 8. 
[16mai.2026 10:47:45.054] [Server thread/WARN] [net.minecraftforge.common.ForgeConfigSpec/CORE]: Incorrect key general.charm_hp_limit was corrected from null to its default, 150. 
[16mai.2026 10:47:45.055] [Server thread/WARN] [net.minecraftforge.common.ForgeConfigSpec/CORE]: Configuration file /Users/mac407/Desktop/server-files-ModpackResenheiro/config/ars_elemental/glyph_phantom_grasp.toml is not correct. Correcting
[16mai.2026 10:47:45.055] [Server thread/WARN] [net.minecraftforge.common.ForgeConfigSpec/CORE]: Incorrect key general was corrected from null to its default, SimpleCommentedConfig:{}. 
[16mai.2026 10:47:45.055] [Server thread/WARN] [net.minecraftforge.common.ForgeConfigSpec/CORE]: Incorrect key general.enabled was corrected from null to its default, true. 
[16mai.2026 10:47:45.055] [Server thread/WARN] [net.minecraftforge.common.ForgeConfigSpec/CORE]: Incorrect key general.cost was corrected from null to its default, 50. 
[16mai.2026 10:47:45.056] [Server thread/WARN] [net.minecraftforge.common.ForgeConfigSpec/CORE]: Incorrect key general.starter was corrected from null to its default, false. 
[16mai.2026 10:47:45.056] [Server thread/WARN] [net.minecraftforge.common.ForgeConfigSpec/CORE]: Incorrect key general.per_spell_limit was corrected from null to its default, 2147483647. 
[16mai.2026 10:47:45.056] [Server thread/WARN] [net.minecraftforge.common.ForgeConfigSpec/CORE]: Incorrect key general.glyph_tier was corrected from null to its default, 2. 
[16mai.2026 10:47:45.056] [Server thread/WARN] [net.minecraftforge.common.ForgeConfigSpec/CORE]: Incorrect key general.augment_limits was corrected from null to its default, [ars_nouveau:glyph_amplify=3]. 
[16mai.2026 10:47:45.056] [Server thread/WARN] [net.minecraftforge.common.ForgeConfigSpec/CORE]: Incorrect key general.augment_cost_overrides was corrected from null to its default, []. 
[16mai.2026 10:47:45.056] [Server thread/WARN] [net.minecraftforge.common.ForgeConfigSpec/CORE]: Incorrect key general.invalid_combos was corrected from null to its default, []. 
[16mai.2026 10:47:45.056] [Server thread/WARN] [net.minecraftforge.common.ForgeConfigSpec/CORE]: Incorrect key general.base_heal was corrected from null to its default, 3.0. 
[16mai.2026 10:47:45.056] [Server thread/WARN] [net.minecraftforge.common.ForgeConfigSpec/CORE]: Incorrect key general.amplify was corrected from null to its default, 3.0. 
[16mai.2026 10:47:45.057] [Server thread/WARN] [net.minecraftforge.common.ForgeConfigSpec/CORE]: Configuration file /Users/mac407/Desktop/server-files-ModpackResenheiro/config/ars_elemental/glyph_life_link.toml is not correct. Correcting
[16mai.2026 10:47:45.057] [Server thread/WARN] [net.minecraftforge.common.ForgeConfigSpec/CORE]: Incorrect key general was corrected from null to its default, SimpleCommentedConfig:{}. 
[16mai.2026 10:47:45.058] [Server thread/WARN] [net.minecraftforge.common.ForgeConfigSpec/CORE]: Incorrect key general.enabled was corrected from null to its default, true. 
[16mai.2026 10:47:45.058] [Server thread/WARN] [net.minecraftforge.common.ForgeConfigSpec/CORE]: Incorrect key general.cost was corrected from null to its default, 30. 
[16mai.2026 10:47:45.058] [Server thread/WARN] [net.minecraftforge.common.ForgeConfigSpec/CORE]: Incorrect key general.starter was corrected from null to its default, false. 
[16mai.2026 10:47:45.058] [Server thread/WARN] [net.minecraftforge.common.ForgeConfigSpec/CORE]: Incorrect key general.per_spell_limit was corrected from null to its default, 2147483647. 
[16mai.2026 10:47:45.058] [Server thread/WARN] [net.minecraftforge.common.ForgeConfigSpec/CORE]: Incorrect key general.glyph_tier was corrected from null to its default, 3. 
[16mai.2026 10:47:45.058] [Server thread/WARN] [net.minecraftforge.common.ForgeConfigSpec/CORE]: Incorrect key general.augment_limits was corrected from null to its default, []. 
[16mai.2026 10:47:45.058] [Server thread/WARN] [net.minecraftforge.common.ForgeConfigSpec/CORE]: Incorrect key general.augment_cost_overrides was corrected from null to its default, []. 
[16mai.2026 10:47:45.058] [Server thread/WARN] [net.minecraftforge.common.ForgeConfigSpec/CORE]: Incorrect key general.invalid_combos was corrected from null to its default, []. 
[16mai.2026 10:47:45.058] [Server thread/WARN] [net.minecraftforge.common.ForgeConfigSpec/CORE]: Incorrect key general.potion_time was corrected from null to its default, 30. 
[16mai.2026 10:47:45.058] [Server thread/WARN] [net.minecraftforge.common.ForgeConfigSpec/CORE]: Incorrect key general.extend_time was corrected from null to its default, 8. 
[16mai.2026 10:47:45.059] [Server thread/WARN] [net.minecraftforge.common.ForgeConfigSpec/CORE]: Configuration file /Users/mac407/Desktop/server-files-ModpackResenheiro/config/ars_elemental/glyph_poison_spores.toml is not correct. Correcting
[16mai.2026 10:47:45.059] [Server thread/WARN] [net.minecraftforge.common.ForgeConfigSpec/CORE]: Incorrect key general was corrected from null to its default, SimpleCommentedConfig:{}. 
[16mai.2026 10:47:45.059] [Server thread/WARN] [net.minecraftforge.common.ForgeConfigSpec/CORE]: Incorrect key general.enabled was corrected from null to its default, true. 
[16mai.2026 10:47:45.059] [Server thread/WARN] [net.minecraftforge.common.ForgeConfigSpec/CORE]: Incorrect key general.cost was corrected from null to its default, 30. 
[16mai.2026 10:47:45.059] [Server thread/WARN] [net.minecraftforge.common.ForgeConfigSpec/CORE]: Incorrect key general.starter was corrected from null to its default, false. 
[16mai.2026 10:47:45.059] [Server thread/WARN] [net.minecraftforge.common.ForgeConfigSpec/CORE]: Incorrect key general.per_spell_limit was corrected from null to its default, 2147483647. 
[16mai.2026 10:47:45.060] [Server thread/WARN] [net.minecraftforge.common.ForgeConfigSpec/CORE]: Incorrect key general.glyph_tier was corrected from null to its default, 2. 
[16mai.2026 10:47:45.060] [Server thread/WARN] [net.minecraftforge.common.ForgeConfigSpec/CORE]: Incorrect key general.augment_limits was corrected from null to its default, [ars_nouveau:glyph_amplify=2]. 
[16mai.2026 10:47:45.060] [Server thread/WARN] [net.minecraftforge.common.ForgeConfigSpec/CORE]: Incorrect key general.augment_cost_overrides was corrected from null to its default, []. 
[16mai.2026 10:47:45.060] [Server thread/WARN] [net.minecraftforge.common.ForgeConfigSpec/CORE]: Incorrect key general.invalid_combos was corrected from null to its default, []. 
[16mai.2026 10:47:45.061] [Server thread/WARN] [net.minecraftforge.common.ForgeConfigSpec/CORE]: Incorrect key general.damage was corrected from null to its default, 6.0. 
[16mai.2026 10:47:45.061] [Server thread/WARN] [net.minecraftforge.common.ForgeConfigSpec/CORE]: Incorrect key general.amplify was corrected from null to its default, 2.5. 
[16mai.2026 10:47:45.062] [Server thread/WARN] [net.minecraftforge.common.ForgeConfigSpec/CORE]: Incorrect key general.potion_time was corrected from null to its default, 10. 
[16mai.2026 10:47:45.062] [Server thread/WARN] [net.minecraftforge.common.ForgeConfigSpec/CORE]: Incorrect key general.extend_time was corrected from null to its default, 60. 
[16mai.2026 10:47:45.064] [Server thread/WARN] [net.minecraftforge.common.ForgeConfigSpec/CORE]: Configuration file /Users/mac407/Desktop/server-files-ModpackResenheiro/config/ars_elemental/glyph_discharge.toml is not correct. Correcting
[16mai.2026 10:47:45.064] [Server thread/WARN] [net.minecraftforge.common.ForgeConfigSpec/CORE]: Incorrect key general was corrected from null to its default, SimpleCommentedConfig:{}. 
[16mai.2026 10:47:45.064] [Server thread/WARN] [net.minecraftforge.common.ForgeConfigSpec/CORE]: Incorrect key general.enabled was corrected from null to its default, true. 
[16mai.2026 10:47:45.065] [Server thread/WARN] [net.minecraftforge.common.ForgeConfigSpec/CORE]: Incorrect key general.cost was corrected from null to its default, 40. 
[16mai.2026 10:47:45.065] [Server thread/WARN] [net.minecraftforge.common.ForgeConfigSpec/CORE]: Incorrect key general.starter was corrected from null to its default, false. 
[16mai.2026 10:47:45.065] [Server thread/WARN] [net.minecraftforge.common.ForgeConfigSpec/CORE]: Incorrect key general.per_spell_limit was corrected from null to its default, 2147483647. 
[16mai.2026 10:47:45.065] [Server thread/WARN] [net.minecraftforge.common.ForgeConfigSpec/CORE]: Incorrect key general.glyph_tier was corrected from null to its default, 2. 
[16mai.2026 10:47:45.065] [Server thread/WARN] [net.minecraftforge.common.ForgeConfigSpec/CORE]: Incorrect key general.augment_limits was corrected from null to its default, [ars_nouveau:glyph_amplify=2]. 
[16mai.2026 10:47:45.065] [Server thread/WARN] [net.minecraftforge.common.ForgeConfigSpec/CORE]: Incorrect key general.augment_cost_overrides was corrected from null to its default, []. 
[16mai.2026 10:47:45.065] [Server thread/WARN] [net.minecraftforge.common.ForgeConfigSpec/CORE]: Incorrect key general.invalid_combos was corrected from null to its default, []. 
[16mai.2026 10:47:45.065] [Server thread/WARN] [net.minecraftforge.common.ForgeConfigSpec/CORE]: Incorrect key general.damage was corrected from null to its default, 7.0. 
[16mai.2026 10:47:45.065] [Server thread/WARN] [net.minecraftforge.common.ForgeConfigSpec/CORE]: Incorrect key general.amplify was corrected from null to its default, 3.0. 
[16mai.2026 10:47:45.065] [Server thread/WARN] [net.minecraftforge.common.ForgeConfigSpec/CORE]: Incorrect key general.potion_time was corrected from null to its default, 15. 
[16mai.2026 10:47:45.065] [Server thread/WARN] [net.minecraftforge.common.ForgeConfigSpec/CORE]: Incorrect key general.extend_time was corrected from null to its default, 100. 
[16mai.2026 10:47:45.066] [Server thread/WARN] [net.minecraftforge.common.ForgeConfigSpec/CORE]: Configuration file /Users/mac407/Desktop/server-files-ModpackResenheiro/config/ars_elemental/glyph_envenom.toml is not correct. Correcting
[16mai.2026 10:47:45.066] [Server thread/WARN] [net.minecraftforge.common.ForgeConfigSpec/CORE]: Incorrect key general was corrected from null to its default, SimpleCommentedConfig:{}. 
[16mai.2026 10:47:45.066] [Server thread/WARN] [net.minecraftforge.common.ForgeConfigSpec/CORE]: Incorrect key general.enabled was corrected from null to its default, true. 
[16mai.2026 10:47:45.066] [Server thread/WARN] [net.minecraftforge.common.ForgeConfigSpec/CORE]: Incorrect key general.cost was corrected from null to its default, 20. 
[16mai.2026 10:47:45.066] [Server thread/WARN] [net.minecraftforge.common.ForgeConfigSpec/CORE]: Incorrect key general.starter was corrected from null to its default, false. 
[16mai.2026 10:47:45.067] [Server thread/WARN] [net.minecraftforge.common.ForgeConfigSpec/CORE]: Incorrect key general.per_spell_limit was corrected from null to its default, 2147483647. 
[16mai.2026 10:47:45.067] [Server thread/WARN] [net.minecraftforge.common.ForgeConfigSpec/CORE]: Incorrect key general.glyph_tier was corrected from null to its default, 2. 
[16mai.2026 10:47:45.067] [Server thread/WARN] [net.minecraftforge.common.ForgeConfigSpec/CORE]: Incorrect key general.augment_limits was corrected from null to its default, []. 
[16mai.2026 10:47:45.067] [Server thread/WARN] [net.minecraftforge.common.ForgeConfigSpec/CORE]: Incorrect key general.augment_cost_overrides was corrected from null to its default, []. 
[16mai.2026 10:47:45.067] [Server thread/WARN] [net.minecraftforge.common.ForgeConfigSpec/CORE]: Incorrect key general.invalid_combos was corrected from null to its default, []. 
[16mai.2026 10:47:45.067] [Server thread/WARN] [net.minecraftforge.common.ForgeConfigSpec/CORE]: Incorrect key general.potion_time was corrected from null to its default, 5. 
[16mai.2026 10:47:45.067] [Server thread/WARN] [net.minecraftforge.common.ForgeConfigSpec/CORE]: Incorrect key general.extend_time was corrected from null to its default, 100. 
[16mai.2026 10:47:45.068] [Server thread/WARN] [net.minecraftforge.common.ForgeConfigSpec/CORE]: Configuration file /Users/mac407/Desktop/server-files-ModpackResenheiro/config/ars_elemental/glyph_spike.toml is not correct. Correcting
[16mai.2026 10:47:45.068] [Server thread/WARN] [net.minecraftforge.common.ForgeConfigSpec/CORE]: Incorrect key general was corrected from null to its default, SimpleCommentedConfig:{}. 
[16mai.2026 10:47:45.068] [Server thread/WARN] [net.minecraftforge.common.ForgeConfigSpec/CORE]: Incorrect key general.enabled was corrected from null to its default, true. 
[16mai.2026 10:47:45.068] [Server thread/WARN] [net.minecraftforge.common.ForgeConfigSpec/CORE]: Incorrect key general.cost was corrected from null to its default, 30. 
[16mai.2026 10:47:45.069] [Server thread/WARN] [net.minecraftforge.common.ForgeConfigSpec/CORE]: Incorrect key general.starter was corrected from null to its default, false. 
[16mai.2026 10:47:45.069] [Server thread/WARN] [net.minecraftforge.common.ForgeConfigSpec/CORE]: Incorrect key general.per_spell_limit was corrected from null to its default, 2147483647. 
[16mai.2026 10:47:45.069] [Server thread/WARN] [net.minecraftforge.common.ForgeConfigSpec/CORE]: Incorrect key general.glyph_tier was corrected from null to its default, 2. 
[16mai.2026 10:47:45.069] [Server thread/WARN] [net.minecraftforge.common.ForgeConfigSpec/CORE]: Incorrect key general.augment_limits was corrected from null to its default, [ars_nouveau:glyph_amplify=2]. 
[16mai.2026 10:47:45.069] [Server thread/WARN] [net.minecraftforge.common.ForgeConfigSpec/CORE]: Incorrect key general.augment_cost_overrides was corrected from null to its default, []. 
[16mai.2026 10:47:45.069] [Server thread/WARN] [net.minecraftforge.common.ForgeConfigSpec/CORE]: Incorrect key general.invalid_combos was corrected from null to its default, []. 
[16mai.2026 10:47:45.069] [Server thread/WARN] [net.minecraftforge.common.ForgeConfigSpec/CORE]: Incorrect key general.damage was corrected from null to its default, 8.0. 
[16mai.2026 10:47:45.069] [Server thread/WARN] [net.minecraftforge.common.ForgeConfigSpec/CORE]: Incorrect key general.amplify was corrected from null to its default, 2.5. 
[16mai.2026 10:47:45.070] [Server thread/WARN] [net.minecraftforge.common.ForgeConfigSpec/CORE]: Configuration file /Users/mac407/Desktop/server-files-ModpackResenheiro/config/ars_elemental/glyph_spark.toml is not correct. Correcting
[16mai.2026 10:47:45.070] [Server thread/WARN] [net.minecraftforge.common.ForgeConfigSpec/CORE]: Incorrect key general was corrected from null to its default, SimpleCommentedConfig:{}. 
[16mai.2026 10:47:45.070] [Server thread/WARN] [net.minecraftforge.common.ForgeConfigSpec/CORE]: Incorrect key general.enabled was corrected from null to its default, true. 
[16mai.2026 10:47:45.070] [Server thread/WARN] [net.minecraftforge.common.ForgeConfigSpec/CORE]: Incorrect key general.cost was corrected from null to its default, 15. 
[16mai.2026 10:47:45.070] [Server thread/WARN] [net.minecraftforge.common.ForgeConfigSpec/CORE]: Incorrect key general.starter was corrected from null to its default, false. 
[16mai.2026 10:47:45.070] [Server thread/WARN] [net.minecraftforge.common.ForgeConfigSpec/CORE]: Incorrect key general.per_spell_limit was corrected from null to its default, 2147483647. 
[16mai.2026 10:47:45.071] [Server thread/WARN] [net.minecraftforge.common.ForgeConfigSpec/CORE]: Incorrect key general.glyph_tier was corrected from null to its default, 1. 
[16mai.2026 10:47:45.071] [Server thread/WARN] [net.minecraftforge.common.ForgeConfigSpec/CORE]: Incorrect key general.augment_limits was corrected from null to its default, [ars_nouveau:glyph_amplify=2]. 
[16mai.2026 10:47:45.071] [Server thread/WARN] [net.minecraftforge.common.ForgeConfigSpec/CORE]: Incorrect key general.augment_cost_overrides was corrected from null to its default, []. 
[16mai.2026 10:47:45.071] [Server thread/WARN] [net.minecraftforge.common.ForgeConfigSpec/CORE]: Incorrect key general.invalid_combos was corrected from null to its default, []. 
[16mai.2026 10:47:45.071] [Server thread/WARN] [net.minecraftforge.common.ForgeConfigSpec/CORE]: Incorrect key general.damage was corrected from null to its default, 3.0. 
[16mai.2026 10:47:45.071] [Server thread/WARN] [net.minecraftforge.common.ForgeConfigSpec/CORE]: Incorrect key general.amplify was corrected from null to its default, 1.5. 
[16mai.2026 10:47:45.071] [Server thread/WARN] [net.minecraftforge.common.ForgeConfigSpec/CORE]: Incorrect key general.potion_time was corrected from null to its default, 15. 
[16mai.2026 10:47:45.071] [Server thread/WARN] [net.minecraftforge.common.ForgeConfigSpec/CORE]: Incorrect key general.extend_time was corrected from null to its default, 100. 
[16mai.2026 10:47:45.071] [Server thread/WARN] [net.minecraftforge.common.ForgeConfigSpec/CORE]: Configuration file /Users/mac407/Desktop/server-files-ModpackResenheiro/config/ars_elemental/glyph_homing_projectile.toml is not correct. Correcting
[16mai.2026 10:47:45.072] [Server thread/WARN] [net.minecraftforge.common.ForgeConfigSpec/CORE]: Incorrect key general was corrected from null to its default, SimpleCommentedConfig:{}. 
[16mai.2026 10:47:45.072] [Server thread/WARN] [net.minecraftforge.common.ForgeConfigSpec/CORE]: Incorrect key general.enabled was corrected from null to its default, true. 
[16mai.2026 10:47:45.072] [Server thread/WARN] [net.minecraftforge.common.ForgeConfigSpec/CORE]: Incorrect key general.cost was corrected from null to its default, 75. 
[16mai.2026 10:47:45.072] [Server thread/WARN] [net.minecraftforge.common.ForgeConfigSpec/CORE]: Incorrect key general.starter was corrected from null to its default, false. 
[16mai.2026 10:47:45.072] [Server thread/WARN] [net.minecraftforge.common.ForgeConfigSpec/CORE]: Incorrect key general.per_spell_limit was corrected from null to its default, 2147483647. 
[16mai.2026 10:47:45.072] [Server thread/WARN] [net.minecraftforge.common.ForgeConfigSpec/CORE]: Incorrect key general.glyph_tier was corrected from null to its default, 3. 
[16mai.2026 10:47:45.072] [Server thread/WARN] [net.minecraftforge.common.ForgeConfigSpec/CORE]: Incorrect key general.augment_limits was corrected from null to its default, [ars_nouveau:glyph_pierce=1]. 
[16mai.2026 10:47:45.072] [Server thread/WARN] [net.minecraftforge.common.ForgeConfigSpec/CORE]: Incorrect key general.augment_cost_overrides was corrected from null to its default, []. 
[16mai.2026 10:47:45.072] [Server thread/WARN] [net.minecraftforge.common.ForgeConfigSpec/CORE]: Incorrect key general.max_lifespan was corrected from null to its default, 30. 
[16mai.2026 10:47:45.073] [Server thread/WARN] [net.minecraftforge.common.ForgeConfigSpec/CORE]: Configuration file /Users/mac407/Desktop/server-files-ModpackResenheiro/config/ars_elemental/glyph_arc_projectile.toml is not correct. Correcting
[16mai.2026 10:47:45.073] [Server thread/WARN] [net.minecraftforge.common.ForgeConfigSpec/CORE]: Incorrect key general was corrected from null to its default, SimpleCommentedConfig:{}. 
[16mai.2026 10:47:45.073] [Server thread/WARN] [net.minecraftforge.common.ForgeConfigSpec/CORE]: Incorrect key general.enabled was corrected from null to its default, true. 
[16mai.2026 10:47:45.073] [Server thread/WARN] [net.minecraftforge.common.ForgeConfigSpec/CORE]: Incorrect key general.cost was corrected from null to its default, 10. 
[16mai.2026 10:47:45.074] [Server thread/WARN] [net.minecraftforge.common.ForgeConfigSpec/CORE]: Incorrect key general.starter was corrected from null to its default, false. 
[16mai.2026 10:47:45.074] [Server thread/WARN] [net.minecraftforge.common.ForgeConfigSpec/CORE]: Incorrect key general.per_spell_limit was corrected from null to its default, 2147483647. 
[16mai.2026 10:47:45.074] [Server thread/WARN] [net.minecraftforge.common.ForgeConfigSpec/CORE]: Incorrect key general.glyph_tier was corrected from null to its default, 2. 
[16mai.2026 10:47:45.074] [Server thread/WARN] [net.minecraftforge.common.ForgeConfigSpec/CORE]: Incorrect key general.augment_limits was corrected from null to its default, []. 
[16mai.2026 10:47:45.074] [Server thread/WARN] [net.minecraftforge.common.ForgeConfigSpec/CORE]: Incorrect key general.augment_cost_overrides was corrected from null to its default, []. 
[16mai.2026 10:47:45.074] [Server thread/WARN] [net.minecraftforge.common.ForgeConfigSpec/CORE]: Incorrect key general.max_lifespan was corrected from null to its default, 60. 
[16mai.2026 10:47:45.074] [Server thread/WARN] [net.minecraftforge.common.ForgeConfigSpec/CORE]: Configuration file /Users/mac407/Desktop/server-files-ModpackResenheiro/config/ars_elemental/glyph_propagator_homing.toml is not correct. Correcting
[16mai.2026 10:47:45.074] [Server thread/WARN] [net.minecraftforge.common.ForgeConfigSpec/CORE]: Incorrect key general was corrected from null to its default, SimpleCommentedConfig:{}. 
[16mai.2026 10:47:45.074] [Server thread/WARN] [net.minecraftforge.common.ForgeConfigSpec/CORE]: Incorrect key general.enabled was corrected from null to its default, true. 
[16mai.2026 10:47:45.074] [Server thread/WARN] [net.minecraftforge.common.ForgeConfigSpec/CORE]: Incorrect key general.cost was corrected from null to its default, 400. 
[16mai.2026 10:47:45.074] [Server thread/WARN] [net.minecraftforge.common.ForgeConfigSpec/CORE]: Incorrect key general.starter was corrected from null to its default, false. 
[16mai.2026 10:47:45.074] [Server thread/WARN] [net.minecraftforge.common.ForgeConfigSpec/CORE]: Incorrect key general.per_spell_limit was corrected from null to its default, 2147483647. 
[16mai.2026 10:47:45.075] [Server thread/WARN] [net.minecraftforge.common.ForgeConfigSpec/CORE]: Incorrect key general.glyph_tier was corrected from null to its default, 3. 
[16mai.2026 10:47:45.075] [Server thread/WARN] [net.minecraftforge.common.ForgeConfigSpec/CORE]: Incorrect key general.augment_limits was corrected from null to its default, []. 
[16mai.2026 10:47:45.075] [Server thread/WARN] [net.minecraftforge.common.ForgeConfigSpec/CORE]: Incorrect key general.augment_cost_overrides was corrected from null to its default, []. 
[16mai.2026 10:47:45.075] [Server thread/WARN] [net.minecraftforge.common.ForgeConfigSpec/CORE]: Incorrect key general.invalid_combos was corrected from null to its default, []. 
[16mai.2026 10:47:45.075] [Server thread/WARN] [net.minecraftforge.common.ForgeConfigSpec/CORE]: Configuration file /Users/mac407/Desktop/server-files-ModpackResenheiro/config/ars_elemental/glyph_propagator_arc.toml is not correct. Correcting
[16mai.2026 10:47:45.075] [Server thread/WARN] [net.minecraftforge.common.ForgeConfigSpec/CORE]: Incorrect key general was corrected from null to its default, SimpleCommentedConfig:{}. 
[16mai.2026 10:47:45.075] [Server thread/WARN] [net.minecraftforge.common.ForgeConfigSpec/CORE]: Incorrect key general.enabled was corrected from null to its default, true. 
[16mai.2026 10:47:45.075] [Server thread/WARN] [net.minecraftforge.common.ForgeConfigSpec/CORE]: Incorrect key general.cost was corrected from null to its default, 200. 
[16mai.2026 10:47:45.075] [Server thread/WARN] [net.minecraftforge.common.ForgeConfigSpec/CORE]: Incorrect key general.starter was corrected from null to its default, false. 
[16mai.2026 10:47:45.076] [Server thread/WARN] [net.minecraftforge.common.ForgeConfigSpec/CORE]: Incorrect key general.per_spell_limit was corrected from null to its default, 2147483647. 
[16mai.2026 10:47:45.076] [Server thread/WARN] [net.minecraftforge.common.ForgeConfigSpec/CORE]: Incorrect key general.glyph_tier was corrected from null to its default, 2. 
[16mai.2026 10:47:45.076] [Server thread/WARN] [net.minecraftforge.common.ForgeConfigSpec/CORE]: Incorrect key general.augment_limits was corrected from null to its default, []. 
[16mai.2026 10:47:45.076] [Server thread/WARN] [net.minecraftforge.common.ForgeConfigSpec/CORE]: Incorrect key general.augment_cost_overrides was corrected from null to its default, []. 
[16mai.2026 10:47:45.076] [Server thread/WARN] [net.minecraftforge.common.ForgeConfigSpec/CORE]: Incorrect key general.invalid_combos was corrected from null to its default, []. 
[16mai.2026 10:47:45.076] [Server thread/WARN] [net.minecraftforge.common.ForgeConfigSpec/CORE]: Configuration file /Users/mac407/Desktop/server-files-ModpackResenheiro/config/ars_elemental/glyph_aquatic_filter.toml is not correct. Correcting
[16mai.2026 10:47:45.076] [Server thread/WARN] [net.minecraftforge.common.ForgeConfigSpec/CORE]: Incorrect key general was corrected from null to its default, SimpleCommentedConfig:{}. 
[16mai.2026 10:47:45.076] [Server thread/WARN] [net.minecraftforge.common.ForgeConfigSpec/CORE]: Incorrect key general.enabled was corrected from null to its default, true. 
[16mai.2026 10:47:45.077] [Server thread/WARN] [net.minecraftforge.common.ForgeConfigSpec/CORE]: Incorrect key general.cost was corrected from null to its default, 0. 
[16mai.2026 10:47:45.077] [Server thread/WARN] [net.minecraftforge.common.ForgeConfigSpec/CORE]: Incorrect key general.starter was corrected from null to its default, false. 
[16mai.2026 10:47:45.077] [Server thread/WARN] [net.minecraftforge.common.ForgeConfigSpec/CORE]: Incorrect key general.per_spell_limit was corrected from null to its default, 2147483647. 
[16mai.2026 10:47:45.077] [Server thread/WARN] [net.minecraftforge.common.ForgeConfigSpec/CORE]: Incorrect key general.glyph_tier was corrected from null to its default, 1. 
[16mai.2026 10:47:45.077] [Server thread/WARN] [net.minecraftforge.common.ForgeConfigSpec/CORE]: Incorrect key general.augment_limits was corrected from null to its default, []. 
[16mai.2026 10:47:45.077] [Server thread/WARN] [net.minecraftforge.common.ForgeConfigSpec/CORE]: Incorrect key general.augment_cost_overrides was corrected from null to its default, []. 
[16mai.2026 10:47:45.077] [Server thread/WARN] [net.minecraftforge.common.ForgeConfigSpec/CORE]: Incorrect key general.invalid_combos was corrected from null to its default, []. 
[16mai.2026 10:47:45.078] [Server thread/WARN] [net.minecraftforge.common.ForgeConfigSpec/CORE]: Configuration file /Users/mac407/Desktop/server-files-ModpackResenheiro/config/ars_elemental/glyph_not_aquatic_filter.toml is not correct. Correcting
[16mai.2026 10:47:45.079] [Server thread/WARN] [net.minecraftforge.common.ForgeConfigSpec/CORE]: Incorrect key general was corrected from null to its default, SimpleCommentedConfig:{}. 
[16mai.2026 10:47:45.080] [Server thread/WARN] [net.minecraftforge.common.ForgeConfigSpec/CORE]: Incorrect key general.enabled was corrected from null to its default, true. 
[16mai.2026 10:47:45.080] [Server thread/WARN] [net.minecraftforge.common.ForgeConfigSpec/CORE]: Incorrect key general.cost was corrected from null to its default, 0. 
[16mai.2026 10:47:45.080] [Server thread/WARN] [net.minecraftforge.common.ForgeConfigSpec/CORE]: Incorrect key general.starter was corrected from null to its default, false. 
[16mai.2026 10:47:45.080] [Server thread/WARN] [net.minecraftforge.common.ForgeConfigSpec/CORE]: Incorrect key general.per_spell_limit was corrected from null to its default, 2147483647. 
[16mai.2026 10:47:45.080] [Server thread/WARN] [net.minecraftforge.common.ForgeConfigSpec/CORE]: Incorrect key general.glyph_tier was corrected from null to its default, 1. 
[16mai.2026 10:47:45.080] [Server thread/WARN] [net.minecraftforge.common.ForgeConfigSpec/CORE]: Incorrect key general.augment_limits was corrected from null to its default, []. 
[16mai.2026 10:47:45.080] [Server thread/WARN] [net.minecraftforge.common.ForgeConfigSpec/CORE]: Incorrect key general.augment_cost_overrides was corrected from null to its default, []. 
[16mai.2026 10:47:45.080] [Server thread/WARN] [net.minecraftforge.common.ForgeConfigSpec/CORE]: Incorrect key general.invalid_combos was corrected from null to its default, []. 
[16mai.2026 10:47:45.081] [Server thread/WARN] [net.minecraftforge.common.ForgeConfigSpec/CORE]: Configuration file /Users/mac407/Desktop/server-files-ModpackResenheiro/config/ars_elemental/glyph_fiery_filter.toml is not correct. Correcting
[16mai.2026 10:47:45.081] [Server thread/WARN] [net.minecraftforge.common.ForgeConfigSpec/CORE]: Incorrect key general was corrected from null to its default, SimpleCommentedConfig:{}. 
[16mai.2026 10:47:45.081] [Server thread/WARN] [net.minecraftforge.common.ForgeConfigSpec/CORE]: Incorrect key general.enabled was corrected from null to its default, true. 
[16mai.2026 10:47:45.081] [Server thread/WARN] [net.minecraftforge.common.ForgeConfigSpec/CORE]: Incorrect key general.cost was corrected from null to its default, 0. 
[16mai.2026 10:47:45.081] [Server thread/WARN] [net.minecraftforge.common.ForgeConfigSpec/CORE]: Incorrect key general.starter was corrected from null to its default, false. 
[16mai.2026 10:47:45.082] [Server thread/WARN] [net.minecraftforge.common.ForgeConfigSpec/CORE]: Incorrect key general.per_spell_limit was corrected from null to its default, 2147483647. 
[16mai.2026 10:47:45.082] [Server thread/WARN] [net.minecraftforge.common.ForgeConfigSpec/CORE]: Incorrect key general.glyph_tier was corrected from null to its default, 1. 
[16mai.2026 10:47:45.082] [Server thread/WARN] [net.minecraftforge.common.ForgeConfigSpec/CORE]: Incorrect key general.augment_limits was corrected from null to its default, []. 
[16mai.2026 10:47:45.082] [Server thread/WARN] [net.minecraftforge.common.ForgeConfigSpec/CORE]: Incorrect key general.augment_cost_overrides was corrected from null to its default, []. 
[16mai.2026 10:47:45.082] [Server thread/WARN] [net.minecraftforge.common.ForgeConfigSpec/CORE]: Incorrect key general.invalid_combos was corrected from null to its default, []. 
[16mai.2026 10:47:45.084] [Server thread/WARN] [net.minecraftforge.common.ForgeConfigSpec/CORE]: Configuration file /Users/mac407/Desktop/server-files-ModpackResenheiro/config/ars_elemental/glyph_not_fiery_filter.toml is not correct. Correcting
[16mai.2026 10:47:45.084] [Server thread/WARN] [net.minecraftforge.common.ForgeConfigSpec/CORE]: Incorrect key general was corrected from null to its default, SimpleCommentedConfig:{}. 
[16mai.2026 10:47:45.084] [Server thread/WARN] [net.minecraftforge.common.ForgeConfigSpec/CORE]: Incorrect key general.enabled was corrected from null to its default, true. 
[16mai.2026 10:47:45.085] [Server thread/WARN] [net.minecraftforge.common.ForgeConfigSpec/CORE]: Incorrect key general.cost was corrected from null to its default, 0. 
[16mai.2026 10:47:45.085] [Server thread/WARN] [net.minecraftforge.common.ForgeConfigSpec/CORE]: Incorrect key general.starter was corrected from null to its default, false. 
[16mai.2026 10:47:45.085] [Server thread/WARN] [net.minecraftforge.common.ForgeConfigSpec/CORE]: Incorrect key general.per_spell_limit was corrected from null to its default, 2147483647. 
[16mai.2026 10:47:45.085] [Server thread/WARN] [net.minecraftforge.common.ForgeConfigSpec/CORE]: Incorrect key general.glyph_tier was corrected from null to its default, 1. 
[16mai.2026 10:47:45.085] [Server thread/WARN] [net.minecraftforge.common.ForgeConfigSpec/CORE]: Incorrect key general.augment_limits was corrected from null to its default, []. 
[16mai.2026 10:47:45.085] [Server thread/WARN] [net.minecraftforge.common.ForgeConfigSpec/CORE]: Incorrect key general.augment_cost_overrides was corrected from null to its default, []. 
[16mai.2026 10:47:45.085] [Server thread/WARN] [net.minecraftforge.common.ForgeConfigSpec/CORE]: Incorrect key general.invalid_combos was corrected from null to its default, []. 
[16mai.2026 10:47:45.086] [Server thread/WARN] [net.minecraftforge.common.ForgeConfigSpec/CORE]: Configuration file /Users/mac407/Desktop/server-files-ModpackResenheiro/config/ars_elemental/glyph_aerial_filter.toml is not correct. Correcting
[16mai.2026 10:47:45.086] [Server thread/WARN] [net.minecraftforge.common.ForgeConfigSpec/CORE]: Incorrect key general was corrected from null to its default, SimpleCommentedConfig:{}. 
[16mai.2026 10:47:45.086] [Server thread/WARN] [net.minecraftforge.common.ForgeConfigSpec/CORE]: Incorrect key general.enabled was corrected from null to its default, true. 
[16mai.2026 10:47:45.086] [Server thread/WARN] [net.minecraftforge.common.ForgeConfigSpec/CORE]: Incorrect key general.cost was corrected from null to its default, 0. 
[16mai.2026 10:47:45.086] [Server thread/WARN] [net.minecraftforge.common.ForgeConfigSpec/CORE]: Incorrect key general.starter was corrected from null to its default, false. 
[16mai.2026 10:47:45.086] [Server thread/WARN] [net.minecraftforge.common.ForgeConfigSpec/CORE]: Incorrect key general.per_spell_limit was corrected from null to its default, 2147483647. 
[16mai.2026 10:47:45.086] [Server thread/WARN] [net.minecraftforge.common.ForgeConfigSpec/CORE]: Incorrect key general.glyph_tier was corrected from null to its default, 1. 
[16mai.2026 10:47:45.086] [Server thread/WARN] [net.minecraftforge.common.ForgeConfigSpec/CORE]: Incorrect key general.augment_limits was corrected from null to its default, []. 
[16mai.2026 10:47:45.086] [Server thread/WARN] [net.minecraftforge.common.ForgeConfigSpec/CORE]: Incorrect key general.augment_cost_overrides was corrected from null to its default, []. 
[16mai.2026 10:47:45.086] [Server thread/WARN] [net.minecraftforge.common.ForgeConfigSpec/CORE]: Incorrect key general.invalid_combos was corrected from null to its default, []. 
[16mai.2026 10:47:45.087] [Server thread/WARN] [net.minecraftforge.common.ForgeConfigSpec/CORE]: Configuration file /Users/mac407/Desktop/server-files-ModpackResenheiro/config/ars_elemental/glyph_not_aerial_filter.toml is not correct. Correcting
[16mai.2026 10:47:45.087] [Server thread/WARN] [net.minecraftforge.common.ForgeConfigSpec/CORE]: Incorrect key general was corrected from null to its default, SimpleCommentedConfig:{}. 
[16mai.2026 10:47:45.087] [Server thread/WARN] [net.minecraftforge.common.ForgeConfigSpec/CORE]: Incorrect key general.enabled was corrected from null to its default, true. 
[16mai.2026 10:47:45.087] [Server thread/WARN] [net.minecraftforge.common.ForgeConfigSpec/CORE]: Incorrect key general.cost was corrected from null to its default, 0. 
[16mai.2026 10:47:45.087] [Server thread/WARN] [net.minecraftforge.common.ForgeConfigSpec/CORE]: Incorrect key general.starter was corrected from null to its default, false. 
[16mai.2026 10:47:45.087] [Server thread/WARN] [net.minecraftforge.common.ForgeConfigSpec/CORE]: Incorrect key general.per_spell_limit was corrected from null to its default, 2147483647. 
[16mai.2026 10:47:45.087] [Server thread/WARN] [net.minecraftforge.common.ForgeConfigSpec/CORE]: Incorrect key general.glyph_tier was corrected from null to its default, 1. 
[16mai.2026 10:47:45.087] [Server thread/WARN] [net.minecraftforge.common.ForgeConfigSpec/CORE]: Incorrect key general.augment_limits was corrected from null to its default, []. 
[16mai.2026 10:47:45.087] [Server thread/WARN] [net.minecraftforge.common.ForgeConfigSpec/CORE]: Incorrect key general.augment_cost_overrides was corrected from null to its default, []. 
[16mai.2026 10:47:45.088] [Server thread/WARN] [net.minecraftforge.common.ForgeConfigSpec/CORE]: Incorrect key general.invalid_combos was corrected from null to its default, []. 
[16mai.2026 10:47:45.088] [Server thread/WARN] [net.minecraftforge.common.ForgeConfigSpec/CORE]: Configuration file /Users/mac407/Desktop/server-files-ModpackResenheiro/config/ars_elemental/glyph_insect_filter.toml is not correct. Correcting
[16mai.2026 10:47:45.088] [Server thread/WARN] [net.minecraftforge.common.ForgeConfigSpec/CORE]: Incorrect key general was corrected from null to its default, SimpleCommentedConfig:{}. 
[16mai.2026 10:47:45.088] [Server thread/WARN] [net.minecraftforge.common.ForgeConfigSpec/CORE]: Incorrect key general.enabled was corrected from null to its default, true. 
[16mai.2026 10:47:45.088] [Server thread/WARN] [net.minecraftforge.common.ForgeConfigSpec/CORE]: Incorrect key general.cost was corrected from null to its default, 0. 
[16mai.2026 10:47:45.088] [Server thread/WARN] [net.minecraftforge.common.ForgeConfigSpec/CORE]: Incorrect key general.starter was corrected from null to its default, false. 
[16mai.2026 10:47:45.089] [Server thread/WARN] [net.minecraftforge.common.ForgeConfigSpec/CORE]: Incorrect key general.per_spell_limit was corrected from null to its default, 2147483647. 
[16mai.2026 10:47:45.089] [Server thread/WARN] [net.minecraftforge.common.ForgeConfigSpec/CORE]: Incorrect key general.glyph_tier was corrected from null to its default, 1. 
[16mai.2026 10:47:45.089] [Server thread/WARN] [net.minecraftforge.common.ForgeConfigSpec/CORE]: Incorrect key general.augment_limits was corrected from null to its default, []. 
[16mai.2026 10:47:45.089] [Server thread/WARN] [net.minecraftforge.common.ForgeConfigSpec/CORE]: Incorrect key general.augment_cost_overrides was corrected from null to its default, []. 
[16mai.2026 10:47:45.089] [Server thread/WARN] [net.minecraftforge.common.ForgeConfigSpec/CORE]: Incorrect key general.invalid_combos was corrected from null to its default, []. 
[16mai.2026 10:47:45.090] [Server thread/WARN] [net.minecraftforge.common.ForgeConfigSpec/CORE]: Configuration file /Users/mac407/Desktop/server-files-ModpackResenheiro/config/ars_elemental/glyph_not_insect_filter.toml is not correct. Correcting
[16mai.2026 10:47:45.090] [Server thread/WARN] [net.minecraftforge.common.ForgeConfigSpec/CORE]: Incorrect key general was corrected from null to its default, SimpleCommentedConfig:{}. 
[16mai.2026 10:47:45.090] [Server thread/WARN] [net.minecraftforge.common.ForgeConfigSpec/CORE]: Incorrect key general.enabled was corrected from null to its default, true. 
[16mai.2026 10:47:45.090] [Server thread/WARN] [net.minecraftforge.common.ForgeConfigSpec/CORE]: Incorrect key general.cost was corrected from null to its default, 0. 
[16mai.2026 10:47:45.090] [Server thread/WARN] [net.minecraftforge.common.ForgeConfigSpec/CORE]: Incorrect key general.starter was corrected from null to its default, false. 
[16mai.2026 10:47:45.090] [Server thread/WARN] [net.minecraftforge.common.ForgeConfigSpec/CORE]: Incorrect key general.per_spell_limit was corrected from null to its default, 2147483647. 
[16mai.2026 10:47:45.090] [Server thread/WARN] [net.minecraftforge.common.ForgeConfigSpec/CORE]: Incorrect key general.glyph_tier was corrected from null to its default, 1. 
[16mai.2026 10:47:45.090] [Server thread/WARN] [net.minecraftforge.common.ForgeConfigSpec/CORE]: Incorrect key general.augment_limits was corrected from null to its default, []. 
[16mai.2026 10:47:45.090] [Server thread/WARN] [net.minecraftforge.common.ForgeConfigSpec/CORE]: Incorrect key general.augment_cost_overrides was corrected from null to its default, []. 
[16mai.2026 10:47:45.090] [Server thread/WARN] [net.minecraftforge.common.ForgeConfigSpec/CORE]: Incorrect key general.invalid_combos was corrected from null to its default, []. 
[16mai.2026 10:47:45.091] [Server thread/WARN] [net.minecraftforge.common.ForgeConfigSpec/CORE]: Configuration file /Users/mac407/Desktop/server-files-ModpackResenheiro/config/ars_elemental/glyph_undead_filter.toml is not correct. Correcting
[16mai.2026 10:47:45.091] [Server thread/WARN] [net.minecraftforge.common.ForgeConfigSpec/CORE]: Incorrect key general was corrected from null to its default, SimpleCommentedConfig:{}. 
[16mai.2026 10:47:45.091] [Server thread/WARN] [net.minecraftforge.common.ForgeConfigSpec/CORE]: Incorrect key general.enabled was corrected from null to its default, true. 
[16mai.2026 10:47:45.091] [Server thread/WARN] [net.minecraftforge.common.ForgeConfigSpec/CORE]: Incorrect key general.cost was corrected from null to its default, 0. 
[16mai.2026 10:47:45.091] [Server thread/WARN] [net.minecraftforge.common.ForgeConfigSpec/CORE]: Incorrect key general.starter was corrected from null to its default, false. 
[16mai.2026 10:47:45.092] [Server thread/WARN] [net.minecraftforge.common.ForgeConfigSpec/CORE]: Incorrect key general.per_spell_limit was corrected from null to its default, 2147483647. 
[16mai.2026 10:47:45.092] [Server thread/WARN] [net.minecraftforge.common.ForgeConfigSpec/CORE]: Incorrect key general.glyph_tier was corrected from null to its default, 1. 
[16mai.2026 10:47:45.092] [Server thread/WARN] [net.minecraftforge.common.ForgeConfigSpec/CORE]: Incorrect key general.augment_limits was corrected from null to its default, []. 
[16mai.2026 10:47:45.092] [Server thread/WARN] [net.minecraftforge.common.ForgeConfigSpec/CORE]: Incorrect key general.augment_cost_overrides was corrected from null to its default, []. 
[16mai.2026 10:47:45.092] [Server thread/WARN] [net.minecraftforge.common.ForgeConfigSpec/CORE]: Incorrect key general.invalid_combos was corrected from null to its default, []. 
[16mai.2026 10:47:45.093] [Server thread/WARN] [net.minecraftforge.common.ForgeConfigSpec/CORE]: Configuration file /Users/mac407/Desktop/server-files-ModpackResenheiro/config/ars_elemental/glyph_not_undead_filter.toml is not correct. Correcting
[16mai.2026 10:47:45.094] [Server thread/WARN] [net.minecraftforge.common.ForgeConfigSpec/CORE]: Incorrect key general was corrected from null to its default, SimpleCommentedConfig:{}. 
[16mai.2026 10:47:45.094] [Server thread/WARN] [net.minecraftforge.common.ForgeConfigSpec/CORE]: Incorrect key general.enabled was corrected from null to its default, true. 
[16mai.2026 10:47:45.094] [Server thread/WARN] [net.minecraftforge.common.ForgeConfigSpec/CORE]: Incorrect key general.cost was corrected from null to its default, 0. 
[16mai.2026 10:47:45.094] [Server thread/WARN] [net.minecraftforge.common.ForgeConfigSpec/CORE]: Incorrect key general.starter was corrected from null to its default, false. 
[16mai.2026 10:47:45.094] [Server thread/WARN] [net.minecraftforge.common.ForgeConfigSpec/CORE]: Incorrect key general.per_spell_limit was corrected from null to its default, 2147483647. 
[16mai.2026 10:47:45.094] [Server thread/WARN] [net.minecraftforge.common.ForgeConfigSpec/CORE]: Incorrect key general.glyph_tier was corrected from null to its default, 1. 
[16mai.2026 10:47:45.094] [Server thread/WARN] [net.minecraftforge.common.ForgeConfigSpec/CORE]: Incorrect key general.augment_limits was corrected from null to its default, []. 
[16mai.2026 10:47:45.095] [Server thread/WARN] [net.minecraftforge.common.ForgeConfigSpec/CORE]: Incorrect key general.augment_cost_overrides was corrected from null to its default, []. 
[16mai.2026 10:47:45.096] [Server thread/WARN] [net.minecraftforge.common.ForgeConfigSpec/CORE]: Incorrect key general.invalid_combos was corrected from null to its default, []. 
[16mai.2026 10:47:45.098] [Server thread/WARN] [net.minecraftforge.common.ForgeConfigSpec/CORE]: Configuration file /Users/mac407/Desktop/server-files-ModpackResenheiro/config/ars_elemental/glyph_summon_filter.toml is not correct. Correcting
[16mai.2026 10:47:45.098] [Server thread/WARN] [net.minecraftforge.common.ForgeConfigSpec/CORE]: Incorrect key general was corrected from null to its default, SimpleCommentedConfig:{}. 
[16mai.2026 10:47:45.098] [Server thread/WARN] [net.minecraftforge.common.ForgeConfigSpec/CORE]: Incorrect key general.enabled was corrected from null to its default, true. 
[16mai.2026 10:47:45.098] [Server thread/WARN] [net.minecraftforge.common.ForgeConfigSpec/CORE]: Incorrect key general.cost was corrected from null to its default, 0. 
[16mai.2026 10:47:45.099] [Server thread/WARN] [net.minecraftforge.common.ForgeConfigSpec/CORE]: Incorrect key general.starter was corrected from null to its default, false. 
[16mai.2026 10:47:45.099] [Server thread/WARN] [net.minecraftforge.common.ForgeConfigSpec/CORE]: Incorrect key general.per_spell_limit was corrected from null to its default, 2147483647. 
[16mai.2026 10:47:45.099] [Server thread/WARN] [net.minecraftforge.common.ForgeConfigSpec/CORE]: Incorrect key general.glyph_tier was corrected from null to its default, 1. 
[16mai.2026 10:47:45.099] [Server thread/WARN] [net.minecraftforge.common.ForgeConfigSpec/CORE]: Incorrect key general.augment_limits was corrected from null to its default, []. 
[16mai.2026 10:47:45.099] [Server thread/WARN] [net.minecraftforge.common.ForgeConfigSpec/CORE]: Incorrect key general.augment_cost_overrides was corrected from null to its default, []. 
[16mai.2026 10:47:45.099] [Server thread/WARN] [net.minecraftforge.common.ForgeConfigSpec/CORE]: Incorrect key general.invalid_combos was corrected from null to its default, []. 
[16mai.2026 10:47:45.100] [Server thread/WARN] [net.minecraftforge.common.ForgeConfigSpec/CORE]: Configuration file /Users/mac407/Desktop/server-files-ModpackResenheiro/config/ars_elemental/glyph_not_summon_filter.toml is not correct. Correcting
[16mai.2026 10:47:45.100] [Server thread/WARN] [net.minecraftforge.common.ForgeConfigSpec/CORE]: Incorrect key general was corrected from null to its default, SimpleCommentedConfig:{}. 
[16mai.2026 10:47:45.100] [Server thread/WARN] [net.minecraftforge.common.ForgeConfigSpec/CORE]: Incorrect key general.enabled was corrected from null to its default, true. 
[16mai.2026 10:47:45.101] [Server thread/WARN] [net.minecraftforge.common.ForgeConfigSpec/CORE]: Incorrect key general.cost was corrected from null to its default, 0. 
[16mai.2026 10:47:45.101] [Server thread/WARN] [net.minecraftforge.common.ForgeConfigSpec/CORE]: Incorrect key general.starter was corrected from null to its default, false. 
[16mai.2026 10:47:45.101] [Server thread/WARN] [net.minecraftforge.common.ForgeConfigSpec/CORE]: Incorrect key general.per_spell_limit was corrected from null to its default, 2147483647. 
[16mai.2026 10:47:45.101] [Server thread/WARN] [net.minecraftforge.common.ForgeConfigSpec/CORE]: Incorrect key general.glyph_tier was corrected from null to its default, 1. 
[16mai.2026 10:47:45.101] [Server thread/WARN] [net.minecraftforge.common.ForgeConfigSpec/CORE]: Incorrect key general.augment_limits was corrected from null to its default, []. 
[16mai.2026 10:47:45.101] [Server thread/WARN] [net.minecraftforge.common.ForgeConfigSpec/CORE]: Incorrect key general.augment_cost_overrides was corrected from null to its default, []. 
[16mai.2026 10:47:45.101] [Server thread/WARN] [net.minecraftforge.common.ForgeConfigSpec/CORE]: Incorrect key general.invalid_combos was corrected from null to its default, []. 
[16mai.2026 10:47:45.201] [Forge Version Check/INFO] [net.minecraftforge.fml.VersionChecker/]: [moonlight] Found status: OUTDATED Current: 1.20-2.16.30 Target: 1.20-2.16.32-forge
[16mai.2026 10:47:45.201] [Forge Version Check/INFO] [net.minecraftforge.fml.VersionChecker/]: [silentlib] Starting version check at https://raw.githubusercontent.com/SilentChaos512/SilentLib/1.20.x/update.json
[16mai.2026 10:47:45.218] [Forge Version Check/INFO] [net.minecraftforge.fml.VersionChecker/]: [silentlib] Found status: BETA Current: 8.0.0 Target: null
[16mai.2026 10:47:45.391] [Server thread/INFO] [terrablender/]: Initialized TerraBlender biomes for level stem minecraft:the_nether
[16mai.2026 10:47:45.457] [Botania Contributor Fanciness Thread/INFO] [mixin/]: Mixing MixinEnchantmentHelper from enigmaticlegacy.mixins.json into net.minecraft.world.item.enchantment.EnchantmentHelper
[16mai.2026 10:47:45.500] [Server thread/INFO] [terrablender/]: Initialized TerraBlender biomes for level stem minecraft:overworld
[16mai.2026 10:47:45.501] [Server thread/INFO] [net.minecraft.server.dedicated.DedicatedServer/]: Preparing level "world"
[16mai.2026 10:47:45.507] [Server thread/INFO] [STDOUT/]: [net.minecraft.server.MinecraftServer:handler$bhb003$bountifulbaubles$init:4862]: LoadLevel---
[16mai.2026 10:47:45.520] [Server thread/INFO] [mixin/]: Mixing MixinPhantomSpawner from enigmaticlegacy.mixins.json into net.minecraft.world.level.levelgen.PhantomSpawner
[16mai.2026 10:47:45.791] [Server thread/WARN] [mixin/]: Method overwrite conflict for m_140184_ in lithium.mixins.json:world.player_chunk_tick.ThreadedAnvilChunkStorageMixin from mod radium, previously written by me.steinborn.krypton.mixin.shared.network.flushconsolidation.ThreadedAnvilChunkStorageMixin. Skipping method.
[16mai.2026 10:47:46.464] [Server thread/INFO] [com.cupboard.Cupboard/]: Loaded config for: connectivity.json
[16mai.2026 10:47:46.669] [Server thread/WARN] [com.structureessentials.StructureEssentials/]: Non-unique structure_set salt:0 potentially creating overlapping structures detected. Structure sets: [minecraft:mineshafts, minecraft:strongholds, minecraft:buried_treasures]
[16mai.2026 10:47:46.669] [Server thread/WARN] [com.structureessentials.StructureEssentials/]: Non-unique structure_set salt:2358902 potentially creating overlapping structures detected. Structure sets: [terralith:mage, terralith:regular]
[16mai.2026 10:47:46.669] [Server thread/WARN] [com.structureessentials.StructureEssentials/]: Non-unique structure_set salt:10387313 potentially creating overlapping structures detected. Structure sets: [minecraft:ocean_monuments, minecraft:end_cities]
[16mai.2026 10:47:46.669] [Server thread/WARN] [com.structureessentials.StructureEssentials/]: Non-unique structure_set salt:783 potentially creating overlapping structures detected. Structure sets: [nova_structures:taverns, nova_structures:badlands_miner_outpost]
[16mai.2026 10:47:46.669] [Server thread/WARN] [com.structureessentials.StructureEssentials/]: Non-unique structure_set salt:10387312 potentially creating overlapping structures detected. Structure sets: [minecraft:villages, nova_structures:villages_jungle, nova_structures:villages_swamp]
[16mai.2026 10:47:46.669] [Server thread/WARN] [com.structureessentials.StructureEssentials/]: Non-unique structure_set salt:4533232 potentially creating overlapping structures detected. Structure sets: [nova_structures:illager_camp, nova_structures:nether_camps]
[16mai.2026 10:47:46.669] [Server thread/WARN] [com.structureessentials.StructureEssentials/]: Non-unique structure_set salt:239021 potentially creating overlapping structures detected. Structure sets: [nova_structures:desert_ruins, nova_structures:jungle_ruins]
[16mai.2026 10:47:46.674] [Server thread/INFO] [net.minecraft.server.MinecraftServer/]: Preparing start region for dimension minecraft:overworld
[16mai.2026 10:47:46.676] [Server thread/WARN] [mixin/]: Method overwrite conflict for removeIf in lithium.mixins.json:world.chunk_tickets.SortedArraySetMixin from mod radium, previously written by org.embeddedt.modernfix.common.mixin.bugfix.paper_chunk_patches.SortedArraySetMixin. Skipping method.
[16mai.2026 10:47:46.677] [Server thread/INFO] [KubeJS Server/]: Server resource reload complete!
[16mai.2026 10:47:47.823] [Server thread/INFO] [net.minecraft.server.level.progress.LoggerChunkProgressListener/]: Preparing spawn area: 0%
[16mai.2026 10:47:47.824] [Server thread/INFO] [net.minecraft.server.level.progress.LoggerChunkProgressListener/]: Preparing spawn area: 0%
[16mai.2026 10:47:47.824] [Server thread/INFO] [net.minecraft.server.level.progress.LoggerChunkProgressListener/]: Preparing spawn area: 0%
[16mai.2026 10:47:47.966] [Server thread/INFO] [STDOUT/]: [earth.terrarium.botarium.common.energy.EnergyApi:finalizeBlockRegistration:39]: Finalizing energy block registration
[16mai.2026 10:47:47.966] [Server thread/INFO] [STDOUT/]: [earth.terrarium.botarium.common.fluid.FluidApi:finalizeBlockRegistration:42]: Finalizing fluid block registration
[16mai.2026 10:47:48.231] [Server thread/ERROR] [net.minecraftforge.fml.loading.RuntimeDistCleaner/DISTXFORM]: Attempted to load class net/minecraft/client/renderer/RenderType for invalid dist DEDICATED_SERVER
[16mai.2026 10:47:48.232] [Server thread/WARN] [Radium Class Analysis/]: Radium Class Analysis Error: Class net.darkhax.botanypots.block.BlockBotanyPot cannot be analysed, because getting declared methods crashes with RuntimeException: Attempted to load class net/minecraft/client/renderer/RenderType for invalid dist DEDICATED_SERVER. This is usually caused by modded entities declaring methods that have a return type or parameter type that is annotated with @OnlyIn(Dist.CLIENT). Loading the type is not possible, because it only exists in the CLIENT environment. The recommended fix is to annotate the method with this argument or return type with the same annotation. Lithium handles this error by assuming the class cannot be included in some optimizations.
[16mai.2026 10:47:48.237] [Server thread/INFO] [net.minecraft.server.level.progress.LoggerChunkProgressListener/]: Preparing spawn area: 100%
[16mai.2026 10:47:48.326] [Server thread/INFO] [FluxNetworks/]: Load 2 chunks by 2 flux devices in minecraft:overworld
[16mai.2026 10:47:48.326] [Server thread/INFO] [net.minecraft.server.level.progress.LoggerChunkProgressListener/]: Time elapsed: 1652 ms
[16mai.2026 10:47:48.327] [Server thread/INFO] [net.minecraft.server.dedicated.DedicatedServer/]: Done (3.339s)! For help, type "help"
[16mai.2026 10:47:48.339] [LanServerPinger #1/WARN] [net.minecraft.client.server.LanServerPinger/]: LanServerPinger: No route to host
[16mai.2026 10:47:48.417] [Server thread/INFO] [net.minecraftforge.server.permission.PermissionAPI/]: Successfully initialized permission handler forge:default_handler
[16mai.2026 10:47:48.450] [Server thread/INFO] [Observable/]: Registered thread Server thread
[16mai.2026 10:47:48.465] [Server thread/INFO] [com.github.alexthe666.iceandfire.IceAndFire/]: {iceandfire:fire_dragon_roost=true, iceandfire:fire_lily=true, iceandfire:spawn_dragon_skeleton_fire=true, iceandfire:lightning_dragon_roost=true, iceandfire:spawn_dragon_skeleton_lightning=true, iceandfire:ice_dragon_roost=true, iceandfire:ice_dragon_cave=true, iceandfire:lightning_dragon_cave=true, iceandfire:cyclops_cave=true, iceandfire:spawn_wandering_cyclops=true, iceandfire:spawn_sea_serpent=true, iceandfire:frost_lily=true, iceandfire:hydra_cave=true, iceandfire:lightning_lily=true, iceandfire:pixie_village=true, iceandfire:myrmex_hive_jungle=true, iceandfire:myrmex_hive_desert=true, iceandfire:silver_ore=true, iceandfire:siren_island=true, iceandfire:spawn_dragon_skeleton_ice=true, iceandfire:spawn_stymphalian_bird=true, iceandfire:fire_dragon_cave=true, iceandfire:sapphire_ore=true, iceandfire:spawn_hippocampus=true, iceandfire:spawn_death_worm=true}
[16mai.2026 10:47:48.465] [Server thread/INFO] [com.github.alexthe666.iceandfire.IceAndFire/]: {TROLL_S=true, HIPPOGRYPH=true, AMPHITHERE=true, COCKATRICE=true, TROLL_M=true, DREAD_LICH=true, TROLL_F=true}
[16mai.2026 10:47:48.606] [Server thread/INFO] [Silent Gear/TraitManager]: Traits loaded: 163
[16mai.2026 10:47:48.607] [Server thread/INFO] [Silent Gear/PartManager]: Parts loaded: 45
[16mai.2026 10:47:48.607] [Server thread/INFO] [Silent Gear/PartManager]: - Compound: 41
[16mai.2026 10:47:48.607] [Server thread/INFO] [Silent Gear/PartManager]: - Simple: 4
[16mai.2026 10:47:48.607] [Server thread/INFO] [Silent Gear/MaterialManager]: Materials loaded: 333
[16mai.2026 10:47:48.608] [Server thread/INFO] [Silent Gear/MaterialManager]: - Standard: 327
[16mai.2026 10:47:48.612] [Server thread/INFO] [patchouli/]: Sending reload packet to clients
[16mai.2026 10:47:48.613] [Server thread/WARN] [ModernFix/]: Dedicated server took 37.134 seconds to load
[16mai.2026 10:47:48.771] [Server thread/INFO] [fastsuite/]: Constructed recipe list for enderio:alloy_smelting in 218.5 μs. 0/345 recipes are parallelized.
[16mai.2026 10:47:49.116] [Server thread/INFO] [de.melanx.simplebackups.SimpleBackups/]: Backup done.
[16mai.2026 10:47:49.118] [SimpleBackups/INFO] [de.melanx.simplebackups.SimpleBackups/]: Backup started...
[16mai.2026 10:48:10.708] [SimpleBackups/INFO] [de.melanx.simplebackups.SimpleBackups/]: Backup completed in 21.584s (750,3 MB | 750,3 MB)
[16mai.2026 10:48:25.025] [Server thread/INFO] [net.minecraft.server.MinecraftServer/]: There are 0 of a max of 10 players online: 
[16mai.2026 10:54:39.897] [Server thread/INFO] [net.minecraft.server.MinecraftServer/]: Stopping the server
[16mai.2026 10:54:39.972] [Server thread/INFO] [AllTheLeaks/]: Method invalidateAll at mixin dev.uncandango.alltheleaks.mixin.core.main.FakeLevelManagerMixin cancelled due to not matching hash: Actual -2034214357, Expected: [-1241170928]
[16mai.2026 10:54:39.972] [Server thread/INFO] [AllTheLeaks/]: Mixin annotation @Lcom/llamalad7/mixinextras/injector/wrapoperation/WrapOperation;(at={@Lorg/spongepowered/asm/mixin/injection/At;(args={}, value="INVOKE", target="Ljava/util/Map;values()Ljava/util/Collection;")}, method={}, slice={}) at mixin dev.uncandango.alltheleaks.mixin.core.main.FakeLevelManagerMixin removed due to no methods available
[16mai.2026 10:54:39.972] [Server thread/WARN] [mixinsquared-annotation-adjuster/]: Modified mixin "dev.uncandango.alltheleaks.mixin.core.main.FakeLevelManagerMixin". Check debug logs for more information.
[16mai.2026 10:54:39.997] [Server thread/INFO] [net.minecraft.server.MinecraftServer/]: Stopping server
[16mai.2026 10:54:40.000] [Server thread/INFO] [net.minecraft.server.MinecraftServer/]: Saving players
[16mai.2026 10:54:40.000] [Server thread/INFO] [net.minecraft.server.MinecraftServer/]: Saving worlds
[16mai.2026 10:54:40.132] [Server thread/INFO] [net.minecraft.server.MinecraftServer/]: Saving chunks for level 'ServerLevel[New World]'/minecraft:overworld
[16mai.2026 10:54:40.206] [Server thread/INFO] [net.minecraft.server.MinecraftServer/]: Saving chunks for level 'ServerLevel[New World]'/irons_spellbooks:pocket_dimension
[16mai.2026 10:54:40.207] [Server thread/INFO] [net.minecraft.server.MinecraftServer/]: Saving chunks for level 'ServerLevel[New World]'/minecraft:the_nether
[16mai.2026 10:54:40.208] [Server thread/INFO] [net.minecraft.server.MinecraftServer/]: Saving chunks for level 'ServerLevel[New World]'/allthemodium:the_beyond
[16mai.2026 10:54:40.209] [Server thread/INFO] [net.minecraft.server.MinecraftServer/]: Saving chunks for level 'ServerLevel[New World]'/allthemodium:mining
[16mai.2026 10:54:40.210] [Server thread/INFO] [net.minecraft.server.MinecraftServer/]: Saving chunks for level 'ServerLevel[New World]'/minecraft:the_end
[16mai.2026 10:54:40.211] [Server thread/INFO] [net.minecraft.server.MinecraftServer/]: Saving chunks for level 'ServerLevel[New World]'/allthemodium:the_other
[16mai.2026 10:54:40.212] [Server thread/INFO] [net.minecraft.server.MinecraftServer/]: Saving chunks for level 'ServerLevel[New World]'/ae2:spatial_storage
[16mai.2026 10:54:40.415] [Server thread/INFO] [net.minecraft.server.MinecraftServer/]: ThreadedAnvilChunkStorage (world): All chunks are saved
[16mai.2026 10:54:40.415] [Server thread/INFO] [net.minecraft.server.MinecraftServer/]: ThreadedAnvilChunkStorage (pocket_dimension): All chunks are saved
[16mai.2026 10:54:40.415] [Server thread/INFO] [net.minecraft.server.MinecraftServer/]: ThreadedAnvilChunkStorage (DIM-1): All chunks are saved
[16mai.2026 10:54:40.415] [Server thread/INFO] [net.minecraft.server.MinecraftServer/]: ThreadedAnvilChunkStorage (the_beyond): All chunks are saved
[16mai.2026 10:54:40.415] [Server thread/INFO] [net.minecraft.server.MinecraftServer/]: ThreadedAnvilChunkStorage (mining): All chunks are saved
[16mai.2026 10:54:40.415] [Server thread/INFO] [net.minecraft.server.MinecraftServer/]: ThreadedAnvilChunkStorage (DIM1): All chunks are saved
[16mai.2026 10:54:40.415] [Server thread/INFO] [net.minecraft.server.MinecraftServer/]: ThreadedAnvilChunkStorage (the_other): All chunks are saved
[16mai.2026 10:54:40.415] [Server thread/INFO] [net.minecraft.server.MinecraftServer/]: ThreadedAnvilChunkStorage (spatial_storage): All chunks are saved
[16mai.2026 10:54:40.415] [Server thread/INFO] [net.minecraft.server.MinecraftServer/]: ThreadedAnvilChunkStorage: All dimensions are saved
[16mai.2026 10:54:41.308] [Server thread/INFO] [FluxNetworks/Energy]: Energy blacklist loaded: 1 block entries, 0 item entries
